player_id,player_name,team,performance_score,P_score,S_score,C_score,D_score,L_score,total_games,total_minutes_played,radar_area,radar_area_normalized,radar_area_percentile,is_elite,is_P_specialist,is_S_specialist,is_C_specialist,is_D_specialist,is_all_rounder
4633.0,Magdalena Lilly Eriksson,Chelsea FCW,52.26123163393718,69.28133741604981,55.39232195591231,35.5913890817904,46.93134835888573,45.88269302811428,54,4919,6092.300038074276,25.623293395041834,53.417721518987335,False,True,False,False,False,False
4635.0,Julia Spetsmark,Manchester City WFC,41.04910714285714,35.44642857142857,38.75,28.571428571428573,50.892857142857146,66.07142857142857,1,49,4583.775490794067,19.27866709183674,7.59493670886076,False,False,False,False,False,False
4636.0,Maria Thorisdottir,"Chelsea FCW, Manchester United",54.001331436356935,61.64338745697408,45.79445345597105,69.02307472005062,50.45876798725421,32.45502666659692,15,790,6231.7488330631095,26.209793955627052,56.9620253164557,False,False,False,False,False,False
4637.0,Ellie Roebuck,Manchester City WFC,45.707227568267776,64.11926737966685,39.15144790392488,30.257998799985828,34.51096046390557,69.35756894591553,52,4772,5506.613448073136,23.159984096525335,30.886075949367086,False,False,False,False,False,False
4638.0,Drew Spence,Chelsea FCW,54.42486047317159,59.30726417925381,61.17912990589201,46.06564076590313,58.99874427368345,32.903849439678105,37,2100,6209.048879029325,26.11432137899318,55.949367088607595,False,False,False,False,False,False
4640.0,Rut Hedvig Lindahl,Chelsea FCW,46.61252587564681,60.12104030981472,39.472651647380495,35.60756287979715,38.34592271230015,69.23405767928544,10,922,5687.952349690215,23.922668115866205,37.9746835443038,False,False,False,False,False,False
4641.0,Francesca Kirby,Chelsea FCW,62.95246387903155,54.145532428190776,77.7911787070825,69.86469540666937,51.00006973755745,57.953330663678585,38,2704,9179.380646351156,38.60708796616836,98.48101265822785,True,False,True,False,False,True
4642.0,Millie Bright,Chelsea FCW,54.19532158288225,69.24693716111513,50.000432569272846,44.67407305492775,54.92758732749496,44.63147073800722,53,4827,6510.947411624177,27.384060989298987,64.55696202531645,False,True,False,False,False,False
4643.0,Georgia Stanway,Manchester City WFC,58.03881157341307,52.23776274508202,69.16945268402176,71.01171671313959,57.29880065998531,20.249042415121423,54,3810,7043.522541816334,29.623991513162302,77.72151898734178,False,False,True,True,False,True
4645.0,Isobel Mary Christiansen,"Everton LFC, Manchester City WFC",57.8832403309458,65.47825322302212,60.66252710897021,52.63430685778508,56.09001359503848,46.031811573830055,23,2052,7472.105299807603,31.426545833112986,87.84810126582279,False,True,False,False,False,True
4646.0,Claire Emslie,"Everton LFC, Manchester City WFC",54.98270676946005,48.46995848325288,59.236750584989935,65.79341374930223,48.25011866482773,52.47323019573362,34,2044,7141.647806856816,30.036691550896045,81.0126582278481,False,False,False,False,False,True
4647.0,So-Yun Ji,Chelsea FCW,64.93201272130598,70.17596345814636,62.76448205064317,71.81519734463717,65.28535798040886,42.76790279099382,50,3922,9222.337574660967,38.78775831571667,98.9873417721519,True,True,False,True,True,True
4648.0,Abbie McManus,"Tottenham Hotspur Women, Manchester City WFC, Manchester United",53.72383346045969,66.90963553022382,41.89363231282781,48.13987104259022,58.71868383355467,51.51305524467789,39,3382,6713.531795962466,28.236100298708095,70.12658227848101,False,True,False,False,False,False
4649.0,Esme Beth Morgan,"Manchester City WFC, Everton LFC",52.81395466047034,62.89569107359917,46.545970678240295,51.9761066581315,52.48171559768388,45.61974771347403,30,2487,6342.644772771773,26.67620552132731,59.24050632911393,False,False,False,False,False,False
4650.0,Nadia Nadim,Manchester City WFC,44.57044227574752,38.02637043189368,50.86724806201551,55.394518272425245,35.41735880398672,41.84662236987819,4,258,4654.167704020442,19.574726104188976,9.113924050632912,False,False,False,False,False,False
4651.0,Demi Stokes,Manchester City WFC,54.98901453534697,62.90758549289662,44.30549646049288,54.46105567833504,59.1878881640544,54.559552785216994,36,2945,7173.336749934749,30.169970457185975,82.02531645569621,False,False,False,False,False,True
4653.0,Jane Ross,"West Ham United LFC, Manchester United, Manchester City WFC",52.58267868765346,43.00587761802944,65.03763281546676,55.73599791263999,44.93395090124905,54.378113165016096,42,2679,6518.721295373863,27.41675676969264,64.81012658227849,False,False,True,False,False,False
4654.0,Nikita Parris,Manchester City WFC,57.61750354607096,46.77700709628888,81.697440666424,59.7112305533253,47.6382571593189,40.28994062863902,20,1741,7298.569777846715,30.69668164949161,85.0632911392405,False,False,True,False,False,True
4657.0,Anita Amma Ankyewah Asante,"Aston Villa, Chelsea FCW",49.430492840034105,52.14091170973544,44.11859716411448,50.51068203565721,54.1978313297245,44.23912948495279,22,1886,5692.4285460123,23.941494321229996,38.22784810126582,False,False,False,False,False,False
4658.0,Keira Walsh,Manchester City WFC,57.267720492494206,68.15032809255466,47.4589482053542,61.3826301982304,58.95737660733239,42.97400056904427,54,5019,7241.716833569424,30.45756675651443,83.79746835443038,False,True,False,False,False,True
4659.0,Ramona Bachmann,Chelsea FCW,58.62762158477934,50.5302209496294,63.50169551783635,79.30827494883835,52.91673767963908,36.74639942217407,29,1775,7724.0069594027445,32.48600615026186,91.39240506329114,True,False,False,True,False,True
4660.0,Erin Cuthbert,Chelsea FCW,59.13704953948768,51.890503744957215,62.57092471625171,69.28342351678795,67.15641494980656,32.33724730866539,52,3753,7648.606055211998,32.168881340541944,90.37974683544304,True,False,False,False,True,True
4841.0,Destiney Toussaint,Birmingham City WFC,33.131019585253455,14.701804915514591,38.16666666666667,33.09907834101383,65.0725806451613,2.795698924731182,2,62,1997.8216474809576,8.402535972366747,0.5063291139240507,False,False,False,False,True,False
4846.0,Lucia Leon,Tottenham Hotspur Women,50.52785414281636,38.97582386273571,51.60464277549777,60.0700890049408,56.75348697326556,45.18022287616709,10,403,6108.392326882058,25.690975130173495,54.177215189873415,False,False,False,False,False,False
4848.0,Ashleigh Neville,Tottenham Hotspur Women,56.51942999136708,61.240293275229305,48.10799946167624,62.30872883087868,64.11460073022053,38.97690894920837,25,2202,7049.488563746726,29.64908369991744,77.9746835443038,False,False,False,False,True,True
4852.0,Coral-Jade Haines,Tottenham Hotspur Women,44.01488381410256,43.9273695054945,51.02003205128205,43.25320512820512,40.607200091575095,35.05952380952381,3,120,4359.685403563427,18.336178045639635,5.3164556962025316,False,False,False,False,False,False
4858.0,Jenna Schillaci,Tottenham Hotspur Women,49.95112677177895,70.26288023570632,39.55138158942506,45.5048574613792,48.62114787386527,36.72360248447205,3,276,5305.526868139402,22.314244326118974,25.82278481012658,False,True,False,False,False,False
4865.0,Josie Green,Tottenham Hotspur Women,48.66345910302429,51.510957611507294,49.89034956111897,50.822009469543104,54.03349084615153,23.42032246728802,28,2190,4909.069894424832,20.646806200532197,14.683544303797468,False,False,False,False,False,False
4949.0,Rosemary Kathleen Lavelle,Manchester City WFC,55.8973704879925,52.83728361941736,62.231109830740685,63.46121478130245,47.50156144750984,49.37716879690532,15,510,7231.044140157063,30.412679020698537,83.29113924050633,False,False,False,False,False,True
4961.0,Samantha May Kerr,Chelsea FCW,55.22060339916916,41.97822643314432,81.64497990916968,53.936845559211015,40.46178394237953,54.35075913272546,26,1860,6892.326671399162,28.98808452834438,75.69620253164557,False,False,True,False,False,False
4984.0,Rachel Corsie,Birmingham City WFC,49.98443719022938,57.772263503984206,49.55277055819154,36.659854231517016,47.54748997652795,63.117098330764506,7,652,6215.12311636081,26.13986870337363,56.45569620253165,False,False,False,False,False,False
4989.0,Rebekah Ashley Stott,Brighton & Hove Albion WFC,51.96517158938852,68.14853484575062,45.17413975128592,43.52201721111234,43.88595643207013,61.52908211492898,7,431,6585.118119413271,27.696011778839974,65.82278481012658,False,True,False,False,False,False
4992.0,Janine Elizabeth Beckie,Manchester City WFC,60.27239029502258,55.93225610938784,63.46379474037506,64.51491836611811,57.18784776771627,60.828243558149794,35,2170,8661.46253204436,36.428802636399105,97.21518987341771,True,False,False,False,False,True
5000.0,Stephanie-Elise Catley,Arsenal WFC,61.57618157544705,63.004256761228106,45.94461686268674,86.91506217945557,49.68070989013798,70.19808755549616,6,203,9090.32030479984,38.23251362689249,97.9746835443038,True,False,False,True,False,True
5013.0,Tobin Powell Heath,Manchester United,61.26985516115307,58.74809082918056,71.30972856407524,61.0304655081651,63.093501565887735,39.30606898028542,8,593,8170.106234256031,34.36223229333512,95.69620253164557,True,False,True,False,False,True
5016.0,Jessica Fishlock,Reading WFC,59.58990833364854,62.362194026236885,54.16773885983678,60.73604426653058,67.80944428711815,47.48327401400378,19,1654,8068.481118775675,33.93481241348933,94.43037974683544,True,False,False,False,True,True
5058.0,Rachel Daly,West Ham United LFC,63.16513854828036,63.00997437793816,61.90300320857179,77.42584096046069,60.2413097063019,44.03464018300362,9,804,8932.778708437547,37.569917477607916,97.46835443037975,True,False,False,True,False,True
5066.0,Lydia Grace Yilkari Williams,Arsenal WFC,48.02056640381781,69.61389168292985,41.2947762269788,31.96760838607727,36.17051829893391,66.65774089338412,9,823,5897.701212408166,24.80484013876566,45.822784810126585,False,True,False,False,False,False
5074.0,Shelina Laura Zadorsky,Tottenham Hotspur Women,49.55390906861636,62.917281927436434,43.576150165115486,33.68076387090187,53.56282583354852,54.81833104588296,20,1853,5895.909838799531,24.797305892049753,45.56962025316456,False,False,False,False,False,False
5076.0,Emily Louise van Egmond,West Ham United LFC,55.30573391305634,48.46725402004225,62.21368991019834,56.24971336925368,53.409765220522885,57.03602212540896,21,1864,7289.740179134258,30.659545691486283,84.30379746835443,False,False,False,False,False,True
5078.0,Alanna Stephanie Kennedy,Tottenham Hotspur Women,57.12428263980081,56.36538990037568,58.76440124289808,62.28287997459551,56.89190390393573,45.068780782761294,19,1630,7427.777216587489,31.24010861319763,86.32911392405063,False,False,False,False,False,True
5081.0,Abby Dahlkemper,Manchester City WFC,52.51003377177391,72.70942073554941,45.28360578342804,37.23323684255074,44.667447245122325,66.31640324494929,8,679,6859.840031849464,28.851450631228577,75.18987341772151,False,True,False,False,False,False
5084.0,Denise O'Sullivan,Brighton & Hove Albion WFC,58.443184175834375,56.40459724533567,52.62891674218333,68.17801708790445,62.67456592566105,50.14289076241517,9,799,7989.183418861619,33.60129826977489,93.92405063291139,True,False,False,False,False,True
5085.0,Alexandra Morgan Carrasco,Tottenham Hotspur Women,52.13620389282711,38.2039228643518,77.66845888902239,55.03183948095639,35.04050022027314,51.53640514237655,4,246,6155.511402249519,25.88915084133318,54.68354430379747,False,False,True,False,False,False
5087.0,Samantha June Mewis,Manchester City WFC,60.10361096676144,57.07997317181198,70.59816567547189,66.17098871662098,56.81679162946007,35.86520185724266,17,1175,7868.017121280623,33.091691130745964,92.65822784810128,True,False,True,False,False,True
5088.0,Crystal Alyssia Dunn Soubrier,Chelsea FCW,71.14285714285714,63.92857142857143,58.57142857142858,82.85714285714286,86.69642857142857,66.07142857142857,1,92,12236.709832420469,51.46575255102041,100.0,True,False,False,True,True,True
6817.0,Christen Annemarie Press,Manchester United,53.54251353917868,39.54945909775063,70.18762868116241,61.4020227551153,45.59609621414313,47.086178005987385,14,985,6607.187644942545,27.788832868443546,66.58227848101265,False,False,True,False,False,False
6818.0,Hayley Emma Raso,Everton LFC,52.00889477182312,41.83504982516611,57.15386019645621,63.56035905757118,60.21818130965241,25.05959192972825,22,1470,5900.666582104739,24.81731203563305,46.32911392405064,False,False,False,False,False,False
8297.0,Adriana Kristina Leon,West Ham United LFC,53.15480801346151,38.04311485673886,64.14988250117148,67.75593369181603,52.892953453443134,34.76781244932083,30,2065,6435.065300501867,27.064912295936743,62.53164556962025,False,False,True,False,False,False
10088.0,Katrine Veje,Arsenal WFC,54.98762377489086,57.59896224376038,49.37158489371223,57.26230923435892,55.08909493284494,57.74706157081933,8,644,7291.187276104249,30.665631962681307,84.55696202531645,False,False,False,False,False,True
10091.0,Janni Arnth-Jensen,Arsenal WFC,54.18270858919488,73.3505684698974,60.22002677012129,30.36089269548627,42.07317379812654,63.03246480467652,5,253,7037.023638982941,29.596658109849074,77.46835443037975,False,True,False,False,False,True
10093.0,Yana Daniëls,"Bristol City WFC, Liverpool WFC",50.58802452562897,37.78325718372229,51.27446733319654,62.56579985012754,61.397836413736094,35.30866143626528,49,3683,5938.730159730912,24.97740169160618,48.35443037974684,False,False,False,False,False,False
10095.0,Julie Biesmans,Bristol City WFC,50.09410796173255,44.33423269553501,47.27915339881199,52.79051178059987,62.50463758586005,41.31731564853811,20,1816,5851.814046667594,24.611845653351374,43.291139240506325,False,False,False,False,False,False
10099.0,Tessa Wullaert,Manchester City WFC,56.90077108909144,52.35811338157138,60.01244556356225,67.17898255345597,52.85926837474428,48.00481167167991,30,2157,7501.784449646031,31.55137185272345,88.35443037974684,False,False,False,False,False,True
10102.0,Stine Larsen,Aston Villa,48.27719547635112,32.70192487618798,59.02771478391125,57.65865964276064,55.91095114205304,26.308634043635628,17,1522,5177.93829802161,21.777626079225236,21.012658227848103,False,False,False,False,False,False
10108.0,Pernille Mosegaard Harder,Chelsea FCW,57.47984451718617,47.45975430809239,77.08147951228985,58.83743634946055,56.43581438340584,32.8988591551733,22,1319,7100.6493136468,29.86425808345196,79.74683544303798,False,False,True,False,False,True
10124.0,Dagný Brynjarsdóttir,West Ham United LFC,45.65463005152222,43.558383589713365,48.9807846896692,49.90837520223689,48.66902591401218,28.043577584267613,9,834,4561.958331331115,19.186907415774833,7.088607594936709,False,False,False,False,False,False
10159.0,Diana Micaela Abreu de Sousa e Silva,Aston Villa,49.52638985719076,31.97236248796842,54.70645573017266,66.9835591685107,49.30717836366836,45.98537796219682,12,537,5922.213925646412,24.907936906700066,47.848101265822784,False,False,False,False,False,False
10170.0,Karen Bardsley,Manchester City WFC,44.490262881929546,61.17802326135659,37.38797130463797,29.027241527241525,35.56758544258545,69.29798846465512,6,555,5282.78456634334,22.218593641195834,25.063291139240505,False,False,False,False,False,False
10171.0,Frankie Brown,Bristol City WFC,44.59840826955939,44.47282548258369,43.458076736798674,41.71254933386194,50.17642537306613,42.37887773328188,33,2895,4683.747096966583,19.69913256138404,9.620253164556962,False,False,False,False,False,False
10172.0,Jill Scott,"Everton LFC, Manchester City WFC",55.34292962621188,56.87143596066495,50.84567330816461,61.02873790787881,62.56607226748135,36.94690273932446,53,4307,6764.81181246043,28.45177629953179,71.39240506329114,False,False,False,False,False,False
10178.0,Lucy Bronze,Manchester City WFC,63.16007721059804,74.48257344241539,56.17701242722794,68.92620306559483,58.194189434137954,50.71102243240653,18,1584,8937.817737744961,37.59111087346222,97.72151898734177,True,True,False,False,False,True
10179.0,Lisa Evans,Arsenal WFC,54.00371829163892,59.50609174878373,50.318142343193806,54.42101965628012,48.343533295347385,59.947491783190266,42,3242,7051.5227049859,29.657638990604468,78.22784810126582,False,False,False,False,False,True
10180.0,Ellen White,"Manchester City WFC, Birmingham City WFC",51.107865521205,41.50165890971036,76.20225808283612,46.615701347743645,40.4542181935738,42.67902364804884,42,3107,5753.102736162087,24.196680796944996,40.25316455696203,False,False,True,False,False,False
10185.0,Stephanie Houghton,Manchester City WFC,54.43955792140783,70.121780474233,53.551303839114325,42.53049485159353,45.00282494184867,60.14622884382556,52,4823,7071.5709793195,29.74195900309625,79.49367088607595,False,True,False,False,False,True
10188.0,Caroline Weir,Manchester City WFC,66.2071065654084,65.31417456564465,66.77873573360151,74.25953238454898,64.25466783106098,54.8103894747486,54,4389,10078.24889256238,42.38759198800198,99.49367088607595,True,True,True,True,True,True
10190.0,Jade Moore,Reading WFC,54.110567145694056,52.02320142230853,59.64133153838232,57.00311638255312,61.15880285591148,25.62050057828422,27,2274,6128.844400007104,25.77699345936687,54.43037974683544,False,False,False,False,False,False
10192.0,Jordan Nobbs,Arsenal WFC,60.212048201228015,60.89211828013727,73.49073484208293,58.06425123392955,48.12742374702791,53.77999924481484,37,2850,8274.070299539579,34.79948944263069,96.45569620253166,True,False,True,False,False,True
10193.0,Chloe Arthur,"Aston Villa, Birmingham City WFC",58.38647101939193,52.34194092247251,53.59690809697574,74.90641824996239,66.19762267721296,36.80950579094794,47,3899,7676.038094445906,32.28425635249505,90.88607594936708,False,False,False,True,True,True
10195.0,Rachel Mclauchlan,Yeovil Town LFC,52.158119544963405,40.83912738605799,44.549908787008434,65.9906223340387,68.52199829957836,39.08336374973386,6,562,6445.911826362843,27.110531144764906,63.037974683544306,False,False,False,False,True,False
10196.0,Kirsty Smith,Manchester United,53.1107329164336,61.88838591081878,42.592374702769405,54.747659434389725,53.35385080991577,53.70240714175442,20,1750,6694.291907323956,28.15518023430032,69.87341772151898,False,False,False,False,False,False
10198.0,Josanne Potter,Reading WFC,55.44373134174431,64.81728028256036,46.21148188164764,53.51736285730251,54.173562130529625,61.48355803125872,25,2219,7458.007240962359,31.367251527869538,87.34177215189874,False,False,False,False,False,True
10222.0,Jonna Ann-Charlotte Andersson,Chelsea FCW,53.40507421249066,63.85787147944471,46.55317769643459,45.27865842417268,56.90912601330181,53.64755031025938,52,4478,6722.198095039489,28.272549443121857,70.37974683544303,False,False,False,False,False,False
10235.0,Viktoria Schnaderbeck,Arsenal WFC,48.64247852066708,67.41179655298708,42.49295214342571,35.47142617196779,41.577556889565486,57.5649473425721,20,1488,5763.684710515502,24.241186982106893,41.01265822784811,False,True,False,False,False,False
10237.0,Manuela Zinsberger,Arsenal WFC,46.257923651568106,64.03641637185754,40.248683356709584,31.181312131432488,36.21046070877392,67.08294151385034,25,2299,5557.181706109144,23.372666548806915,31.645569620253166,False,False,False,False,False,False
10251.0,Fara Williams,Reading WFC,58.08512949302895,57.32535166279646,70.4508275846587,60.45876926402035,45.14507744304327,50.20315339752434,50,4143,7690.120916606059,32.34348657454332,91.13924050632912,False,False,True,False,False,True
10252.0,Alex Greenwood,Manchester City WFC,60.42214641426608,78.47276435074687,45.85345935389733,67.72313687229082,59.30657298548755,39.34648516549341,18,1614,7675.571815461442,32.28229525354257,90.63291139240506,True,True,False,False,False,True
10274.0,Nicoline Sørensen,Everton LFC,53.10986760530757,39.16034750170535,53.782174091964606,71.5230630103825,52.98905823628522,49.7181295755652,21,1347,6811.576283455213,28.648460598281794,72.9113924050633,False,False,False,True,False,False
10380.0,Leonie Maier,Arsenal WFC,49.64338681554745,56.235424333955926,49.2958399202715,42.75056726558187,54.75441003689561,37.59575291495097,23,1248,5417.753397151923,22.78625214937516,28.860759493670884,False,False,False,False,False,False
10382.0,Ingrid Moe Wold,Everton LFC,54.485510636284026,67.13596037051255,43.44438246175178,49.01097569518786,54.62757508941067,61.12714771298236,21,1766,7212.02337834535,30.332680570613533,82.78481012658227,False,True,False,False,False,True
10387.0,Lisa-Marie Utland,Reading WFC,38.31304706781104,36.5676580536288,50.50474577628833,29.895073996137825,43.721141695676266,18.217029719689297,9,376,2913.254257702134,12.252707206300352,1.0126582278481013,False,False,False,False,False,False
10395.0,Maren Nævdal Mjelde,Chelsea FCW,55.88247018446467,67.25997461957677,51.81846189619102,56.674321750620464,50.18609612357773,47.407774806830645,37,3224,7054.08340166036,29.668408893888177,78.48101265822784,False,True,False,False,False,True
10404.0,Noelle Maritz,Arsenal WFC,56.9870657212493,64.1409537330047,46.38652157928819,71.83927712816762,52.63250858636092,44.60839750270366,12,853,7274.540138366057,30.59561661678771,84.05063291139241,False,False,False,True,False,True
10405.0,Lia Wälti,Arsenal WFC,56.21033301198743,65.9731002065732,42.97762056388006,60.21075068836207,60.982612291545976,47.339802233924985,42,3547,7182.830017090657,30.209897704382133,82.27848101265823,False,True,False,False,False,True
10514.0,Guro Reiten,Chelsea FCW,57.283666806923776,53.04547147845192,64.97223269263121,59.81492505562043,53.50810704621221,51.14634343786466,34,2159,7600.463864294637,31.966402559975254,89.87341772151899,False,False,True,False,False,True
10646.0,Sari van Veenendaal,Arsenal WFC,46.12512379272697,67.20907407407408,39.769441085076,29.371844293272865,36.262580414882,62.536100613084734,7,630,5409.9812347212755,22.75356360858928,28.607594936708864,False,True,False,False,False,False
10650.0,Jill Roord,Arsenal WFC,58.62401341655096,60.17333116717125,64.38892830293997,66.57427854109484,52.076501265517045,37.53292587700776,29,2228,7532.920598573834,31.68232579034681,88.86075949367088,True,False,True,False,False,True
10651.0,Kika van Es,Everton LFC,52.89453755934359,64.83118632644495,41.69657248881386,45.93942481528688,52.91480578808165,64.91751734855183,8,638,6987.130733907439,29.386816090071488,76.45569620253164,False,False,False,False,False,False
10654.0,Jackie Groenen,Manchester United,56.54311234606601,59.034429123465664,49.59724217756384,64.89673853228004,61.71256800039425,40.63333214273776,33,2728,7160.4766284058205,30.11588272923885,81.77215189873418,False,False,False,False,False,True
10658.0,Danielle van de Donk,Arsenal WFC,57.80222222223729,58.612184476693805,64.28660021154036,59.81044814875958,54.6047527274594,41.9448587493495,54,4241,7431.456523155615,31.255583220668733,86.83544303797468,False,False,True,False,False,True
10666.0,Dominique Johanna Anna Petrone Janssen,Arsenal WFC,55.87945065244729,69.56567576671135,55.64707822861264,45.16954392683681,56.61717510254558,42.189183477398174,19,1714,6783.69742718563,28.53120634139205,72.15189873417721,False,True,False,False,False,False
11338.0,Caitlin Jade Foord,Arsenal WFC,53.849763874670906,44.46312616302515,69.19577481347547,63.55593331144441,46.74692004613058,33.74467959030755,21,1362,6430.740030850003,27.046720865342426,62.278481012658226,False,False,True,False,False,False
13834.0,Rakel Hönnudóttir,Reading WFC,46.58736449439871,56.532810809807,44.61248369290195,33.755820337949615,47.21306579633576,51.07263641864402,7,263,5192.907094265267,21.84058257439534,22.025316455696203,False,False,False,False,False,False
13857.0,Tinja-Riikka Tellervo Korpela,Everton LFC,45.66844050309241,61.49432745479613,40.17783711300806,28.57472464203069,36.13474519005365,73.08505394724494,16,1413,5604.835755032562,23.57309227790682,33.92405063291139,False,False,False,False,False,False
13861.0,Nora Heroum,Brighton & Hove Albion WFC,46.07407642837624,43.38693983435739,50.903981574483005,44.96951161851027,47.90819255476687,39.25805241510707,10,458,4867.5891796535425,20.472344582066544,12.151898734177214,False,False,False,False,False,False
15218.0,Jessica Anne Clarke,Liverpool WFC,53.56127101307871,37.62267120439182,60.57587354001851,75.93538506219717,45.74397709570123,46.75762395396456,18,1421,6776.511335314759,28.500982724823547,71.89873417721519,False,False,False,True,False,False
15421.0,Kenza Dali,West Ham United LFC,58.73211865996012,57.376814095464205,62.23905941340794,69.92657357704545,51.86106960743052,44.70621645846881,32,2624,7814.50921584819,32.8666449657047,92.15189873417722,True,False,False,True,False,True
15547.0,Melissa Lawley,"Liverpool WFC, Manchester City WFC",55.57189546877469,47.72456425071445,58.00796429301164,75.78321836535639,56.16708696756058,27.48702266259776,18,1478,6788.940916229698,28.553259664004234,72.40506329113924,False,False,False,True,False,False
15549.0,Sophie Louise Ingle,Chelsea FCW,53.25258769251607,63.90776231710676,52.60197386816723,53.04434641092733,51.37517672866681,32.41249018278744,47,3796,5998.16202510705,25.227363137042268,51.13924050632911,False,False,False,False,False,False
15550.0,Bethany England,Chelsea FCW,55.4712391357075,41.98936950545522,76.25992746063277,55.38848032318542,47.26543372784043,53.78132083980343,49,3426,7058.850606898004,29.68845903877847,78.9873417721519,False,False,True,False,False,True
15553.0,Karen Julia Carney,Chelsea FCW,56.65596401458257,57.94447079045295,57.40024290817941,63.43549588638874,50.69238895106951,49.94208622432828,14,1008,7422.277024680167,31.21697563713119,86.07594936708861,False,False,False,False,False,True
15554.0,Gemma Bonner,Manchester City WFC,53.80288815546108,67.23112192531751,52.21838897796176,47.36250451548329,48.31730737883434,48.045480507777306,37,3344,6573.656541317338,27.647806113247853,65.56962025316456,False,True,False,False,False,False
15555.0,Lauren Hemp,Manchester City WFC,58.97768008622153,44.35181492804495,66.27614753494073,71.41023335184356,67.81116450638409,34.76409898829584,39,2878,7805.282117375981,32.82783718377328,91.89873417721519,True,False,True,True,True,True
15556.0,Chantelle Boye-Hlorkah,Everton LFC,55.59397566501475,39.89344739796224,61.21862852504373,72.66422300099293,54.58391408071567,48.66329267921531,34,1734,7349.053087104039,30.90900682004607,85.31645569620252,False,False,False,True,False,True
15557.0,Emma Follis,"Aston Villa, Birmingham City WFC",55.03902561984415,48.93504829608014,59.44148697538579,61.98843897109471,49.47955160082131,56.51293687594457,32,2063,7238.641060573309,30.444630520051447,83.54430379746836,False,False,False,False,False,True
15558.0,Dominique Bruinenberg,Everton LFC,49.47260137938433,52.211103065754216,50.30008786791733,49.14055553978035,55.394597148473125,29.377731083157435,11,645,5221.932696183979,21.962659870208554,22.78481012658228,False,False,False,False,False,False
15559.0,Simone Magill,Everton LFC,56.01984338550172,42.91149010976335,60.477144736368736,66.18010070259376,58.8322718809607,51.70210157257815,43,2973,7490.254789208316,31.50287984308924,88.10126582278481,False,False,False,False,False,True
15560.0,Ann-Katrin Berger,"Chelsea FCW, Birmingham City WFC",46.96541339708681,62.755226008050656,39.68991112236043,34.11166926478166,37.81912106980571,69.67971047566569,38,3456,5774.198501689681,24.285406399119605,41.265822784810126,False,False,False,False,False,False
15562.0,Lucy Staniforth,"Birmingham City WFC, Manchester United",59.976119084071286,63.22695689197945,60.591023072072986,67.72617987156599,53.67045297961943,47.422975228210944,42,3216,8137.7637072348925,34.22620451173859,95.44303797468355,True,False,False,False,False,True
15563.0,Charlie Wellings,"Bristol City WFC, Birmingham City WFC",51.37231851884256,41.11969142975222,60.43517686099561,50.96281216926289,50.443360766520485,57.02366858998921,52,4231,6351.640004920259,26.714038108536858,59.49367088607595,False,False,False,False,False,False
15564.0,Lucy Quinn,"Birmingham City WFC, Tottenham Hotspur Women",52.5431103095334,42.16522732239885,57.67934062010357,57.5580274403474,52.40755674332574,55.88851487173164,38,1753,6683.0644473316415,28.10795923407606,69.36708860759494,False,False,False,False,False,False
15565.0,Marisa Ewers,"Aston Villa, Birmingham City WFC",46.41332729750576,48.36205737070605,47.00849454946672,40.1271524292036,57.193417554210335,31.06575320779781,26,1840,4628.751100169881,19.4678277089198,8.10126582278481,False,False,False,False,False,False
15567.0,Paige Williams,Birmingham City WFC,55.65608588187657,62.1109377089418,46.444484977852426,71.79685801517941,54.659905960827146,32.258774149766985,11,977,6614.870257282517,27.821144775079336,67.34177215189874,False,False,False,True,False,False
15569.0,Kerys Harrop,"Birmingham City WFC, Tottenham Hotspur Women",53.41160519589494,64.59444873139091,51.76834510803276,42.649604241681054,61.32386682208672,35.262125232854615,39,3325,5995.190753008739,25.214866415565044,50.8860759493671,False,False,False,False,False,False
15570.0,Chloe Kelly,"Manchester City WFC, Everton LFC",59.72316470255608,44.01275078561736,69.51393236784715,76.75795981984606,59.48182422019547,40.93537106181631,44,3790,8177.915914077005,34.39507862659572,95.9493670886076,True,False,True,True,False,True
15571.0,Danielle Turner,Everton LFC,50.74578435589411,60.075889413304495,47.42037349026039,41.76637800708687,54.35798462537362,46.468461035107886,41,3548,5904.777281749323,24.83460101719893,47.08860759493671,False,False,False,False,False,False
15572.0,Siri Worm,"Tottenham Hotspur Women, Everton LFC",51.99856268926085,61.29163899331085,47.87654966721716,50.88604453468675,54.65547985605281,35.982106459809444,35,2575,5860.3642190166975,24.64780638629461,43.54430379746835,False,False,False,False,False,False
15573.0,Abbey-Leigh Stringer,Everton LFC,49.490686740106085,53.79701418450057,43.34294062008948,54.57587176626158,61.72383314546213,19.457570566138397,37,2353,4904.40187212385,20.62717320408666,14.177215189873419,False,False,False,False,False,False
15574.0,Georgia Brougham,"Everton LFC, Birmingham City WFC",48.60539220687721,57.99394569263304,43.57282170102786,38.96260397120905,47.966479284260046,58.27883707368164,37,3402,5834.170476200345,24.53763946196338,42.53164556962025,False,False,False,False,False,False
15575.0,Gabrielle George,Everton LFC,55.73592153432696,61.77877260644127,50.05736957413406,62.41162177449812,52.4826945787064,47.98022718542209,35,3027,7120.781594302246,29.94893141383982,80.50632911392405,False,False,False,False,False,True
15576.0,Kirstie Levell,Everton LFC,44.20507073569894,57.090041377989074,39.59156039883726,28.20720485586887,36.64244259362224,70.64740801594127,19,1759,5246.307830156555,22.065178000540193,24.556962025316455,False,False,False,False,False,False
15577.0,Angharad James,"Reading WFC, Everton LFC",55.53895311241154,58.58763041113061,50.69821021798415,53.32068109358266,63.791889141746736,47.94978908066979,54,4836,7105.84264701927,29.88610045888807,80.0,False,False,False,False,True,True
15578.0,Faye Bryson,"Everton LFC, Bristol City WFC",51.63225592923148,48.67115329890738,45.07933993588965,65.10909874352,58.47604220545647,34.77604430736932,26,1506,6021.432055412479,25.325233368334427,51.64556962025316,False,False,False,False,False,False
15579.0,Inessa Kaagman,"Everton LFC, Brighton & Hove Albion WFC",53.76598985573873,45.76143362139083,64.80610088508669,55.78715668359474,52.50786824872549,44.65101242655311,52,4399,6608.918684727903,27.79611336021538,66.83544303797468,False,False,True,False,False,False
15580.0,Claudia Walker,"Everton LFC, Birmingham City WFC",46.88770471720756,32.59117540572081,63.47270782661973,50.513669469862805,44.03662731011242,39.616745531273885,46,3553,5009.730778830881,21.0701706701777,17.974683544303797,False,False,False,False,False,False
15610.0,Ava Kuyken,Arsenal WFC,50.02396164021164,45.93062169312169,48.60469576719577,41.67989417989418,52.419246031746034,75.70304232804233,4,100,6604.371976845189,27.7769905938821,66.32911392405063,False,False,False,False,False,False
15611.0,Courtney Sweetman-Kirk,Liverpool WFC,52.000452272829634,42.467712133030496,67.50019516264297,47.03744488713174,46.62588497628947,57.758094762270126,28,1916,6362.879320774058,26.761308972723064,59.74683544303797,False,False,True,False,False,False
15612.0,Jessica Marie Wik,Arsenal WFC,45.19666173205033,58.63376985708592,38.31959801856174,33.21032853157206,40.47194955303763,62.218641462164776,6,193,5244.952524290203,22.059477788857162,24.30379746835443,False,False,False,False,False,False
15613.0,Rinsola Babajide,Liverpool WFC,54.72437794088507,32.03128263937375,61.21049058905402,80.47474220084618,64.97788382766024,23.234094280768403,28,1789,6833.125914098105,28.739095088550943,74.68354430379746,False,False,False,True,True,False
15614.0,Sophie Elizabeth Bradley-Auckland,Liverpool WFC,48.55139142844521,57.96199914007568,45.44912182713239,32.70009723160498,49.14644718253263,63.293023038156655,33,3031,5947.348053466723,25.013647250469003,48.860759493670884,False,False,False,False,False,False
15615.0,Pauline Peyraud Magnin,Arsenal WFC,45.72027494650143,62.33080674004019,39.78105455649009,27.613476676891317,37.49909957186961,71.69794372616671,16,1435,5597.518242061922,23.542315924050815,33.164556962025316,False,False,False,False,False,False
15616.0,Kim Little,Arsenal WFC,65.98159223762148,64.19456547747384,67.80013235497258,73.15069772781933,63.06418919570886,57.39940394804235,42,3654,10095.366548115178,42.459586260727136,99.74683544303798,True,False,True,True,False,True
15618.0,Jasmine Matthews,"Bristol City WFC, Liverpool WFC",51.28158291355698,53.7332679503373,42.51750113346196,55.35492356266781,54.7736470579466,51.93176518484297,33,2941,6326.952921786371,26.610207967169202,58.9873417721519,False,False,False,False,False,False
15619.0,Bethany Mead,Arsenal WFC,57.44123802827702,46.917845871253526,65.26004088216462,66.985955252426,59.48896472701365,41.017823440345474,54,4267,7505.199546558164,31.565735234304327,88.60759493670885,False,False,True,False,False,True
15620.0,Katie McCabe,Arsenal WFC,59.350067249814735,62.7036650130939,58.92686029460996,63.05323499063407,59.45430924165131,44.409270764317,54,4514,7886.252107695289,33.16838472824404,92.91139240506328,True,False,False,False,False,True
15621.0,Louise Quinn,Arsenal WFC,49.64971080936269,69.27930040350614,49.79577791487385,33.34237116036313,39.75744286774402,52.6097842414626,23,1853,5788.193165779753,24.344265841646067,41.77215189873418,False,True,False,False,False,False
15622.0,Leandra Little,Liverpool WFC,42.94764321381763,41.35346805222615,51.30733774265092,27.677024079831853,46.99503978143287,48.48028992845408,9,463,4339.487756280272,18.25122979309273,5.063291139240507,False,False,False,False,False,False
15623.0,Vivianne Miedema,Arsenal WFC,59.64328208130878,46.31022278763597,80.22626859242521,70.93483058534315,46.49854656942034,45.22483805340779,56,5018,8037.26507757034,33.80352246101864,94.17721518987342,True,False,True,True,False,True
15626.0,Anke Preuß,Liverpool WFC,41.5454563146356,46.680161056676205,40.35328151085727,29.984380378319774,33.43134454397081,71.03950688294124,24,2178,4654.073918063263,19.574331654624423,8.860759493670885,False,False,False,False,False,False
15628.0,Christie Murray,"Liverpool WFC, Birmingham City WFC",53.96368734125991,50.05773856608216,50.99341491739485,60.57044357171437,59.77574622901488,46.31661010244808,40,2787,6823.386812148347,28.698133897358247,73.9240506329114,False,False,False,False,False,False
15629.0,Satara Murray,Liverpool WFC,51.75387762175577,56.72409422199338,40.82926460405452,46.62542138844658,67.77323814529699,44.85806008495084,14,1309,6164.914451436224,25.928698645383076,54.936708860759495,False,False,False,False,True,False
15630.0,Leigh-Anne Robe,Liverpool WFC,51.71781906487784,52.7349233628789,42.90583327267396,58.23029807536376,65.00681762694225,31.602067655284223,32,2969,5833.449761326701,24.53460824410705,42.278481012658226,False,False,False,False,True,False
15631.0,Niamh Charles,"Chelsea FCW, Liverpool WFC",56.95183214586106,46.44501949563755,55.33265064958884,75.38682906638718,61.29311215588185,41.714263651006526,33,2264,7540.066084629837,31.712378624993644,89.1139240506329,False,False,False,True,False,True
15648.0,Melanie Leupolz,Chelsea FCW,52.96911252408196,56.42778137341354,58.02546699143564,55.66841058130033,57.87302541826262,16.475132329570787,19,1483,5520.528401474271,23.21850828793865,31.139240506329113,False,False,False,False,False,False
15702.0,Leah Burridge,Yeovil Town LFC,36.48660714285714,30.267857142857142,34.82142857142857,30.35714285714285,39.46428571428572,62.5,1,20,3646.032552644753,15.334661989795917,2.278481012658228,False,False,False,False,False,False
15703.0,Charlotte Estcourt,Reading WFC,47.12601538446274,47.61876267918774,50.24101141947372,47.67132263485925,42.70184141112394,45.8643905060074,6,313,5214.4635952654135,21.93124596034897,22.531645569620252,False,False,False,False,False,False
15704.0,Lily Woodham,Reading WFC,53.21524756033397,52.497465397767314,41.080048802406615,67.57274471354076,53.86786510702896,55.32747046176533,16,1084,6874.9090250779955,28.914828539776988,75.44303797468355,False,False,False,False,False,False
15705.0,Emily Donovan,Yeovil Town LFC,44.06646798684388,36.09332827739749,49.57249646181627,45.28595664037192,45.39971568253191,45.12877337459677,16,838,4644.876799585278,19.535649964018642,8.354430379746836,False,False,False,False,False,False
15706.0,Rachel Furness,"Reading WFC, Tottenham Hotspur Women, Liverpool WFC",55.67129047811206,53.45844845584085,61.918174644370026,61.38278915798741,53.230077217184494,39.0456142802497,31,2747,6916.03040980775,29.087778870383808,75.9493670886076,False,False,False,False,False,False
15707.0,Georgia Evans,Yeovil Town LFC,46.4146132205274,41.88433291418365,42.62474380235575,44.87865115812877,55.03882992698291,53.03847824370212,18,1340,5377.737411303408,22.617950959433692,27.848101265822784,False,False,False,False,False,False
15708.0,Amy Goddard,Yeovil Town LFC,44.37350576196291,42.33830222687365,41.70997685911972,45.34335228792372,57.83001058201059,27.267634164777014,11,875,4284.870642176159,18.021518463983185,4.556962025316456,False,False,False,False,False,False
15709.0,Megan Walsh,"Brighton & Hove Albion WFC, Yeovil Town LFC",43.7146950664714,52.25772874371536,39.54357243763437,29.9387942425878,38.28976574549553,71.18657773517297,49,4524,5155.89603902224,21.684919668526387,20.759493670886076,False,False,False,False,False,False
15710.0,Megan Alexander,Yeovil Town LFC,47.31364991353266,50.267861076346016,43.12149997582061,36.84630505409357,53.010454258961936,59.94957787879903,19,1759,5659.3684563305305,23.802448579508752,36.9620253164557,False,False,False,False,False,False
15711.0,Amber Gaylor,Yeovil Town LFC,49.57899780503387,36.91875669834105,47.34020375395681,75.683399856505,52.03023077619654,29.715315654190963,11,818,5664.29338127596,23.823162069658068,37.21518987341772,False,False,False,True,False,False
15712.0,Nicola Cousins,Yeovil Town LFC,44.89291072225507,39.85486330872011,45.83379244846808,50.39123767406995,55.465668686534976,22.9936551083703,15,1264,4338.2786287532035,18.24614438541673,4.810126582278481,False,False,False,False,False,False
15713.0,Bonnie Horwood,Yeovil Town LFC,46.38296696719565,45.6476164665368,43.00216234964663,48.522397963348354,53.25241000555466,38.65560669369195,16,1431,4972.356193136424,20.912978810160592,16.70886075949367,False,False,False,False,False,False
15714.0,Anne-Marie Heatherson,Yeovil Town LFC,49.95945285739423,34.32531754537369,56.964405935553785,59.61233211233211,61.32779163432626,29.48997237830676,19,1603,5624.454386143982,23.65560527592652,35.189873417721515,False,False,False,False,False,False
15715.0,Ellie Mason,Yeovil Town LFC,51.39496076273313,39.0379452944882,52.89181493198535,55.16680142517027,63.88364702462391,46.0243101615591,19,1643,6297.806749902344,26.48762357230036,58.22784810126582,False,False,False,False,True,False
15716.0,Emily Syme,"Aston Villa, Yeovil Town LFC",50.31674697407167,39.27549160714607,51.51129448892999,53.08266410361719,52.37025651598298,65.29466326132619,27,1007,6429.816898917792,27.0428383119236,62.0253164556962,False,False,False,False,False,False
15717.0,Hannah Short,Yeovil Town LFC,48.857060237356414,44.59465516436853,44.631739537886034,47.40617321107767,63.00454706298655,44.68317506979928,18,1570,5659.183562012093,23.801670941943502,36.708860759493675,False,False,False,False,False,False
15718.0,Olivia Fergusson,Yeovil Town LFC,48.82985860469225,34.64022161273405,53.996289778721376,57.34575390750764,48.31469839067786,55.38640297191292,19,1608,5864.27098250838,24.66423764321676,43.79746835443038,False,False,False,False,False,False
15719.0,Grace Moloney,Reading WFC,45.92076690595194,62.06890925234744,39.386757970086,30.425903796235804,36.20195706268455,72.31277928559511,52,4730,5635.384358428115,23.701575087801466,35.69620253164557,False,False,False,False,False,False
15720.0,Sophie Howard,Reading WFC,45.9057020642265,58.80589977691481,41.79003151958039,30.34850358496975,50.62581920307484,45.6185468249378,17,1330,4876.209026924346,20.50859835720236,12.658227848101266,False,False,False,False,False,False
15721.0,Gemma Suzanne Davison,"Tottenham Hotspur Women, Reading WFC",53.162639212020586,46.37348048556513,54.03848321677382,68.92215754921479,48.27465562858176,46.202856508765336,42,2659,6624.398267647203,27.861218146961807,67.59493670886076,False,False,False,False,False,False
15723.0,Brooke Chaplen,Reading WFC,55.00737186169221,45.204175608758725,68.1452972313303,60.89474245379065,46.29790484573412,52.314741917649926,37,2936,7055.103208143835,29.672698045861807,78.73417721518987,False,False,True,False,False,True
15724.0,Mayumi Pacheco,"West Ham United LFC, Reading WFC",51.14430725334335,57.06969811202497,43.04939737132231,49.14215962948331,57.923196465372165,47.0146216353542,41,3162,6098.7330643350015,25.650349731444578,53.92405063291139,False,False,False,False,False,False
15725.0,Natasha Harding,Reading WFC,50.84624813598332,48.80688583567003,50.772903679933776,53.32234536316815,53.22070263139107,46.42691158170512,49,4332,6067.776777546476,25.520152266801293,52.151898734177216,False,False,False,False,False,False
15726.0,Lauren Bruton,Reading WFC,52.59099919164965,46.4741029594378,58.112506367348594,62.89425099812061,52.00151328272165,34.65194003784592,32,2103,6200.240124218316,26.07727308728776,55.69620253164557,False,False,False,False,False,False
15789.0,Rikke Læntver Sevecke,Everton LFC,52.90581547577787,69.75754950285399,45.26771307589019,45.87516611627255,54.84208124787346,40.060503582626296,20,1708,6059.105995726668,25.48368426864873,51.89873417721519,False,True,False,False,False,False
16374.0,Aileen Whelan,Brighton & Hove Albion WFC,54.87613582469459,41.03153859020604,61.87399798121783,64.503677935567,59.19717841918918,44.09580410887386,57,5189,7022.595313748656,29.535974754077575,77.21518987341773,False,False,False,False,False,True
16375.0,Laura Hartley,Brighton & Hove Albion WFC,52.60714285714286,70.53571428571428,44.10714285714286,41.07142857142857,46.51785714285715,64.28571428571428,1,92,6827.682040692265,28.716198979591844,74.43037974683544,False,True,False,False,False,False
16376.0,Sophie Baggaley,Bristol City WFC,43.0994552273855,51.7222431658844,39.707514654936375,29.325400937250965,37.29921913959567,69.17091756810973,55,5062,4978.643579134801,20.939422605626586,16.962025316455694,False,False,False,False,False,False
16377.0,Sophie Perry-Campbell,Brighton & Hove Albion WFC,48.6411213759952,55.49223874618196,45.4381252816584,46.456962595763855,54.699804716839424,31.771769065144458,5,317,5076.056598287599,21.349127044779244,18.9873417721519,False,False,False,False,False,False
16378.0,Iniabasi Anefiok Umotong,Brighton & Hove Albion WFC,52.13386346808614,39.321945666968375,62.7205835561394,68.70931191262565,49.960409399773376,28.892868998293903,32,1871,6081.127768757535,25.57630451845955,52.911392405063296,False,False,False,False,False,False
16379.0,Jodie Brett,Brighton & Hove Albion WFC,53.9924441093205,39.724814536293565,63.43905811300956,53.882653606715415,58.57138346895522,57.10668531860585,6,453,6993.937055711148,29.415442451121926,76.70886075949367,False,False,False,False,False,False
16380.0,Katie Rood,Bristol City WFC,52.24239417989418,39.38175507619952,53.67408311852756,78.5265454709899,40.60306720028942,51.52512096956541,4,117,6485.380956079947,27.276532340449283,64.30379746835443,False,False,False,True,False,False
16381.0,Gemma Evans,Bristol City WFC,46.18681275579832,47.28700273631464,43.25799849371303,37.61720087322654,57.297615533003416,45.67599167045403,50,4444,5043.057055864865,21.210335955680634,18.48101265822785,False,False,False,False,False,False
16382.0,Heather Payne,Bristol City WFC,49.59027088896499,41.36206975424455,47.66323380022566,60.7656044948728,57.6514989940803,36.50524302556823,8,246,5699.433377308967,23.970955583212422,38.734177215189874,False,False,False,False,False,False
16383.0,Danique Kerkdijk,"Brighton & Hove Albion WFC, Bristol City WFC",46.53848908209876,54.27107528923981,46.2483751863707,33.31344983693495,52.6240137925688,42.21133737295378,51,4305,4905.508658891622,20.631828181993058,14.430379746835442,False,False,False,False,False,False
16384.0,Carla Humphrey,Bristol City WFC,51.8683143262707,42.8195346052674,49.63117167062901,58.51533313970205,58.20763249850606,54.1104462965497,49,4115,6610.8092158646605,27.804064648511567,67.08860759493672,False,False,False,False,False,False
16386.0,Lucy Hope,"Everton LFC, Bristol City WFC",53.68190451380895,45.12239878751421,63.38659590530462,55.65411178898688,57.353220876219474,39.53189307562978,52,4322,6481.867557364428,27.26175551633706,64.0506329113924,False,False,False,False,False,False
16387.0,Ali Johnson,Bristol City WFC,44.94102228047183,37.53604193971166,43.60419397116645,36.95937090432504,59.15792922673657,54.32503276539973,3,109,5082.282171103611,21.37531086334037,19.746835443037973,False,False,False,False,False,False
16388.0,Ella Rutherford,Bristol City WFC,52.76808990357074,37.92638854333541,61.72488012373689,61.87553027062106,67.29875342782202,20.204159971140463,20,1487,5920.513758922522,24.90078626235976,47.59493670886076,False,False,False,False,True,False
16389.0,Jessica Wooley,Bristol City WFC,51.80506211180125,62.43757763975155,43.557867494824016,39.23084886128364,55.18628364389235,64.22774327122153,2,69,6727.859280980889,28.29635953576894,70.63291139240506,False,False,False,False,False,False
16390.0,Juliette Kemppi,Bristol City WFC,46.76839301964444,37.89151219255621,54.77895801005282,52.471627110453305,35.48082922428294,60.10284202044923,12,886,5336.198220120852,22.443243398018215,26.582278481012654,False,False,False,False,False,False
16391.0,Loren Dykes,Bristol City WFC,45.44322104709676,46.127923403934965,40.89362758129617,46.22246683025102,47.19552079191771,50.04235776355236,30,2595,5053.99090749093,21.256322083481567,18.734177215189874,False,False,False,False,False,False
16392.0,Felicity Gibbons,Brighton & Hove Albion WFC,53.895639545879,55.863031693668496,44.08555788082062,57.592465456327744,63.78941873614731,46.321153137617024,44,3863,6761.0504369261025,28.43595652238971,71.13924050632912,False,False,False,False,True,False
16393.0,Ellie Brazil,Brighton & Hove Albion WFC,48.89882724833684,40.74039756907676,55.19107596960352,47.41216996870137,58.82790889745862,36.67943090434776,39,3121,5376.561527417649,22.613005369489827,27.59493670886076,False,False,False,False,False,False
16394.0,Laura Rafferty,"Bristol City WFC, Brighton & Hove Albion WFC",49.10968078829891,52.63820984844819,44.88258742043275,47.84907588745712,50.43807009017854,50.72052275551553,22,1693,5778.442131399382,24.303254464453232,41.51898734177215,False,False,False,False,False,False
16395.0,Victoria Williams,Brighton & Hove Albion WFC,50.87162974724334,55.63395795228861,47.45158494580897,44.86260344907075,58.3677290494408,44.541775230166174,47,4105,5927.501071180808,24.930173841913934,48.10126582278481,False,False,False,False,False,False
16397.0,Chloe Peplow,"Tottenham Hotspur Women, Brighton & Hove Albion WFC",56.27897052189268,57.03055722856038,46.72080550213601,66.2687740550808,62.846057356221856,45.18163556958044,29,2111,7295.362786446021,30.683193528246466,84.81012658227847,False,False,False,False,False,True
16399.0,Kate Natkiel,Brighton & Hove Albion WFC,47.90327170926321,41.42993632716581,51.511609881941474,47.04428402377791,45.83057095125158,60.9291416198048,18,1146,5720.711333508596,24.06044745182405,38.9873417721519,False,False,False,False,False,False
16400.0,Kayleigh Green,Brighton & Hove Albion WFC,54.58257682782144,42.607076843340415,57.29530569277323,65.1119414548617,64.00145605074007,37.84301692672671,50,4122,6834.977674533033,28.74688331313361,74.9367088607595,False,False,False,False,True,False
17273.0,Adelina Engman,Chelsea FCW,47.96024172744897,34.22841406400616,56.9346185442238,52.02048122442859,50.979682030932025,45.69450924319346,9,380,5447.688664197902,22.912155359260485,29.367088607594937,False,False,False,False,False,False
17274.0,Poppy Pattinson,"Bristol City WFC, Everton LFC",53.1947259730196,52.90573503937626,44.76566424440542,56.98209877042685,64.26545174048611,45.27366049891568,35,3044,6603.161959557494,27.77190144400735,66.07594936708861,False,False,False,False,True,False
17275.0,Hannah Jayne Blundell,Chelsea FCW,58.644883202053165,66.09594498285111,51.10394676433437,57.49310071430106,57.72592995688503,63.01104131019573,32,2155,8291.727268835453,34.87375198746727,96.70886075949367,True,True,False,False,False,True
17524.0,Jennifer Patricia Beattie,"Arsenal WFC, Manchester City WFC",53.33362986761345,72.67918174341588,49.92264639914067,39.28745825569848,46.22433536850057,55.80814107134515,36,3099,6677.126175596249,28.082983760447945,68.86075949367088,False,True,False,False,False,False
18144.0,Rebecca Jane,"Liverpool WFC, Reading WFC",51.96931134461711,60.77019028544441,45.0918410261149,49.20987625859918,53.85754598622184,48.9031906776308,21,1658,6284.195755882513,26.430377788115628,57.72151898734177,False,False,False,False,False,False
18145.0,Ria Percival,"Tottenham Hotspur Women, West Ham United LFC",50.959736230694624,54.92371885773476,47.27384433562864,45.78348098294418,65.8896453553774,30.75720164689452,46,4226,5465.414997155475,22.986709637177118,30.126582278481013,False,False,False,False,True,False
18146.0,Leanne Kiernan,West Ham United LFC,49.29276765126316,34.032525025704544,55.67105700539447,60.3068903714999,53.96422147258157,40.12649774672104,30,1703,5724.119389817563,24.074781221691875,39.24050632911392,False,False,False,False,False,False
18147.0,Kate Longhurst,West Ham United LFC,50.21143557323448,49.17826432192498,47.27676179927555,60.03379161622316,53.34431575700457,34.220575682887976,50,4134,5646.439466553882,23.74807120211792,35.949367088607595,False,False,False,False,False,False
18148.0,Lucienne Reichardt,West Ham United LFC,49.36430436416142,51.8411824939144,48.92343125132198,46.61397790406684,51.22531589075427,46.05292168888103,12,787,5683.082624125316,23.902186785970613,37.46835443037975,False,False,False,False,False,False
18149.0,Remi Allen,Reading WFC,57.034160471052935,59.33617445939416,59.95393277184148,55.03992196658843,65.3816190855936,31.27325452807608,31,2836,6826.791766324333,28.71245462012349,74.17721518987341,False,False,False,False,True,False
18150.0,Julia Simic,West Ham United LFC,59.30581510985491,68.51531307344456,53.14838210296688,67.04626168717864,57.93748573210078,38.93141831896157,16,1156,7614.3282385876755,32.02471402330258,90.12658227848101,True,True,False,False,False,True
18151.0,Gilly Louise Scarlett Flaherty,West Ham United LFC,49.67323412420125,60.43217231453148,47.496048994581855,37.077339283209376,49.74621151151064,53.26468637978917,54,4964,5870.106637363838,24.688781525753587,44.050632911392405,False,False,False,False,False,False
18152.0,Kirstyn Pearce,Reading WFC,49.45683664125852,62.5690180345217,44.824277469589454,36.46456394830109,51.36052949457294,50.4349407665593,18,1572,5733.909299359302,24.115956101939265,39.74683544303797,False,False,False,False,False,False
18153.0,Alisha Lehmann,"Everton LFC, West Ham United LFC",50.77098802456874,38.09422719279619,59.68668653212226,60.35844363477933,52.77931438241411,36.98207989900439,49,3513,5907.3370697689625,24.845367098817764,47.34177215189874,False,False,False,False,False,False
18154.0,Esmee de Graaf,West Ham United LFC,49.84905526250379,52.55932579148376,46.643825677535126,57.544418899284906,47.08768984502411,41.21845646387254,11,709,5683.794207475694,23.905179598019892,37.721518987341774,False,False,False,False,False,False
18155.0,Erin Simon,West Ham United LFC,49.41833453425484,55.012398735801646,39.55514749967628,46.18866044349915,55.38926212705466,54.60863461274594,19,1581,5987.025644874806,25.18052520452644,50.63291139240506,False,False,False,False,False,False
18156.0,Claire Lauren Rafferty,West Ham United LFC,52.24159594555167,62.21844663953057,46.69067462395674,51.63989910999011,51.29369860817384,44.27596086047046,13,1075,6177.484742879736,25.98156739178515,55.18987341772152,False,False,False,False,False,False
18157.0,Brianna Visalli,"Birmingham City WFC, West Ham United LFC",55.61221387356795,47.43682441749695,56.73371222488221,70.53076356661686,62.8634091023296,28.907451791838668,29,2071,6807.207042752098,28.63008423209007,72.65822784810126,False,False,False,True,False,False
18158.0,Rebecca Leigh Spencer,"Tottenham Hotspur Women, West Ham United LFC",46.64590751533992,59.87802977019632,40.04647740506616,36.60685360133512,35.08184672008172,73.27040657240934,42,3736,5756.680653027521,24.21172897464687,40.50632911392405,False,False,False,False,False,False
18159.0,Brooke Hendrix,West Ham United LFC,45.58309428595612,54.5296136178504,44.20075797117184,33.39280018694041,47.05839180609875,48.102629900927305,21,1642,4919.006501780006,20.68859806961641,15.443037974683543,False,False,False,False,False,False
18253.0,Hannah Cain,Everton LFC,49.59507266608473,35.13227198159216,63.26707843326265,51.304031089118816,44.09966566166127,59.1449571221501,23,1140,5904.744960092275,24.834465077193286,46.835443037974684,False,False,False,False,False,False
18254.0,Megan Finnigan,Everton LFC,51.91286730707612,62.18268029390954,47.92187456946981,45.58846164665266,51.78102264928943,49.12831732042869,50,4561,6240.86009464963,26.248114545120572,57.21518987341773,False,False,False,False,False,False
18998.0,Emma Mukandi,"Reading WFC, Arsenal WFC, Tottenham Hotspur Women",56.60350461218338,64.42719248974868,49.69118958258493,55.9713014064261,62.38647883111967,44.02353046590815,31,2445,7160.210786360386,30.114764637765294,81.51898734177216,False,False,False,False,False,True
18999.0,Leah Williamson,Arsenal WFC,56.982559668937135,72.31719346368281,49.4034828336387,48.68815421440394,57.77232812898672,52.6029412592864,54,4703,7434.411213477511,31.26801020169992,87.0886075949367,False,True,False,False,False,True
19414.0,Kirsty Barton,Brighton & Hove Albion WFC,51.41109893467688,61.58567784477468,43.21679827465759,42.74913901652938,55.00791696422938,56.59068708667058,26,2303,6399.977646618936,26.91733892555655,61.01265822784811,False,False,False,False,False,False
19415.0,Lucy Gillett,Brighton & Hove Albion WFC,49.346153846153854,78.26923076923077,42.5,26.923076923076927,29.423076923076927,78.84615384615384,1,90,6540.395262680875,27.507914201183436,65.31645569620254,False,True,False,False,False,False
19416.0,Laura Coombs,"Manchester City WFC, Liverpool WFC",56.15795789049584,58.78767959867269,54.89893128417245,58.0581198446541,58.46715982655938,44.31249235541847,33,2528,7135.328648257985,30.010114124673482,80.75949367088607,False,False,False,False,False,True
19417.0,Amy Rodgers,Liverpool WFC,46.30941612245779,44.8995122881234,42.94795073239519,46.9350752950753,55.541234177345295,38.52288472844028,13,990,4955.102717467969,20.840413298551812,16.20253164556962,False,False,False,False,False,False
19418.0,Kirsty Linnett,Liverpool WFC,49.786946479446485,39.97044680703217,56.75103604084953,60.10018110642213,51.71375764293626,32.43788017604374,25,1394,5592.763571646776,23.522318498729895,32.91139240506329,False,False,False,False,False,False
19419.0,Marie Hourihan,Brighton & Hove Albion WFC,42.84009389668416,53.52449115744758,39.23348000074973,27.383593365090075,34.85097862511514,72.0368670909378,14,1216,4990.641828092435,20.989885427770417,17.21518987341772,False,False,False,False,False,False
19420.0,Fern Whelan,Brighton & Hove Albion WFC,46.37829412774725,56.0407261141636,49.22680224867725,31.829899267399263,48.91058773402524,39.13314636752137,10,864,4750.281976763764,19.97896821218792,10.379746835443038,False,False,False,False,False,False
19421.0,Carly Mitchell Telford,Chelsea FCW,46.44749875823641,65.19965629227983,39.64239920590792,30.80378073428198,36.57064422391475,67.62099892050124,14,1261,5617.952690423352,23.62826012615158,34.68354430379747,False,False,False,False,False,False
19422.0,Jessica Carter,Chelsea FCW,51.96284854044816,57.20003313393224,44.50893206850175,50.39663442808798,59.28889810553651,45.985007331147536,26,1215,6245.454066285287,26.267436095657033,57.46835443037974,False,False,False,False,False,False
19498.0,Jessica Park,Manchester City WFC,39.73210907872925,30.784550491632032,50.984728750823166,36.851988100915136,39.181285055748575,40.83134636782706,8,233,3684.9341378868867,15.49827617917627,2.5316455696202533,False,False,False,False,False,False
19499.0,Shania Hayles,"Aston Villa, Birmingham City WFC",50.618438464835606,44.97409784024556,61.52374305222631,54.76165767455376,44.49106265810032,41.43434175186824,20,987,5839.226122527728,24.558902746492787,42.78481012658228,False,False,False,False,False,False
19500.0,Sarah Emma Mayling,Birmingham City WFC,52.47706854606788,51.372981475462886,44.01769226505716,55.678625816881066,61.01704101833754,52.90266743894153,42,3143,6683.664596326538,28.110483370064248,69.62025316455697,False,False,False,False,False,False
19501.0,Hayley Ladd,"Manchester United, Birmingham City WFC",55.71958802386632,58.27793462643897,52.07637205525188,57.41257122269996,64.49861175360137,37.48774758183344,50,4069,6814.504989456396,28.660778293186368,73.16455696202532,False,False,False,False,True,False
19502.0,Meaghan Sargeant,"Bristol City WFC, Birmingham City WFC",50.18200059689513,60.61617451193783,50.203638055425685,38.90347629568223,44.834698141607326,57.29412567596336,33,2797,6078.2924011542555,25.564379390752844,52.40506329113924,False,False,False,False,False,False
19503.0,Aoife Mannion,"Birmingham City WFC, Manchester City WFC",54.78590215341408,69.94758815334906,43.66990234800837,54.973278463269054,57.68690634634509,38.49492566151897,26,2272,6438.557885452633,27.07960158049944,62.78481012658228,False,True,False,False,False,False
19592.0,Harriet Scott,Birmingham City WFC,49.23783616401565,52.643267240099945,46.63564381611592,49.28983964762164,59.394831163950734,26.81174237647215,42,3655,5081.12139185728,21.370428801227582,19.49367088607595,False,False,False,False,False,False
19687.0,Taylor Hinds,Everton LFC,52.590118845369865,51.37924577320069,47.58142343388245,55.76609903454165,57.25513775462545,52.45704185765661,16,1220,6652.479653542482,27.979324212854383,67.84810126582278,False,False,False,False,False,False
19774.0,Charlotte Buxton,Yeovil Town LFC,48.87371711432076,50.70258329369947,40.566659991489146,55.15751332949511,46.81952301684648,56.609990237552886,8,439,5895.392250743323,24.795128994894476,45.31645569620253,False,False,False,False,False,False
19775.0,Shannon Albuery,Yeovil Town LFC,46.54310267554315,29.58582863344768,50.43014249859488,64.44922912184818,39.44637799920538,57.599884683218015,7,336,5354.798726025433,22.521474315259766,27.088607594936708,False,False,False,False,False,False
19776.0,Monique Fischer,Yeovil Town LFC,47.56640625,33.94208176691729,38.79581766917293,76.35338345864662,58.19725093984962,24.71804511278196,3,152,5230.841253642516,22.00012791676898,23.29113924050633,False,False,False,True,False,False
19777.0,Niamh Fahey,Liverpool WFC,48.49822957566008,56.264840419495016,46.03240027547104,40.45973499027416,55.220037646680446,37.87964874527637,29,2374,5187.851846287363,21.819320965263646,21.265822784810126,False,False,False,False,False,False
19778.0,Frances Kitching,Liverpool WFC,41.61177020082848,48.09580020524805,40.14211213235753,28.825426289229966,33.78724667970066,70.29757522640959,9,815,4668.685051075627,19.635783872287707,9.367088607594937,False,False,False,False,False,False
19779.0,Rhiannon Roberts,Liverpool WFC,49.24199798484483,45.67554425123107,55.60930378890545,46.550993293438346,51.284153413995455,43.53756633323941,20,1456,5581.451631611762,23.474742188211238,32.151898734177216,False,False,False,False,False,False
19780.0,Rachel Rowe,Reading WFC,59.18177613455108,52.89830726360256,56.609043453226285,73.34626170083605,62.55225427658532,46.25235259859581,32,2340,8119.368432290389,34.148836764904104,95.18987341772151,True,False,False,True,False,True
19896.0,Rosie Kmita,West Ham United LFC,47.87728105620055,52.37430499506771,51.86201737684789,36.51599028717673,52.67560235197947,39.7988193539041,9,236,5094.997167315503,21.428788216132922,20.0,False,False,False,False,False,False
20034.0,Danielle Buet,Brighton & Hove Albion WFC,54.37871765522675,52.78130587024005,48.61705103839387,62.97174552599456,60.57987755944581,43.18803810980199,47,3966,6818.238173877703,28.676479502766846,73.67088607594937,False,False,False,False,False,False
20035.0,Bethan Roe,Brighton & Hove Albion WFC,56.18844205958245,57.76985514895613,52.52081104855735,61.08018883415436,59.106655524278686,45.78406638517476,5,420,7229.659780917493,30.406856614917803,83.0379746835443,False,False,False,False,False,True
20061.0,Deanna Cooper,"Reading WFC, Chelsea FCW",50.76478128714882,62.37550089651599,44.35787154236088,45.06992431919024,49.32152140867967,52.03149031855627,25,1971,6087.108907163549,25.60146028282701,53.16455696202531,False,False,False,False,False,False
20725.0,Pauline Bremer,Manchester City WFC,53.913626477123074,45.58881366718293,78.03984254890943,47.4376634975946,45.38117316344329,44.42695090892406,15,732,6397.789326824824,26.9081351831643,60.50632911392405,False,False,True,False,False,False
21014.0,Vyan Sampson,West Ham United LFC,50.77537681110161,64.04731927463517,39.57373038021023,38.01329327518695,49.9556005241556,72.76335637521747,8,467,6768.256058078798,28.46626227616664,71.64556962025317,False,False,False,False,False,False
21021.0,Molly Bartrip,Reading WFC,48.82393770878863,63.05965579620314,43.6574434347767,40.12629576066851,45.55470469426583,50.08462810056803,38,2906,5598.244985588835,23.545372497511853,33.41772151898734,False,False,False,False,False,False
21022.0,Jenna Legg,Brighton & Hove Albion WFC,38.42213548277905,34.360173196806855,38.50949197483851,27.662125186877663,37.532439141350025,71.65806324222166,3,101,4079.2523952799165,17.1567191870812,4.050632911392405,False,False,False,False,False,False
21023.0,Amanda Nildén,Brighton & Hove Albion WFC,45.99888394095253,38.84455546911299,49.66024038236427,53.2989670113564,48.25275409611692,35.623407565885444,13,565,4874.352185497729,20.500788762736406,12.40506329113924,False,False,False,False,False,False
21048.0,Rosella Ayane,"Bristol City WFC, Tottenham Hotspur Women",50.52131602580312,42.31874912560445,58.75097378845569,56.827175758177376,46.950208321326045,44.98408481387384,44,2459,5948.216416590249,25.01729945455423,49.11392405063291,False,False,False,False,False,False
21059.0,Katie Robinson,"Bristol City WFC, Brighton & Hove Albion WFC",48.56255550358773,35.35660953119187,48.57048411678483,58.89759442360874,52.98491621522648,52.04279963826502,12,419,5847.189020512654,24.592393492199243,43.037974683544306,False,False,False,False,False,False
21062.0,Alexandra Riley,Chelsea FCW,47.58817457849641,54.80310501066098,44.191196793808736,50.10345099897338,42.645120133459685,42.89884900892363,8,268,5208.475584139393,21.906061290359656,22.278481012658226,False,False,False,False,False,False
21230.0,Elise Hughes,"Everton LFC, Bristol City WFC",41.4526854748052,32.56701140643158,49.736660699574855,46.33676035031457,41.52191029073559,33.05033320093561,17,664,3945.4886193421144,16.59412895760092,3.2911392405063293,False,False,False,False,False,False
21290.0,Erin Bloomfield,Yeovil Town LFC,40.587205200914966,38.85262521812951,40.95974272508607,41.923437721077214,43.06450679149177,36.36524312597274,9,466,3848.409938061484,16.18583069301912,2.7848101265822782,False,False,False,False,False,False
21556.0,Connie Scofield,Birmingham City WFC,50.84853332460833,43.487091697750536,45.90915282358305,61.90486410045364,54.93147759421164,51.32203855341889,24,1326,6319.7813300545495,26.580045335994523,58.48101265822785,False,False,False,False,False,False
21854.0,Jade Bailey,"Chelsea FCW, Liverpool WFC, Reading WFC",52.48077968315578,58.5156666260484,49.71018167538597,48.44379389804708,61.57955772304399,34.19647283578965,19,1493,5899.857554736276,24.813909388767797,46.07594936708861,False,False,False,False,False,False
21859.0,Ruby Grant,West Ham United LFC,44.10927286784778,38.81646193829312,47.48264351972713,45.54773870059704,47.348021948281534,39.55344373567002,6,224,4551.058726245575,19.141065323748588,6.8354430379746836,False,False,False,False,False,False
21860.0,Paige Bailey Gayle,Arsenal WFC,39.51151533174729,22.65893470790378,49.62265397832409,24.484536082474225,46.43371662701559,72.57467618292361,2,97,4037.5530143121377,16.981337891634244,3.79746835443038,False,False,False,False,False,False
22027.0,Anne Moorhouse,West Ham United LFC,45.50150208779932,55.80491855378505,39.23129966404526,34.98898946002221,39.23066981297461,68.98515678742379,14,1191,5464.128527178239,22.981298938842393,29.873417721518987,False,False,False,False,False,False
22032.0,Hannah Hampton,Birmingham City WFC,44.1280542279886,53.73385712919296,40.26658423840797,32.52759119402172,35.22056145166704,70.78313356950613,46,4269,5190.660273065021,21.831132783928634,21.772151898734176,False,False,False,False,False,False
22297.0,Amelia Hazard,Arsenal WFC,47.27854090354091,31.04090354090354,57.89377289377289,29.761904761904763,58.893467643467645,73.13797313797315,2,27,5635.249227682787,23.701006748305282,35.44303797468354,False,False,False,False,False,False
22305.0,Lauren Thomas,Liverpool WFC,34.580000000000005,24.2,40.2,18.0,33.4,82.0,1,27,3338.6078159328326,14.041679999999998,1.2658227848101267,False,False,False,False,False,False
22337.0,Maya Le Tissier,Brighton & Hove Albion WFC,50.23527411362921,54.28600256629056,46.455247566857686,49.36452727537822,48.731879394422776,54.30680246381948,36,2991,6094.041556720078,25.630617959317302,53.67088607594936,False,False,False,False,False,False
22645.0,Simran Jhamat,Liverpool WFC,44.57136243386244,34.10449735449736,41.1984126984127,52.53439153439153,54.26256613756614,43.86243386243386,2,54,4896.053246613391,20.592060146692422,13.164556962025317,False,False,False,False,False,False
22798.0,So-Hyun Cho,"Tottenham Hotspur Women, West Ham United LFC",50.08229893576307,53.44788847328324,45.5702408755892,44.74636349812948,58.35951353037512,47.06591192844032,30,2269,5872.026960139954,24.69685811318331,44.55696202531645,False,False,False,False,False,False
23217.0,Tessel Middag,West Ham United LFC,49.50189195927446,47.29086299334936,52.82088918499,40.96891049207126,64.34285653291103,34.11600509693153,12,734,5281.460775854398,22.21302597842812,24.81012658227848,False,False,False,False,True,False
23289.0,Emily Simpkins,Brighton & Hove Albion WFC,47.1598376668095,43.608647852316246,49.44383469373098,48.94437562773459,48.286776669062455,44.50486570938288,24,1413,5244.760963294074,22.058672112252896,24.050632911392405,False,False,False,False,False,False
23290.0,Sophie Harris,Brighton & Hove Albion WFC,41.4448835964505,49.950957024196455,39.5418317597895,29.287829541350668,35.92036127018522,60.3004823814683,5,426,4452.541368205959,18.726716202106942,6.329113924050633,False,False,False,False,False,False
23291.0,Ellie Hack,Brighton & Hove Albion WFC,44.01339285714285,50.08928571428572,38.035714285714285,28.57142857142857,67.05357142857143,28.57142857142857,1,92,3925.329586663255,16.5093431122449,3.0379746835443036,False,False,False,False,True,False
23412.0,Abigail Harrison,Bristol City WFC,48.519419730588375,38.40878668498415,56.51615961400457,55.019009629598905,44.43813944747562,48.967533404262845,33,1920,5602.641741337382,23.563864587827048,33.67088607594937,False,False,False,False,False,False
23413.0,Megan Connolly,Brighton & Hove Albion WFC,53.76776983768278,48.315444721397554,56.073962155808246,49.282416879551725,65.81861821978342,46.50211098514294,30,2460,6668.748490550178,28.04774848303791,68.60759493670886,False,False,False,False,True,False
23465.0,Megan Campbell,Manchester City WFC,53.32813795951942,57.19426183900371,37.54210115711072,62.18994389931292,59.81401696172252,52.43255038283719,8,523,6817.556746484985,28.673613522118824,73.41772151898735,False,False,False,False,False,False
23547.0,Emma Brownlie,Everton LFC,42.138836833746616,44.545637280817694,45.312796334059215,29.93470947723525,41.700039651070576,53.47278604366233,5,388,4391.49775073552,18.46997597090287,5.5696202531645564,False,False,False,False,False,False
24238.0,Ashley Hodson,Liverpool WFC,42.19304938932446,34.95553753791576,45.46632013322558,39.78891372874181,39.08686572368521,63.12429081053723,14,349,4578.126085532814,19.254906546950256,7.341772151898734,False,False,False,False,False,False
24239.0,Jemma Elizabeth Purfield,"Bristol City WFC, Liverpool WFC",52.42042957762699,52.10565757223758,45.00897867576091,61.30153604480636,59.310878420730106,40.19287622520079,28,2530,6285.6946481015775,26.436681902301828,57.974683544303794,False,False,False,False,False,False
24281.0,Danielle Carter,"Reading WFC, Arsenal WFC",54.72780671068826,39.38454582995914,63.12299795557989,71.59950395230888,52.86519431808484,42.07981110224742,26,1442,6977.245087105277,29.345238553372948,76.20253164556962,False,False,False,True,False,False
24370.0,Cecilie Fiskerstrand,Brighton & Hove Albion WFC,45.05493676286066,56.85144141277789,40.22299322086449,29.38396767752067,38.35074351944195,72.39385865057538,7,652,5462.676897761583,22.975193604861566,29.620253164556964,False,False,False,False,False,False
24403.0,Katerina Svitková,West Ham United LFC,54.8130497487121,48.68066865780846,63.74009154323832,47.605741619645954,68.4809133490651,34.90528704708202,15,1045,6413.4248535835395,26.973895846135726,61.77215189873417,False,False,False,False,True,False
24720.0,Annabel Blanchard,Liverpool WFC,44.08928571428572,47.49999999999999,40.35714285714286,32.142857142857146,45.44642857142857,66.07142857142857,1,11,5143.332442899704,21.632079081632654,20.506329113924053,False,False,False,False,False,False
24747.0,Millie Laura Farrow,Reading WFC,49.47147169466483,37.231019265971874,54.55008612591551,62.03422082569002,45.12929616898811,50.9349194775735,11,422,5901.069895488699,24.819008310784106,46.58227848101266,False,False,False,False,False,False
24922.0,Florence Allen,Bristol City WFC,46.41520624071491,46.052533373274464,40.431966081069625,43.52382143782236,53.5436316052496,53.80590768514491,22,1493,5378.716133777782,22.622067318272958,28.10126582278481,False,False,False,False,False,False
24925.0,Olivia Chance,Bristol City WFC,50.66423778674984,49.41358637612254,47.86230750391792,57.22639505571039,54.46413924123664,40.07157457350322,14,1037,5888.640445292158,24.76673192138525,45.063291139240505,False,False,False,False,False,False
25442.0,Valérie Gauvin,Everton LFC,47.116046577132906,36.20499444861196,61.31636327021955,53.23900303488718,39.37765082145052,42.12376376157484,15,823,5118.887183635266,21.52926601491959,20.253164556962027,False,False,False,False,False,False
25453.0,Geum-Min Lee,"Brighton & Hove Albion WFC, Manchester City WFC",49.78466082966013,48.65287631584766,59.54825640876713,50.45784911164159,45.50767561238365,35.412727037013816,20,1112,5484.06399075822,23.065144486350505,30.632911392405067,False,False,False,False,False,False
25547.0,Chloe Logarzo,Bristol City WFC,45.46827096241854,36.82080337867848,43.22403774455696,55.77362563579438,54.803003779667776,33.417347985172505,9,694,4812.675018377494,20.241383917436572,11.39240506329114,False,False,False,False,False,False
25568.0,Elizabeth Arnott,Manchester United,46.78947368421053,49.56140350877192,54.67836257309941,33.91812865497076,33.10672514619883,73.24561403508771,2,76,5583.900145774237,23.485040268800656,32.40506329113924,False,False,False,False,False,False
25610.0,Mana Iwabuchi,Aston Villa,58.55923862584916,44.49638561365068,58.115318798119645,76.06818713911987,65.88933588547616,45.14807917987377,12,999,8085.137923420205,34.00486841693029,94.68354430379748,True,False,False,True,True,True
25612.0,Jessie Alexandra Fleming,Chelsea FCW,55.748943336655714,58.37704363766682,47.56128996628109,70.11716917022649,53.46624626347057,45.4767684892933,12,459,7107.494404395251,29.893047500825876,80.25316455696202,False,False,False,True,False,True
26570.0,Amalie Vevle Eikeland,Reading WFC,50.71306009666618,39.15326873492471,59.5506739994585,57.74279136179615,51.18901188260511,42.50713764190123,35,2771,5975.589796391279,25.13242775379628,50.12658227848101,False,False,False,False,False,False
31157.0,Hawa Cissoko,West Ham United LFC,49.90114110293115,53.76323586250486,45.77095580780348,45.59258772789077,69.72904744296555,19.532661511827985,10,593,4821.319995591481,20.277743385316207,11.89873417721519,False,False,False,False,True,False
31527.0,Ebony Salmon,Bristol City WFC,52.63657838975038,29.9986854049476,72.45973314287086,70.29355001417463,44.29964572180364,41.033346056001214,34,2357,6386.267047855194,26.8596742188695,60.0,False,False,True,True,False,False
31528.0,Matilde Lundorf Skovsen,Brighton & Hove Albion WFC,49.57101341096416,45.75312036986914,48.06203127286871,63.44533062267052,55.23399696453884,23.813599828378152,7,609,5305.709091776995,22.315010731204143,26.075949367088608,False,False,False,False,False,False
31529.0,Léa Le Garrec,Brighton & Hove Albion WFC,55.65029173255956,48.36616736558692,61.33928485371271,63.86632263995448,70.50296369529372,13.500714106850094,15,1206,6177.988878641167,25.98368771062128,55.44303797468354,False,False,False,False,True,False
31530.0,Vita van der Linden,Bristol City WFC,44.08482142857142,47.05357142857142,38.92857142857143,33.92857142857143,71.875,14.28571428571429,1,48,3466.655590598939,14.580229591836739,1.7721518987341773,False,False,False,False,True,False
31531.0,Lauren James,Manchester United,58.89719658610456,46.47886845601584,69.33497660843165,78.26137520691414,50.5021318283462,41.91033912940623,22,1278,7925.027828444679,33.33146955058643,93.16455696202532,True,False,True,True,False,True
31532.0,Kirsty Hanson,Manchester United,54.37099139995656,37.21932984507567,65.0084835733802,69.03381226356916,59.22258060226578,31.627594721756157,31,1629,6679.242244031539,28.091883624542387,69.11392405063292,False,False,True,False,False,False
31533.0,Amy Turner,Manchester United,48.93820477742258,62.51277321820958,47.19933648251628,37.20752900708269,50.966795526946086,38.75312445435358,33,2889,5231.17626998611,22.00153694488815,23.544303797468356,False,False,False,False,False,False
31534.0,Ella Toone,Manchester United,56.92888727112576,54.91016093377905,69.93021027393267,63.78177567617956,45.92716296926324,37.77006740109267,34,2388,7151.04178952395,30.076201222534603,81.26582278481013,False,False,True,False,False,True
31535.0,Jessica Sigsworth,Manchester United,48.31456220073668,39.40102499168233,61.093412744597366,51.371866802759264,47.02168407543667,35.12242591027568,27,1378,5229.1905397385735,21.9931852635169,23.037974683544306,False,False,False,False,False,False
31536.0,Millie Turner,Manchester United,52.68375624640431,68.04124724082435,50.57836932553041,40.46348763299682,49.16584498324903,51.02985581566448,36,3329,6399.885236476366,26.916950262460354,60.75949367088608,False,True,False,False,False,False
31538.0,Mary Alexandra Earps,Manchester United,46.08344760190176,60.580569269034605,40.42784461513081,32.40102284851143,35.32702178998131,72.85735203161855,36,3291,5654.62545803228,23.78250024534781,36.45569620253165,False,False,False,False,False,False
31539.0,Leah Galton,Manchester United,59.20099965567614,44.44586460951231,67.15045758979488,71.35276840655625,57.086816019174286,56.14002220703235,29,2427,8345.178789344118,35.098561006039105,96.9620253164557,True,False,True,True,False,True
31540.0,Katie Zelem,Manchester United,64.1444119571636,68.32202672752832,64.00642948451804,69.74568954306065,61.86890401644588,47.39379192250706,32,2513,9188.419875634634,38.64510559867958,98.73417721518987,True,True,True,False,False,True
31550.0,Angela Addison,Tottenham Hotspur Women,48.33466774455981,33.02203778463617,59.76647121967224,51.4028451882504,48.43652678332664,51.69666099167306,24,1501,5585.882285010899,23.49337684692278,32.65822784810127,False,False,False,False,False,False
31551.0,Kit Graham,Tottenham Hotspur Women,57.4308199818637,48.82723654150029,63.32785821032795,75.61200594850396,53.80012897459768,35.096193092863054,31,2264,7394.576740165517,31.100472426059962,85.82278481012658,False,False,False,True,False,True
31552.0,Hannah Godfrey,Tottenham Hotspur Women,50.96178730829619,65.78331064087124,43.476234042764034,39.4234499526328,47.951898731700254,61.71831400520757,19,1778,6412.008002237073,26.967936783463042,61.518987341772146,False,True,False,False,False,False
31553.0,Cecilie Redisch Kvamme,West Ham United LFC,50.39055907363786,57.90698660251533,41.77082038161215,48.72408848202976,55.93539961655163,45.39209707889705,32,2559,5871.3538189844485,24.69402698319693,44.303797468354425,False,False,False,False,False,False
31554.0,Jacinta Galabadaarachchi,West Ham United LFC,48.15233320150234,35.6856367012617,48.48147966451538,65.41599237035744,53.46389849862072,33.34575936262444,11,504,5407.569209851434,22.74341899645103,28.354430379746837,False,False,False,False,False,False
31555.0,Courtney Brosnan,West Ham United LFC,44.46835420649598,53.63649609595541,39.20417201737405,32.04481639589275,37.68960157989908,73.11303583005257,16,1479,5346.815733682839,22.487899055721282,26.83544303797468,False,False,False,False,False,False
31556.0,Laura Vetterlein,West Ham United LFC,47.90984055570129,56.40049554792007,45.77270313378042,41.821361963085,55.0296813356708,29.96332225525,29,2528,4820.008846831224,20.27222889174914,11.645569620253164,False,False,False,False,False,False
31557.0,Katharina Baunach,West Ham United LFC,58.443015695478174,63.178221698390544,47.650526198837646,65.01354154496742,58.59422331455634,60.14275749266368,12,1066,8198.845938974115,34.48310714872243,96.20253164556962,True,False,False,False,False,True
31558.0,Martha Thomas,West Ham United LFC,53.658608519028135,37.73912669985186,68.64607797499791,62.76621256399649,49.63963976171138,45.81136885174108,26,2207,6665.922043575869,28.035860874148717,68.35443037974683,False,False,True,False,False,False
31563.0,Rachel Williams,"Birmingham City WFC, Tottenham Hotspur Women",51.57212029260194,46.17309316756056,58.704601462442845,60.72592361469153,48.64984517583434,34.775428769959,22,1397,5957.0753034602485,25.054558594124654,49.62025316455696,False,False,False,False,False,False
31564.0,Molly Pike,"Everton LFC, Bristol City WFC",47.40037712697058,42.53767470839959,50.745961334227566,49.62568470042152,49.89949035926221,41.74433104377049,26,1664,5236.489725335957,22.02388453521031,23.79746835443038,False,False,False,False,False,False
31565.0,Abbi Grant,Birmingham City WFC,50.26623260907574,41.95051034658877,61.14472354080197,45.8619936708172,53.63204145164929,45.93617112734759,15,1122,5810.784164035638,24.43928016674165,42.025316455696206,False,False,False,False,False,False
31566.0,Lucy Whipp,Birmingham City WFC,50.933703226542704,46.55421320737792,47.587873100060136,51.99057110916372,55.538209670842704,58.92425493681899,32,2257,6463.722409303403,27.18543976537955,63.54430379746835,False,False,False,False,False,False
31567.0,Adrienne Jordan,Birmingham City WFC,56.56758168551898,57.20655151443104,42.84568678632211,66.5304892668754,62.03892725505761,58.406388059440864,13,1212,7795.703928533597,32.787552768795734,91.64556962025317,False,False,False,False,False,True
31568.0,Rebecca Holloway,Birmingham City WFC,49.03370903169753,52.65973925648833,42.05032296842763,49.15901543431626,54.73229302042515,45.77931784520261,31,2857,5653.284950202421,23.776862271970238,36.20253164556962,False,False,False,False,False,False
31628.0,Kristine Leine,Reading WFC,51.23399480990128,61.60850080341828,45.94878127598121,41.50120181063662,57.2130931647306,46.01815294977956,28,2243,5982.206157031215,25.160255166895595,50.37974683544304,False,False,False,False,False,False
31702.0,Rianna Dean,Tottenham Hotspur Women,47.58033153954368,36.60095590609678,63.88027647028606,49.01528626924811,44.75241567422167,37.06483056754001,29,2089,5077.733832748361,21.356181239485974,19.240506329113924,False,False,False,False,False,False
31703.0,Anna Filbey,Tottenham Hotspur Women,48.518122294083234,58.35204237185139,43.85002061852756,36.282716614661055,51.42909660041605,54.2524390347307,16,1440,5692.842664137539,23.94323603949024,38.48101265822785,False,False,False,False,False,False
31713.0,Maéva Clemaron,Everton LFC,51.37178324447094,57.3068097930075,47.79387841671812,46.99666299962925,65.99835547671884,24.976074967699255,21,1554,5309.9620520045855,22.33289803928614,26.329113924050635,False,False,False,False,True,False
31714.0,Georgia Wilson,Bristol City WFC,42.58837254961774,32.18776817811384,45.4500399812837,39.53265605985726,53.190748485262205,46.34239600744455,9,412,4431.501450762187,18.63822548853407,6.075949367088607,False,False,False,False,False,False
32169.0,Jamie-Lee Napier,"Birmingham City WFC, Chelsea FCW",44.7760196342416,28.54371311968025,50.78709824968178,54.278422702091305,51.43669405646691,38.00293440189445,20,1469,4773.204641872702,20.075377477951573,10.886075949367088,False,False,False,False,False,False
32403.0,Emma Wilhelmina Koivisto,Brighton & Hove Albion WFC,60.11062635619065,65.65043664828147,51.98471048981253,66.6565011440979,66.06861761746086,41.56815819355404,9,784,7968.502738983881,33.51431845512286,93.67088607594937,True,True,False,False,True,True
32590.0,Matilde Mota Veiga Santiago Fidalgo,Manchester City WFC,51.440000000000005,40.6,43.4,78.4,62.8,22.0,1,61,5878.91781321784,24.72584,44.81012658227848,False,False,False,True,False,False
32617.0,Megan Wynne,"Bristol City WFC, Tottenham Hotspur Women",45.56541734616221,24.21612578821483,56.4911556860187,68.84518373559469,38.87007048633761,38.455461332173655,4,146,4926.076568293456,20.71833370106339,15.69620253164557,False,False,False,False,False,False
32618.0,Martha Harris,Manchester United,51.76589795958572,58.74368770645296,47.03460284809103,49.03189326143523,57.80947775444677,39.53051117773324,18,1252,5949.3796885657075,25.022192000709076,49.36708860759494,False,False,False,False,False,False
33005.0,Tyler Toland,Manchester City WFC,54.42410714285714,68.30357142857143,34.464285714285715,33.92857142857143,76.69642857142857,66.07142857142857,1,16,7468.606487479659,31.41183035714286,87.59493670886076,False,True,False,False,True,True
33009.0,Lily Simkin,Birmingham City WFC,52.42917696587886,48.50030630124527,39.34812206572771,81.17766542273586,48.55164553321831,45.21207682944772,6,426,6387.207210400915,26.863628400475374,60.25316455696203,False,False,False,True,False,False
33010.0,Freya Gregory,"Aston Villa, Birmingham City WFC",47.28677801432645,35.53855329540254,61.01502514346422,52.55906971011575,49.51757739158522,27.330539842695543,11,492,4899.132948324133,20.605012906735492,13.670886075949367,False,False,False,False,False,False
33090.0,Emily Murphy,"Birmingham City WFC, Chelsea FCW",47.57026624632196,28.715677423864516,55.4272730404532,61.59799407771111,54.291111248708965,33.56707564958527,13,721,5295.653508447779,22.27271846715074,25.31645569620253,False,False,False,False,False,False
33177.0,Maisy Collis,Bristol City WFC,47.90178571428572,44.10714285714285,35.35714285714286,72.14285714285714,40.35714285714285,55.35714285714286,1,36,5562.467538035455,23.39489795918367,31.89873417721519,False,False,False,True,False,False
33349.0,Chloe Morgan,Tottenham Hotspur Women,41.73789221784504,44.44510678001244,39.263425253991294,23.94429469901168,41.328745939595,77.5615108162278,3,159,4911.036836534126,20.655078861832944,14.936708860759493,False,False,False,False,False,False
33664.0,Rachael Laws,Reading WFC,48.7211065707528,65.90351210634229,42.40949520430652,33.09273273895915,38.71146694849525,72.82014805599711,5,424,6228.244326042047,26.195054528638153,56.708860759493675,False,True,False,False,False,False
34232.0,Grace Fisk,West Ham United LFC,49.965446208412125,58.53205652095591,43.36811263638688,43.788850223450765,51.84604417128885,53.63425040128506,27,2482,6004.870965353972,25.25557992597951,51.392405063291136,False,False,False,False,False,False
34360.0,Alexandra MacIver,Everton LFC,45.180989525497225,58.94219623845802,40.471366819087066,29.373000153166508,36.86950176245925,70.79098377985797,21,1869,5439.952423004166,22.879617897769247,29.11392405063291,False,False,False,False,False,False
34375.0,Emma Rose Kelly,Birmingham City WFC,49.26129181516224,38.318076969438295,46.09050627918679,62.69872016355925,59.03510029952141,38.12381910389831,18,921,5739.062800950332,24.137630950921345,40.0,False,False,False,False,False,False
34378.0,Filippa Wallén,West Ham United LFC,52.04925595238097,55.90917107583775,39.75055114638449,65.78174603174604,39.60769400352735,70.56437389770723,2,60,6744.3374314519615,28.365664146751524,70.88607594936708,False,False,False,False,False,False
35406.0,Ruesha Littlejohn,"Birmingham City WFC, West Ham United LFC",46.63291572269388,37.9265708136636,51.22566744882513,53.04655520740757,56.60563921219314,24.144172731515617,13,941,4729.268938128864,19.890590546823695,9.873417721518987,False,False,False,False,False,False
35407.0,Ga-Eul Jeon,"Reading WFC, Bristol City WFC",52.46204091949679,47.09429272986334,42.11281830739958,70.14526806891338,68.956062501629,23.3999704607258,5,210,5939.2550716378,24.97960939177076,48.60759493670886,False,False,False,True,True,False
35648.0,Karima Benameur,Manchester City WFC,48.0,67.03703703703702,41.11111111111112,31.48148148148148,39.07407407407407,68.5185185185185,1,96,5968.303636141382,25.101783264746224,49.87341772151899,False,True,False,False,False,False
36799.0,Kiera Skeels,Bristol City WFC,44.7696889821273,48.40516977617667,43.050772411320665,31.245121475291874,56.38979584262627,43.78719971669336,10,856,4650.471717218143,19.55918134217337,8.60759493670886,False,False,False,False,False,False
36800.0,Aurora Watten Mikalsen,Tottenham Hotspur Women,46.93357109937992,60.24938351408939,41.40758995906055,41.66175872058225,34.11561804208863,63.63852378558261,5,442,5538.221233712169,23.29292166689039,31.39240506329114,False,False,False,False,False,False
36801.0,Aimee Palmer,Bristol City WFC,45.52513187654258,39.80193979044783,42.21969670434499,42.05780358611976,60.693878404667245,44.693863546869686,15,887,4993.185155809078,21.00058227984205,17.72151898734177,False,False,False,False,False,False
38317.0,Lisa Weiß,Aston Villa,42.27195249466187,50.18124663450253,41.032620261997856,27.683623553536023,35.46014934584529,68.39731190660505,21,1955,4771.596219765468,20.068612697606028,10.632911392405063,False,False,False,False,False,False
41812.0,Ruby Mace,"Arsenal WFC, Birmingham City WFC",55.56778318404272,51.7733986267466,54.01544210300524,56.71883738987806,60.84158203096171,56.084891174368025,13,1028,7431.13659506447,31.254237651459487,86.58227848101265,False,False,False,False,False,True
42787.0,Mackenzie Arnold,West Ham United LFC,46.03971452851293,61.30743002064719,40.16806971456707,29.04197760430068,39.52571414775491,69.5730124429823,16,1494,5607.587001833596,23.584663606230198,34.177215189873415,False,False,False,False,False,False
45156.0,Malin Gut,Arsenal WFC,51.76227347035088,54.51627739819312,46.97502012572891,51.029822451273326,52.181266152791565,57.47231368557407,14,683,6539.933288657245,27.50597120824573,65.0632911392405,False,False,False,False,False,False
46533.0,Ramona Petzelberger,Aston Villa,55.94430259383493,54.15462814221746,61.34247608793257,60.76386128742591,54.515765338802105,40.14101211051827,11,818,7001.731652493437,29.448225347400907,76.9620253164557,False,False,False,False,False,False
46534.0,Elisha N''Dow,Aston Villa,46.85799937219142,51.59591244613295,41.78674202540827,42.69956173632181,56.58553814277031,36.55315778487692,20,1604,4903.101475366245,20.621703931818086,13.924050632911392,False,False,False,False,False,False
46535.0,Natalie Haigh,Aston Villa,47.08151922740748,49.76320845307271,44.33432685302949,40.73967316817571,46.349364239891656,61.393279192684645,18,1602,5611.855577331467,23.60261658977948,34.43037974683544,False,False,False,False,False,False
46536.0,Caroline Siems,Aston Villa,55.97262584371252,54.29670114746804,48.2201437007172,63.50049423563332,60.07120261226771,56.29075262086005,13,969,7576.4034860931315,31.865208244856184,89.62025316455696,False,False,False,False,False,True
46537.0,Jodie Hutton,Aston Villa,45.63644058566072,41.67088871032531,47.79386822994846,52.04208038506448,45.825267499340185,36.96781773711336,16,1076,4802.022019394308,20.1965790134139,11.139240506329113,False,False,False,False,False,False
46538.0,Ella Franklin-Fraiture,Aston Villa,55.2609510420728,57.901313874924085,43.89568892100482,66.01268266714654,57.55615415598219,50.97932978464834,10,876,7192.208324371597,30.24934144771496,82.53164556962025,False,False,False,False,False,True
46539.0,Nadine Hanssen,Aston Villa,50.5277119828833,41.53712655758789,53.72706766142895,54.9284927302498,61.32239751910365,34.61485378258401,13,855,5759.4218925192545,24.223258213739463,40.75949367088608,False,False,False,False,False,False
46540.0,Sian Rogers,Aston Villa,43.40517241379311,50.68965517241379,43.96551724137932,25.86206896551724,38.362068965517246,68.96551724137932,1,93,4992.693315589578,20.998513674197387,17.468354430379744,False,False,False,False,False,False
46541.0,Asmita Ale,Aston Villa,52.766990676745415,56.955376834709504,42.517496726929295,52.78383815001125,65.62660246904872,42.16684162523725,18,1509,6323.934078579965,26.59751116879947,58.734177215189874,False,False,False,False,True,False
46542.0,Sophie Haywood,Aston Villa,51.518246358409264,33.59796844983204,42.487064538459066,79.03831820084355,58.48746263831203,49.918319435053725,7,340,6659.814068729423,28.010171654878175,68.10126582278481,False,False,False,True,False,False
46543.0,Amy West,Aston Villa,48.35282123377384,41.77290415321208,44.137790812086855,50.58581092762692,50.34612623680536,66.8876005956265,6,229,6079.595579342185,25.569860361297085,52.65822784810127,False,False,False,False,False,False
46635.0,Emma Harries,Reading WFC,47.63927082821043,38.44014155091362,50.54047915110434,54.1284624775449,43.98510391407314,57.71402374382336,16,709,5619.0322154217565,23.632800445175352,34.93670886075949,False,False,False,False,False,False
46636.0,Bethan Roberts,Reading WFC,50.86175256203991,49.51017139522886,40.79930435677562,56.28491006651927,61.22725560943952,47.819504888470405,6,330,6209.421952867132,26.115890471182396,56.20253164556962,False,False,False,False,False,False
46639.0,Ona Batlle Pascual,Manchester United,60.55900670637592,69.38393603523097,45.83386762051929,68.42385037769063,68.42829524671988,43.84126667556243,19,1678,8103.122330533447,34.08050811574988,94.9367088607595,True,True,False,False,True,True
46716.0,Rianna Jarrett,Brighton & Hove Albion WFC,52.342631277706616,47.94921398696565,62.374721577210245,50.99098385782839,45.27691292655084,55.08068029786787,14,769,6474.336313569643,27.230080242930082,63.79746835443038,False,False,False,False,False,False
46717.0,Chloe Mccarron,Birmingham City WFC,45.353265471783885,41.458877933003606,44.18212651508781,48.148479428263,49.415978375119415,44.301227990845454,8,295,4928.477365551547,20.72843109156314,15.949367088607595,False,False,False,False,False,False
46718.0,Gemma Lawley,Birmingham City WFC,41.15068587187508,32.25776145966686,40.0858338552639,43.632324553267225,54.0383191937596,35.30658293737017,4,193,4016.6704968553563,16.893509178623038,3.5443037974683547,False,False,False,False,False,False
46733.0,Nor Mustafa,West Ham United LFC,41.9976701984516,38.05826824538484,49.895327408157954,42.68184112229751,34.68257256958812,45.3638854668877,6,101,4188.775027973879,17.617354830988504,4.30379746835443,False,False,False,False,False,False
46737.0,Ella Jade Mastrantonio,Bristol City WFC,48.96328966354899,57.49283569624122,43.27647739697454,47.66075021347221,58.13675520594042,26.11460306362517,14,940,4917.50382579656,20.682278041488956,15.18987341772152,False,False,False,False,False,False
46738.0,Emma Bissell,Bristol City WFC,43.98948739920175,34.2904433547705,48.05042411429192,42.92740827518556,49.39093755454942,49.40601365989142,17,819,4738.610042322605,19.929877819593266,10.126582278481013,False,False,False,False,False,False
46739.0,Ellen Jones,Bristol City WFC,46.42417978449681,30.355263798534097,53.65119118511777,57.24924439051247,54.4315494582458,30.86407268832185,4,99,4961.242269043398,20.866235324773115,16.455696202531644,False,False,False,False,False,False
46740.0,Grace Clinton,Everton LFC,62.018135200355616,54.890487076903526,56.67562075315933,76.92004826316123,66.8148536229123,53.79627865625199,4,181,9109.761462754721,38.31428019963251,98.22784810126582,True,False,False,True,True,True
46741.0,Naomi Layzell,Bristol City WFC,38.45711024858706,40.77159319591803,37.84410216082574,29.249573157748483,42.33110419663847,44.870509385237206,6,387,3622.0584485407903,15.233830530494826,2.0253164556962027,False,False,False,False,False,False
46742.0,Benedicte Håland,Bristol City WFC,43.73333333333333,55.0,40.333333333333336,33.33333333333333,31.999999999999996,68.33333333333333,1,85,5028.447147544986,21.148888888888887,18.227848101265824,False,False,False,False,False,False
47520.0,Mollie Green,Birmingham City WFC,47.6523384821494,44.20325389418392,52.57855806918369,41.57481754378168,51.34366973141976,48.731880362672015,16,967,5373.8841024968015,22.601744524839805,27.341772151898734,False,False,False,False,False,False
47521.0,Alessia Russo,Manchester United,59.29554919528788,43.58378961340634,82.48597975775677,71.70731707317073,44.180894308943095,46.00464576074332,4,287,7948.728969053978,33.431152966674574,93.41772151898734,True,False,True,True,False,True
47541.0,Damaris Berta Egurrola Wienke,Everton LFC,59.16525426462368,62.35612112348661,43.33010236430341,75.95923595096197,66.9261106582773,41.66629070828308,6,547,7828.900308865103,32.92717172839584,92.40506329113924,True,False,False,True,True,True
47542.0,Elish Sulola,Tottenham Hotspur Women,34.271551724137936,34.91379310344827,39.48275862068966,31.03448275862069,43.87931034482758,6.896551724137934,1,27,2144.15324067984,9.017984542211654,0.7594936708860759,False,False,False,False,False,False
49646.0,Lois Joel,West Ham United LFC,59.50970434057383,43.717601281919706,44.40127488053135,75.30978958780685,75.61062108240179,72.95903165919329,5,288,9360.897122201914,39.37051883590407,99.24050632911391,True,False,False,True,True,True
49697.0,Carlotte Wubben-Moy,Arsenal WFC,56.629445794389774,68.71905798185189,54.361853956504,46.57982479619769,56.25481428850184,52.92289992860903,16,1170,7371.724727207735,31.004360312568313,85.56962025316456,False,True,False,False,False,True
50193.0,Anouk Denton,West Ham United LFC,44.53703703703704,46.29629629629629,41.11111111111112,31.48148148148148,47.685185185185176,68.5185185185185,1,93,5296.530279964041,22.276406035665293,25.569620253164555,False,False,False,False,False,False
50460.0,Lotta Ökvist,Manchester United,49.81818119486084,61.13524705015251,40.906568642497454,38.601119228482965,62.70372935061477,40.46757555878802,5,310,5474.171832005,23.02353956136979,30.37974683544304,False,False,False,False,False,False
50722.0,Libby Bance,Brighton & Hove Albion WFC,43.64879539185095,32.2194372842521,42.8700990367657,43.199601039107215,53.35396599285489,55.656979052040775,7,243,4898.344687558179,20.601697601062494,13.41772151898734,False,False,False,False,False,False
53440.0,Esther Morgan,Tottenham Hotspur Women,54.1312570808852,51.98435666141887,45.45918097566171,51.11023636294089,71.19611346601711,53.09102705823463,8,663,7068.833895876927,29.730447243718437,79.24050632911393,False,False,False,False,True,True
61029.0,Ivana Fuso,Manchester United,50.92785249187716,46.701570852111935,50.98856251965203,60.92888586102086,36.21980138350278,70.75581700031444,3,94,6449.078027831013,27.123847709717342,63.29113924050633,False,False,False,False,False,False
61467.0,Jessica Naz,Tottenham Hotspur Women,52.04046728939844,43.23282538766083,51.76580473990982,63.14561200923787,55.85334082536017,44.91019190586165,9,433,6411.850676620175,26.967275095690752,61.26582278481013,False,False,False,False,False,False
62713.0,Zecira Musovic,Chelsea FCW,41.93805803571429,46.37276785714286,43.549107142857146,29.35267857142857,34.56473214285714,66.74107142857143,2,184,4619.37590208855,19.428397042410715,7.848101265822785,False,False,False,False,False,False
77715.0,Alicia Window,Manchester City WFC,35.108333333333334,13.333333333333332,38.5,26.66666666666667,49.08333333333334,70.0,1,11,3432.389385545773,14.43611111111111,1.5189873417721518,False,False,False,False,False,False
77716.0,Millie Davies,Manchester City WFC,46.88406464101693,48.39146636657041,39.44587650755903,60.43763093822548,41.01557457108885,46.34087820621709,4,58,5190.364349103704,21.829888172462343,21.518987341772153,False,False,False,False,False,False
77717.0,Olivia McLoughlin,Aston Villa,56.2123580885405,49.30897104725848,44.37771572795344,67.02447351981822,73.192204309528,47.47350828868261,8,631,7553.215745545815,31.767684111852418,89.36708860759494,False,False,False,False,True,True
78072.0,Anna Patten,Arsenal WFC,51.52426857674645,64.27629373059663,42.83860505071641,61.974562862292906,43.47020616967146,36.56590075025299,5,202,5726.456524893689,24.084610858673823,39.49367088607595,False,False,False,False,False,False
81580.0,Agnes Beever-Jones,Chelsea FCW,41.03515625,36.328125,45.3125,26.5625,43.75,65.625,1,18,4406.705043612462,18.533935546874996,5.822784810126582,False,False,False,False,False,False
82429.0,Maisy Barker,West Ham United LFC,32.17519613209269,20.99623875485944,41.02774620016,30.369949335466572,52.63501185914978,0.6820765441455088,2,91,1786.1715019551577,7.512367441267107,0.25316455696202533,False,False,False,False,False,False
85004.0,Maisie Symonds,Brighton & Hove Albion WFC,41.205322128851535,40.68487394957983,40.38795518207283,35.78431372549019,33.66316526610644,70.47619047619048,2,34,4533.122419927004,19.065627929603217,6.582278481012659,False,False,False,False,False,False
105102.0,Veatriki Sarri,Birmingham City WFC,47.83928571428572,32.857142857142854,85.71428571428572,23.214285714285715,28.48214285714286,78.57142857142857,1,40,4891.678521591758,20.57366071428571,12.91139240506329,False,False,True,False,False,False
