player_id,player_name,team,total_games,minutes_played_per_game,passes_per_game,completed_passes_per_game,progressive_passes_per_game,penalty_area_passes_per_game,long_passes_per_game,assists_per_game,key_passes_per_game,shots_per_game,shots_on_target_per_game,goals_per_game,xg_per_game,dribbles_per_game,successful_dribbles_per_game,duels_per_game,won_duels_per_game,tackles_per_game,successful_tackles_per_game,interceptions_per_game,ball_recoveries_per_game,clearances_per_game,blocks_per_game,fouls_committed_per_game,fouls_won_per_game,pass_accuracy_per_game,dribble_success_rate_per_game,duel_win_rate_per_game,tackle_success_rate_per_game,shot_accuracy_per_game,progressive_pass_rate_per_game,penalty_area_pass_rate_per_game,long_pass_rate_per_game
3064.0,David Josué Jiménez Silva,Valencia,1,93.0,36.0,29.0,15.0,3.0,6.0,0.0,1.0,1.0,1.0,0.0,0.11639417,3.0,2.0,6.0,0.0,3.0,0.0,1.0,9.0,0.0,2.0,5.0,4.0,0.8055555555555556,0.6666666666666666,0.0,0.0,1.0,0.4166666666666667,0.08333333333333333,0.16666666666666666
3087.0,Gnégnéri Yaya Touré,Barcelona,19,77.63157894736842,53.1578947368421,48.0,14.947368421052632,1.5263157894736843,10.052631578947368,0.05263157894736842,0.5263157894736842,0.3684210526315789,0.10526315789473684,0.05263157894736842,0.013844215789473679,1.5789473684210527,1.105263157894737,3.9473684210526314,0.5263157894736842,2.3684210526315788,0.5263157894736842,0.8421052631578947,4.7894736842105265,2.263157894736842,1.368421052631579,1.4210526315789473,0.8947368421052632,0.902970297029703,0.7,0.13333333333333333,0.2222222222222222,0.2857142857142857,0.2811881188118812,0.028712871287128714,0.1891089108910891
3095.0,Bruno Saltor Grau,Almería,2,91.0,44.0,32.5,24.5,2.0,13.5,0.0,0.0,0.0,0.0,0.0,0.0,3.0,1.5,6.0,1.0,6.0,1.0,2.0,7.5,5.0,1.5,3.0,0.0,0.7386363636363636,0.5,0.16666666666666666,0.16666666666666666,0.0,0.5568181818181818,0.045454545454545456,0.3068181818181818
3150.0,Jaroslav Plašil,Osasuna,1,82.0,40.0,21.0,13.0,4.0,7.0,0.0,0.0,1.0,1.0,0.0,0.013514783,3.0,1.0,4.0,0.0,3.0,0.0,0.0,5.0,1.0,3.0,0.0,2.0,0.525,0.3333333333333333,0.0,0.0,1.0,0.325,0.1,0.175
3181.0,Lassana Diarra,Real Madrid,1,90.0,56.0,47.0,32.0,0.0,13.0,0.0,1.0,0.0,0.0,0.0,0.0,7.0,5.0,4.0,1.0,3.0,1.0,0.0,10.0,0.0,0.0,4.0,1.0,0.8392857142857143,0.7142857142857143,0.25,0.3333333333333333,0.0,0.5714285714285714,0.0,0.23214285714285715
3237.0,Sergio Leonel Agüero del Castillo,Atlético Madrid,2,76.0,22.0,18.0,3.5,1.5,2.0,0.0,0.0,4.0,2.0,1.0,0.56201566,6.5,4.5,3.5,0.5,2.0,0.5,0.0,4.0,0.0,0.0,0.5,2.0,0.8181818181818182,0.6923076923076923,0.14285714285714285,0.25,0.5,0.1590909090909091,0.06818181818181818,0.09090909090909091
3294.0,Juan Manuel Mata García,Valencia,2,81.5,24.0,18.5,6.0,1.0,3.0,0.5,0.5,0.5,0.0,0.0,0.0599538275,2.0,1.5,2.0,0.0,2.0,0.0,0.0,4.5,0.5,1.5,0.5,1.0,0.7708333333333334,0.75,0.0,0.0,0.0,0.25,0.041666666666666664,0.125
3486.0,Fernando Llorente Torres,Athletic Club,1,59.0,16.0,11.0,3.0,0.0,1.0,0.0,0.0,1.0,0.0,0.0,0.02830677,0.0,0.0,2.0,0.0,0.0,0.0,0.0,2.0,0.0,0.0,2.0,1.0,0.6875,0.0,0.0,0.0,0.0,0.1875,0.0,0.0625
3498.0,Ignacio Monreal Eraso,Osasuna,1,92.0,36.0,23.0,21.0,2.0,6.0,0.0,0.0,0.0,0.0,0.0,0.0,0.0,0.0,4.0,0.0,4.0,0.0,2.0,3.0,8.0,7.0,3.0,0.0,0.6388888888888888,0.0,0.0,0.0,0.0,0.5833333333333334,0.05555555555555555,0.16666666666666666
3957.0,César Azpilicueta Tanco,Osasuna,1,92.0,40.0,24.0,26.0,1.0,10.0,0.0,0.0,0.0,0.0,0.0,0.0,1.0,0.0,3.0,0.0,3.0,0.0,4.0,8.0,10.0,4.0,0.0,0.0,0.6,0.0,0.0,0.0,0.0,0.65,0.025,0.25
3958.0,Pedro Eliezer Rodríguez Ledesma,Barcelona,3,54.333333333333336,25.0,19.0,4.333333333333333,5.333333333333333,4.333333333333333,0.0,0.3333333333333333,1.3333333333333333,1.0,0.0,0.062180783999999996,1.0,0.3333333333333333,2.0,0.0,0.6666666666666666,0.0,0.0,1.6666666666666667,0.0,0.3333333333333333,0.6666666666666666,2.3333333333333335,0.76,0.3333333333333333,0.0,0.0,0.75,0.17333333333333334,0.21333333333333335,0.17333333333333334
4324.0,Daniel Alves da Silva,Barcelona,29,89.37931034482759,72.65517241379311,57.58620689655172,23.310344827586206,9.03448275862069,10.655172413793103,0.27586206896551724,1.5172413793103448,1.7241379310344827,0.3793103448275862,0.1724137931034483,0.05248452361379309,3.0689655172413794,2.1379310344827585,5.103448275862069,1.3793103448275863,3.793103448275862,1.3793103448275863,1.2758620689655173,7.310344827586207,1.9655172413793103,2.0,2.310344827586207,2.3448275862068964,0.7925961082107261,0.6966292134831461,0.2702702702702703,0.36363636363636365,0.22,0.32083531086853345,0.12434741338395823,0.14665401044138585
4409.0,Wesley Sneijder,Real Madrid,1,37.0,18.0,12.0,6.0,3.0,4.0,0.0,0.0,1.0,1.0,0.0,0.06679663,0.0,0.0,1.0,0.0,1.0,0.0,0.0,4.0,0.0,0.0,1.0,0.0,0.6666666666666666,0.0,0.0,0.0,1.0,0.3333333333333333,0.16666666666666666,0.2222222222222222
4711.0,Pablo Hernández Domínguez,Valencia,2,53.5,17.5,9.0,8.0,3.5,7.0,0.0,1.0,0.5,0.5,0.5,0.156962765,4.0,2.0,3.5,0.0,1.0,0.0,0.0,3.0,2.0,1.5,3.0,0.0,0.5142857142857142,0.5,0.0,0.0,1.0,0.45714285714285713,0.2,0.4
4788.0,Jesús Gámez Duarte,Málaga,2,77.5,35.0,22.0,20.5,3.5,9.0,0.0,0.0,0.0,0.0,0.0,0.0,3.0,1.0,4.5,0.0,4.0,0.0,3.0,2.0,9.5,2.5,1.5,0.0,0.6285714285714286,0.3333333333333333,0.0,0.0,0.0,0.5857142857142857,0.1,0.2571428571428571
4913.0,Bojan Krkíc Pérez,Barcelona,14,26.857142857142858,9.071428571428571,6.928571428571429,1.0714285714285714,1.3571428571428572,0.7857142857142857,0.14285714285714285,0.21428571428571427,1.3571428571428572,0.7142857142857143,0.14285714285714285,0.1449295986142857,1.1428571428571428,0.7142857142857143,0.42857142857142855,0.14285714285714285,0.35714285714285715,0.14285714285714285,0.0,1.8571428571428572,0.0,0.07142857142857142,0.0,0.8571428571428571,0.7637795275590551,0.625,0.3333333333333333,0.4,0.5263157894736842,0.11811023622047244,0.14960629921259844,0.08661417322834646
5201.0,Sergio Ramos García,Real Madrid,2,81.0,39.0,28.5,17.5,2.5,11.0,0.5,0.0,0.5,0.5,0.5,0.16054979,1.5,1.5,4.0,0.5,2.5,0.5,2.0,5.5,3.0,3.5,2.0,3.0,0.7307692307692307,1.0,0.125,0.2,1.0,0.44871794871794873,0.0641025641025641,0.28205128205128205
5203.0,Sergio Busquets i Burgos,Barcelona,21,71.38095238095238,47.857142857142854,40.80952380952381,14.19047619047619,0.8571428571428571,8.0,0.0,0.47619047619047616,0.5238095238095238,0.14285714285714285,0.047619047619047616,0.0448118999047619,1.5714285714285714,1.1904761904761905,5.0476190476190474,0.5238095238095238,3.142857142857143,0.5238095238095238,1.0,5.238095238095238,1.7619047619047619,1.7142857142857142,2.2857142857142856,3.5238095238095237,0.8527363184079602,0.7575757575757576,0.10377358490566038,0.16666666666666666,0.2727272727272727,0.2965174129353234,0.01791044776119403,0.16716417910447762
5213.0,Gerard Piqué Bernabéu,Barcelona,21,90.61904761904762,55.76190476190476,48.38095238095238,30.0,0.8571428571428571,15.095238095238095,0.0,0.14285714285714285,0.47619047619047616,0.23809523809523808,0.047619047619047616,0.05673691180952382,0.3333333333333333,0.19047619047619047,2.857142857142857,0.8571428571428571,1.8095238095238095,0.8571428571428571,1.3333333333333333,5.190476190476191,5.761904761904762,1.0476190476190477,1.4761904761904763,0.8571428571428571,0.8676345004269855,0.5714285714285714,0.3,0.47368421052631576,0.5,0.53800170794193,0.015371477369769428,0.2707087959009394
5216.0,Andrés Iniesta Luján,Barcelona,23,77.56521739130434,53.65217391304348,46.0,15.478260869565217,7.043478260869565,7.869565217391305,0.21739130434782608,1.565217391304348,1.608695652173913,0.4782608695652174,0.08695652173913043,0.13807391713043476,4.173913043478261,2.608695652173913,2.0,0.6086956521739131,1.391304347826087,0.6086956521739131,0.34782608695652173,4.521739130434782,0.21739130434782608,0.8695652173913043,0.9130434782608695,3.130434782608696,0.8573743922204214,0.625,0.30434782608695654,0.4375,0.2972972972972973,0.2884927066450567,0.1312803889789303,0.146677471636953
5248.0,José Martín Cáceres Silva,Barcelona,9,57.77777777777778,36.44444444444444,33.22222222222222,16.77777777777778,0.0,7.777777777777778,0.0,0.1111111111111111,0.1111111111111111,0.0,0.0,0.008086287333333334,0.2222222222222222,0.2222222222222222,1.6666666666666667,0.3333333333333333,1.0,0.3333333333333333,0.1111111111111111,2.2222222222222223,2.6666666666666665,0.6666666666666666,0.5555555555555556,0.4444444444444444,0.9115853658536586,1.0,0.2,0.3333333333333333,0.0,0.4603658536585366,0.0,0.21341463414634146
5249.0,Diego Roberto Godín Leal,Villarreal,2,87.5,24.0,18.5,10.0,0.0,5.5,0.0,0.0,0.0,0.0,0.0,0.0,0.5,0.5,6.0,0.0,6.0,0.0,2.0,2.5,7.5,2.5,0.0,0.5,0.7708333333333334,1.0,0.0,0.0,0.0,0.4166666666666667,0.0,0.22916666666666666
5497.0,Gonzalo Gerardo Higuaín,Real Madrid,2,83.0,24.0,16.0,7.5,4.0,4.5,0.0,0.5,1.0,0.5,0.5,0.084253945,6.0,2.5,2.0,0.5,1.0,0.5,0.5,4.0,1.0,1.5,0.5,1.5,0.6666666666666666,0.4166666666666667,0.25,0.5,0.5,0.3125,0.16666666666666666,0.1875
5503.0,Lionel Andrés Messi Cuccittini,Barcelona,31,83.2258064516129,46.67741935483871,37.96774193548387,9.483870967741936,8.0,4.774193548387097,0.3548387096774194,1.8387096774193548,3.5806451612903225,1.5806451612903225,0.7419354838709677,0.546076002483871,8.774193548387096,5.935483870967742,1.935483870967742,0.4838709677419355,1.064516129032258,0.4838709677419355,0.3870967741935484,5.32258064516129,0.03225806451612903,1.2258064516129032,0.9032258064516129,3.225806451612903,0.8134070490670352,0.6764705882352942,0.25,0.45454545454545453,0.44144144144144143,0.20317899101589496,0.1713890808569454,0.1022805805114029
5504.0,Éver Maximiliano David Banega,Atlético Madrid,1,32.0,22.0,20.0,5.0,1.0,3.0,0.0,0.0,0.0,0.0,0.0,0.0,4.0,3.0,1.0,1.0,1.0,1.0,0.0,5.0,0.0,0.0,1.0,1.0,0.9090909090909091,0.75,1.0,1.0,0.0,0.22727272727272727,0.045454545454545456,0.13636363636363635
5552.0,Marcelo Vieira da Silva Júnior,Real Madrid,1,59.0,17.0,15.0,6.0,0.0,1.0,0.0,0.0,0.0,0.0,0.0,0.0,1.0,1.0,1.0,0.0,1.0,0.0,0.0,1.0,0.0,1.0,2.0,1.0,0.8823529411764706,1.0,0.0,0.0,0.0,0.35294117647058826,0.0,0.058823529411764705
5558.0,Rafael Márquez Álvarez,Barcelona,20,89.35,62.05,53.3,32.0,2.0,20.2,0.0,0.25,0.75,0.1,0.05,0.04869039639999999,0.55,0.3,1.95,0.2,1.25,0.2,1.0,3.8,4.4,0.9,0.95,1.25,0.8589846897663175,0.5454545454545454,0.10256410256410256,0.16,0.13333333333333333,0.515713134568896,0.032232070910556,0.32554391619661566
5563.0,José Andrés Guardado Hernández,RC Deportivo La Coruña,1,23.0,8.0,5.0,3.0,0.0,1.0,0.0,0.0,0.0,0.0,0.0,0.0,0.0,0.0,1.0,0.0,1.0,0.0,0.0,1.0,1.0,0.0,1.0,0.0,0.625,0.0,0.0,0.0,0.0,0.375,0.0,0.125
5601.0,Vladimir Stojković,Getafe,1,89.0,39.0,18.0,38.0,0.0,35.0,0.0,0.0,0.0,0.0,0.0,0.0,0.0,0.0,0.0,0.0,0.0,0.0,0.0,9.0,0.0,0.0,0.0,0.0,0.46153846153846156,0.0,0.0,0.0,0.0,0.9743589743589743,0.0,0.8974358974358975
6320.0,Filipe Luís Kasmirski,RC Deportivo La Coruña,1,91.0,36.0,28.0,15.0,2.0,5.0,0.0,0.0,0.0,0.0,0.0,0.0,4.0,3.0,9.0,0.0,8.0,0.0,0.0,2.0,5.0,1.0,3.0,0.0,0.7777777777777778,0.75,0.0,0.0,0.0,0.4166666666666667,0.05555555555555555,0.1388888888888889
6349.0,Federico Julián Fazio,Sevilla,1,90.0,42.0,30.0,18.0,1.0,12.0,0.0,1.0,0.0,0.0,0.0,0.0,3.0,3.0,5.0,1.0,5.0,1.0,0.0,4.0,2.0,1.0,2.0,0.0,0.7142857142857143,1.0,0.2,0.2,0.0,0.42857142857142855,0.023809523809523808,0.2857142857142857
6350.0,Manuel Henrique Tavares Fernandes,Valencia,1,93.0,63.0,54.0,24.0,6.0,10.0,0.0,0.0,0.0,0.0,0.0,0.0,4.0,4.0,3.0,2.0,3.0,2.0,1.0,5.0,0.0,0.0,1.0,4.0,0.8571428571428571,1.0,0.6666666666666666,0.6666666666666666,0.0,0.38095238095238093,0.09523809523809523,0.15873015873015872
6375.0,Juan Francisco Torres Belén,Osasuna,1,93.0,25.0,18.0,11.0,5.0,1.0,1.0,1.0,1.0,1.0,0.0,0.060321867,2.0,1.0,8.0,4.0,7.0,4.0,0.0,6.0,1.0,1.0,1.0,3.0,0.72,0.5,0.5,0.5714285714285714,1.0,0.44,0.2,0.04
6390.0,Markel Susaeta Laskurain,Athletic Club,1,93.0,22.0,15.0,7.0,3.0,2.0,0.0,2.0,0.0,0.0,0.0,0.0,5.0,3.0,1.0,0.0,1.0,0.0,1.0,6.0,1.0,1.0,1.0,1.0,0.6818181818181818,0.6,0.0,0.0,0.0,0.3181818181818182,0.13636363636363635,0.09090909090909091
6391.0,Raúl García Escudero,Atlético Madrid,2,84.5,37.5,28.0,19.5,1.5,7.0,0.0,0.5,2.5,0.0,0.0,0.02143358495,2.5,1.0,4.0,1.5,2.5,1.5,1.0,6.0,1.5,3.0,2.0,1.0,0.7466666666666667,0.4,0.375,0.6,0.0,0.52,0.04,0.18666666666666668
6576.0,Gorka Iraizoz Moreno,Athletic Club,1,91.0,40.0,26.0,40.0,1.0,30.0,0.0,0.0,0.0,0.0,0.0,0.0,0.0,0.0,0.0,0.0,0.0,0.0,0.0,1.0,1.0,0.0,0.0,0.0,0.65,0.0,0.0,0.0,0.0,1.0,0.025,0.75
6614.0,Alexis Ruano Delgado,Valencia,1,95.0,34.0,19.0,20.0,0.0,6.0,0.0,0.0,1.0,0.0,0.0,0.005554722,0.0,0.0,7.0,0.0,4.0,0.0,1.0,3.0,6.0,6.0,1.0,0.0,0.5588235294117647,0.0,0.0,0.0,0.0,0.5882352941176471,0.0,0.17647058823529413
6651.0,Joaquín Sánchez Rodríguez,Valencia,1,82.0,25.0,21.0,4.0,4.0,6.0,0.0,2.0,1.0,0.0,0.0,0.07280441,4.0,1.0,3.0,0.0,2.0,0.0,0.0,3.0,0.0,5.0,0.0,2.0,0.84,0.25,0.0,0.0,0.0,0.16,0.16,0.24
6705.0,José Ángel Valdés Díaz,Sporting Gijón,1,30.0,12.0,6.0,8.0,1.0,2.0,0.0,0.0,0.0,0.0,0.0,0.0,1.0,0.0,2.0,0.0,2.0,0.0,0.0,1.0,2.0,0.0,0.0,0.0,0.5,0.0,0.0,0.0,0.0,0.6666666666666666,0.08333333333333333,0.16666666666666666
6735.0,Adrián López Álvarez,Málaga,1,60.0,8.0,6.0,0.0,1.0,1.0,0.0,0.0,1.0,1.0,0.0,0.40625578,1.0,0.0,4.0,0.0,1.0,0.0,0.0,1.0,1.0,1.0,0.0,1.0,0.75,0.0,0.0,0.0,1.0,0.0,0.125,0.125
6745.0,Mehdi Lacen,Racing Santander,2,91.5,28.0,21.0,7.5,0.5,2.5,0.0,0.0,0.0,0.0,0.0,0.0,1.0,0.5,5.0,1.5,4.0,1.5,1.0,3.5,0.5,1.0,4.0,0.0,0.75,0.5,0.3,0.375,0.0,0.26785714285714285,0.017857142857142856,0.08928571428571429
6751.0,Javier Fuego Martínez,Recreativo Huelva,1,92.0,39.0,31.0,11.0,4.0,10.0,0.0,1.0,0.0,0.0,0.0,0.0,2.0,0.0,9.0,0.0,7.0,0.0,2.0,3.0,3.0,3.0,1.0,0.0,0.7948717948717948,0.0,0.0,0.0,0.0,0.28205128205128205,0.10256410256410256,0.2564102564102564
6755.0,Sergio Asenjo Andrés,Real Valladolid,2,87.5,27.5,13.0,26.5,1.0,24.5,0.0,0.0,0.0,0.0,0.0,0.0,0.0,0.0,0.0,0.0,0.0,0.0,0.0,4.0,0.0,0.0,0.0,0.0,0.4727272727272727,0.0,0.0,0.0,0.0,0.9636363636363636,0.03636363636363636,0.8909090909090909
6758.0,Víctor Sánchez Mata,Barcelona,1,20.0,10.0,10.0,0.0,1.0,0.0,0.0,0.0,0.0,0.0,0.0,0.0,0.0,0.0,2.0,1.0,2.0,1.0,0.0,2.0,0.0,0.0,1.0,0.0,1.0,0.0,0.5,0.5,0.0,0.0,0.1,0.0
6763.0,Pablo Daniel Piatti,Almería,1,11.0,1.0,1.0,0.0,0.0,0.0,0.0,0.0,0.0,0.0,0.0,0.0,0.0,0.0,0.0,0.0,0.0,0.0,0.0,1.0,0.0,1.0,1.0,0.0,1.0,0.0,0.0,0.0,0.0,0.0,0.0,0.0
6767.0,Sergio García De La Fuente,Real Betis,2,90.5,15.5,9.5,6.5,3.0,4.0,1.0,1.0,0.5,0.0,0.0,0.036726773,6.5,3.0,2.0,0.5,1.5,0.5,0.5,4.0,0.0,2.0,1.0,4.0,0.6129032258064516,0.46153846153846156,0.25,0.3333333333333333,0.0,0.41935483870967744,0.1935483870967742,0.25806451612903225
6768.0,Diego López Rodríguez,Villarreal,2,93.5,26.0,14.0,24.0,1.0,20.0,0.0,0.0,0.0,0.0,0.0,0.0,0.0,0.0,0.0,0.0,0.0,0.0,0.0,6.0,0.0,0.0,0.0,0.0,0.5384615384615384,0.0,0.0,0.0,0.0,0.9230769230769231,0.038461538461538464,0.7692307692307693
6770.0,Esteban Félix Granero Molina,Getafe,1,47.0,26.0,16.0,10.0,1.0,5.0,0.0,0.0,0.0,0.0,0.0,0.0,5.0,1.0,2.0,0.0,1.0,0.0,1.0,8.0,0.0,1.0,3.0,3.0,0.6153846153846154,0.2,0.0,0.0,0.0,0.38461538461538464,0.038461538461538464,0.19230769230769232
6787.0,Pedro López Muñoz,Real Valladolid,2,92.5,43.0,30.5,17.5,2.5,9.0,0.0,0.5,0.0,0.0,0.0,0.0,2.0,1.0,5.5,0.5,4.0,0.5,2.5,7.0,6.5,2.0,1.5,0.5,0.7093023255813954,0.5,0.09090909090909091,0.125,0.0,0.4069767441860465,0.05813953488372093,0.20930232558139536
6836.0,Francisco Javier García Fernández,Real Madrid,2,16.0,7.0,5.0,3.5,0.0,1.5,0.0,0.0,0.0,0.0,0.0,0.0,0.0,0.0,0.0,0.0,0.0,0.0,0.0,0.5,0.0,0.0,1.5,0.0,0.7142857142857143,0.0,0.0,0.0,0.0,0.5,0.0,0.21428571428571427
6891.0,Ezequiel Marcelo Garay,Racing Santander,1,93.0,8.0,6.0,4.0,0.0,3.0,0.0,0.0,1.0,0.0,0.0,0.052312896,0.0,0.0,4.0,0.0,2.0,0.0,4.0,1.0,6.0,3.0,1.0,1.0,0.75,0.0,0.0,0.0,0.0,0.5,0.0,0.375
6904.0,Sergio Sánchez Ortega,Espanyol,2,90.5,35.5,23.5,23.0,0.5,9.5,0.0,0.0,0.0,0.0,0.0,0.0,1.0,0.5,4.0,0.0,3.5,0.0,2.5,3.0,8.0,3.5,1.5,0.0,0.6619718309859155,0.5,0.0,0.0,0.0,0.647887323943662,0.014084507042253521,0.2676056338028169
6907.0,Pedro León Sánchez Gil,Real Valladolid,1,46.0,16.0,7.0,4.0,4.0,3.0,0.0,0.0,0.0,0.0,0.0,0.0,1.0,0.0,1.0,0.0,1.0,0.0,1.0,4.0,0.0,1.0,0.0,1.0,0.4375,0.0,0.0,0.0,0.0,0.25,0.25,0.1875
6913.0,Fernando Navarro i Corbacho,Sevilla,1,90.0,41.0,29.0,23.0,2.0,11.0,0.0,0.0,0.0,0.0,0.0,0.0,0.0,0.0,3.0,0.0,3.0,0.0,2.0,2.0,2.0,4.0,3.0,0.0,0.7073170731707317,0.0,0.0,0.0,0.0,0.5609756097560976,0.04878048780487805,0.2682926829268293
7029.0,José María Callejón Bueno,Espanyol,1,13.0,2.0,1.0,1.0,1.0,1.0,0.0,0.0,0.0,0.0,0.0,0.0,1.0,1.0,1.0,0.0,0.0,0.0,0.0,1.0,0.0,0.0,2.0,1.0,0.5,1.0,0.0,0.0,0.0,0.5,0.5,0.5
7030.0,Raúl Albiol i Tortajada,Valencia,2,94.0,31.0,22.5,17.0,1.0,10.0,0.0,0.5,0.0,0.0,0.0,0.0,0.0,0.0,2.5,0.0,0.5,0.0,2.0,3.0,7.0,3.5,1.5,0.0,0.7258064516129032,0.0,0.0,0.0,0.0,0.5483870967741935,0.03225806451612903,0.3225806451612903
7141.0,Giuseppe Rossi,Villarreal,2,67.5,20.5,16.5,2.5,1.5,1.5,1.0,0.0,1.0,0.5,0.0,0.17333682,2.5,2.5,3.5,0.0,0.5,0.0,0.0,3.0,0.5,0.0,1.5,2.5,0.8048780487804879,1.0,0.0,0.0,0.5,0.12195121951219512,0.07317073170731707,0.07317073170731707
7476.0,Emiliano Moretti,Valencia,1,15.0,5.0,3.0,3.0,1.0,1.0,0.0,1.0,0.0,0.0,0.0,0.0,0.0,0.0,0.0,0.0,0.0,0.0,0.0,1.0,2.0,1.0,1.0,0.0,0.6,0.0,0.0,0.0,0.0,0.6,0.2,0.2
7909.0,Nicolás Martín Pareja,Espanyol,2,90.0,21.0,17.0,11.5,1.0,9.0,0.0,0.0,0.0,0.0,0.0,0.0,0.5,0.5,4.5,0.5,2.5,0.5,2.0,1.0,9.5,2.0,0.5,0.0,0.8095238095238095,1.0,0.1111111111111111,0.2,0.0,0.5476190476190477,0.047619047619047616,0.42857142857142855
8060.0,Klaas-Jan Huntelaar,Real Madrid,1,30.0,9.0,8.0,1.0,0.0,0.0,0.0,0.0,0.0,0.0,0.0,0.0,1.0,0.0,2.0,0.0,0.0,0.0,0.0,1.0,0.0,0.0,2.0,0.0,0.8888888888888888,0.0,0.0,0.0,0.0,0.1111111111111111,0.0,0.0
8218.0,Arjen Robben,Real Madrid,1,79.0,29.0,22.0,7.0,8.0,5.0,1.0,0.0,1.0,1.0,0.0,0.09425386,7.0,4.0,2.0,0.0,2.0,0.0,1.0,0.0,0.0,2.0,1.0,2.0,0.7586206896551724,0.5714285714285714,0.0,0.0,1.0,0.2413793103448276,0.27586206896551724,0.1724137931034483
8404.0,Eugen Polanski,Getafe,1,89.0,19.0,16.0,7.0,1.0,2.0,0.0,0.0,0.0,0.0,0.0,0.0,2.0,1.0,1.0,0.0,0.0,0.0,0.0,4.0,2.0,2.0,3.0,1.0,0.8421052631578947,0.5,0.0,0.0,0.0,0.3684210526315789,0.05263157894736842,0.10526315789473684
9399.0,Javier Martínez Aginaga,Athletic Club,1,45.0,6.0,6.0,3.0,0.0,0.0,0.0,0.0,1.0,0.0,0.0,0.16116357,0.0,0.0,2.0,0.0,2.0,0.0,0.0,2.0,3.0,0.0,5.0,2.0,1.0,0.0,0.0,0.0,0.0,0.5,0.0,0.0
10763.0,Asier Riesgo Unamuno,Recreativo Huelva,2,92.5,38.5,19.0,37.5,0.0,31.5,0.0,0.0,0.0,0.0,0.0,0.0,0.0,0.0,0.0,0.0,0.0,0.0,0.0,7.0,0.0,0.0,0.0,0.5,0.4935064935064935,0.0,0.0,0.0,0.0,0.974025974025974,0.0,0.8181818181818182
10798.0,Eliseu Pereira dos Santos,Málaga,2,91.0,23.5,12.0,9.5,3.5,5.0,0.0,0.0,1.5,0.5,0.0,0.02459416275,4.5,2.0,4.0,1.5,2.0,1.5,2.5,7.5,0.0,2.5,2.0,3.5,0.5106382978723404,0.4444444444444444,0.375,0.75,0.3333333333333333,0.40425531914893614,0.14893617021276595,0.2127659574468085
11179.0,Iker Casillas Fernández,Real Madrid,2,90.0,30.5,17.0,30.0,2.0,23.0,0.0,0.0,0.0,0.0,0.0,0.0,0.5,0.5,0.0,0.0,0.0,0.0,0.0,7.0,0.5,0.0,0.0,0.5,0.5573770491803278,1.0,0.0,0.0,0.0,0.9836065573770492,0.06557377049180328,0.7540983606557377
11270.0,Eiður Smári Guðjohnsen,Barcelona,13,51.07692307692308,23.23076923076923,18.923076923076923,6.923076923076923,1.6153846153846154,2.5384615384615383,0.07692307692307693,0.46153846153846156,1.0,0.3076923076923077,0.23076923076923078,0.1796351596923077,1.1538461538461537,0.7692307692307693,0.9230769230769231,0.0,0.23076923076923078,0.0,0.07692307692307693,3.230769230769231,0.23076923076923078,0.6153846153846154,0.6153846153846154,0.8461538461538461,0.8145695364238411,0.6666666666666666,0.0,0.0,0.3076923076923077,0.2980132450331126,0.0695364238410596,0.10927152317880795
11294.0,Borja Fernández Fernández,Real Valladolid,1,95.0,41.0,26.0,25.0,2.0,14.0,0.0,0.0,2.0,0.0,0.0,0.0626105129999999,0.0,0.0,5.0,0.0,4.0,0.0,2.0,2.0,0.0,2.0,4.0,1.0,0.6341463414634146,0.0,0.0,0.0,0.0,0.6097560975609756,0.04878048780487805,0.34146341463414637
11301.0,Miguel Alfonso Herrero Javaloyas,Valencia,2,24.5,7.5,5.5,3.0,0.5,2.0,0.0,0.0,0.0,0.0,0.0,0.0,0.5,0.0,1.5,0.0,1.0,0.0,0.5,3.0,1.5,0.0,0.5,0.5,0.7333333333333333,0.0,0.0,0.0,0.0,0.4,0.06666666666666667,0.26666666666666666
11386.0,Santiago Cazorla González,Villarreal,1,93.0,54.0,39.0,22.0,8.0,8.0,0.0,2.0,0.0,0.0,0.0,0.0,7.0,6.0,5.0,2.0,4.0,2.0,2.0,11.0,3.0,2.0,2.0,5.0,0.7222222222222222,0.8571428571428571,0.4,0.5,0.0,0.4074074074074074,0.14814814814814814,0.14814814814814814
12358.0,Haris Medunjanin,Real Valladolid,1,46.0,22.0,16.0,11.0,2.0,5.0,0.0,0.0,1.0,1.0,0.0,0.011234397,0.0,0.0,2.0,0.0,2.0,0.0,0.0,4.0,0.0,0.0,0.0,0.0,0.7272727272727273,0.0,0.0,0.0,1.0,0.5,0.09090909090909091,0.22727272727272727
12737.0,David Villa Sánchez,Valencia,2,90.0,12.5,9.0,0.0,1.5,0.0,0.0,0.0,3.0,1.5,0.0,0.1418106589999999,5.0,2.5,3.5,0.0,0.5,0.0,0.0,4.0,0.0,2.0,2.5,4.0,0.72,0.5,0.0,0.0,0.5,0.0,0.12,0.0
13157.0,Ivan Marcano Sierra,Racing Santander,2,91.5,22.5,15.0,14.0,1.0,5.5,0.0,1.0,0.0,0.0,0.0,0.0,0.0,0.0,4.0,0.5,4.0,0.5,2.0,3.5,6.5,2.0,2.5,0.5,0.6666666666666666,0.0,0.125,0.125,0.0,0.6222222222222222,0.044444444444444446,0.24444444444444444
15516.0,Thierry Henry,Barcelona,25,74.76,28.0,20.24,4.16,5.2,1.76,0.28,0.84,3.4,2.04,0.68,0.47864026062,2.8,1.48,1.64,0.2,0.68,0.2,0.48,3.12,0.24,0.4,1.28,1.6,0.7228571428571429,0.5285714285714286,0.12195121951219512,0.29411764705882354,0.6,0.14857142857142858,0.18571428571428572,0.06285714285714286
15601.0,Miguel Ángel Salgado Fernández,Real Madrid,1,89.0,29.0,23.0,10.0,1.0,5.0,0.0,0.0,0.0,0.0,0.0,0.0,1.0,0.0,8.0,0.0,5.0,0.0,0.0,0.0,5.0,6.0,6.0,0.0,0.7931034482758621,0.0,0.0,0.0,0.0,0.3448275862068966,0.034482758620689655,0.1724137931034483
15607.0,Raúl González Blanco,Real Madrid,2,91.5,25.0,17.0,11.5,2.5,6.0,0.0,0.5,1.0,0.0,0.0,0.08793991500000001,2.5,1.0,6.0,0.5,2.5,0.5,0.5,3.5,0.5,1.0,4.0,2.5,0.68,0.4,0.08333333333333333,0.2,0.0,0.46,0.1,0.24
15656.0,Roberto Luis Gaspar de Deus Severo,Recreativo Huelva,1,92.0,25.0,16.0,15.0,0.0,13.0,0.0,0.0,2.0,2.0,0.0,0.10048515,0.0,0.0,1.0,0.0,1.0,0.0,3.0,7.0,4.0,2.0,1.0,1.0,0.64,0.0,0.0,0.0,1.0,0.6,0.0,0.52
15775.0,Fabio Cannavaro,Real Madrid,2,90.0,22.5,16.5,12.0,0.5,7.0,0.0,0.0,0.0,0.0,0.0,0.0,0.0,0.0,2.5,1.5,2.5,1.5,1.5,1.0,4.0,2.0,1.0,0.5,0.7333333333333333,0.0,0.6,0.6,0.0,0.5333333333333333,0.022222222222222223,0.3111111111111111
16478.0,Miguel Marcos Madera,Sporting Gijón,2,67.5,26.0,17.5,14.0,0.0,8.0,0.0,0.0,0.5,0.5,0.0,0.0032305508,1.0,0.5,1.5,0.0,1.5,0.0,0.5,6.5,3.0,3.5,3.5,0.5,0.6730769230769231,0.5,0.0,0.0,1.0,0.5384615384615384,0.0,0.3076923076923077
16604.0,Alain Nef,Recreativo Huelva,1,93.0,32.0,26.0,14.0,0.0,6.0,0.0,1.0,0.0,0.0,0.0,0.0,0.0,0.0,4.0,0.0,3.0,0.0,1.0,3.0,5.0,3.0,1.0,1.0,0.8125,0.0,0.0,0.0,0.0,0.4375,0.0,0.1875
17730.0,Cosmin Marius Contra,Getafe,1,46.0,19.0,15.0,6.0,1.0,3.0,0.0,1.0,0.0,0.0,0.0,0.0,2.0,0.0,3.0,0.0,2.0,0.0,0.0,1.0,0.0,0.0,5.0,1.0,0.7894736842105263,0.0,0.0,0.0,0.0,0.3157894736842105,0.05263157894736842,0.15789473684210525
18882.0,Aliaksandr Hleb,Barcelona,9,32.22222222222222,18.333333333333332,14.222222222222221,3.4444444444444446,2.7777777777777777,0.2222222222222222,0.2222222222222222,0.8888888888888888,0.1111111111111111,0.1111111111111111,0.0,0.028788672222222225,1.0,0.6666666666666666,0.7777777777777778,0.1111111111111111,0.1111111111111111,0.1111111111111111,0.4444444444444444,1.8888888888888888,0.0,0.4444444444444444,0.8888888888888888,1.2222222222222223,0.7757575757575758,0.6666666666666666,0.14285714285714285,1.0,1.0,0.18787878787878787,0.15151515151515152,0.012121212121212121
19298.0,Samuel Eto''o Fils,Barcelona,29,81.93103448275862,27.413793103448278,20.896551724137932,4.586206896551724,3.586206896551724,1.8620689655172413,0.034482758620689655,0.7931034482758621,3.8620689655172415,1.793103448275862,0.896551724137931,0.7606879089689655,3.689655172413793,1.9655172413793103,1.4482758620689655,0.5862068965517241,0.896551724137931,0.5862068965517241,0.13793103448275862,3.2413793103448274,0.10344827586206896,0.8620689655172413,1.0,1.3793103448275863,0.7622641509433963,0.5327102803738317,0.40476190476190477,0.6538461538461539,0.4642857142857143,0.16729559748427672,0.13081761006289308,0.06792452830188679
19312.0,Robert Pirès,Villarreal,2,79.0,35.0,24.0,11.5,1.5,4.5,0.0,0.5,0.5,0.0,0.0,0.00592937275,3.0,2.0,3.0,0.5,2.0,0.5,1.0,4.5,0.0,0.0,3.0,2.0,0.6857142857142857,0.6666666666666666,0.16666666666666666,0.25,0.0,0.32857142857142857,0.04285714285714286,0.12857142857142856
19577.0,Pedro Manuel Munitis Álvarez,Racing Santander,2,91.5,22.5,12.0,8.0,4.5,4.5,0.0,0.5,0.5,0.5,0.0,0.06406253,1.5,0.5,4.5,0.5,3.5,0.5,0.5,1.0,1.0,1.0,2.0,2.5,0.5333333333333333,0.3333333333333333,0.1111111111111111,0.14285714285714285,1.0,0.35555555555555557,0.2,0.2
19724.0,Rafael van der Vaart,Real Madrid,2,18.0,8.5,7.0,2.0,0.5,1.5,0.0,0.0,0.0,0.0,0.0,0.0,0.0,0.0,0.5,0.0,0.0,0.0,1.0,0.5,0.0,1.0,0.5,1.0,0.8235294117647058,0.0,0.0,0.0,0.0,0.23529411764705882,0.058823529411764705,0.17647058823529413
19728.0,Johnny Heitinga,Atlético Madrid,2,88.0,43.5,34.5,23.0,1.5,14.5,0.0,0.5,0.0,0.0,0.0,0.0,1.0,0.0,3.0,1.0,1.5,1.0,1.0,3.0,4.5,1.0,2.0,1.0,0.7931034482758621,0.0,0.3333333333333333,0.6666666666666666,0.0,0.5287356321839081,0.034482758620689655,0.3333333333333333
19731.0,Tomáš Ujfaluši,Atlético Madrid,2,89.5,28.5,23.0,13.0,1.0,5.0,0.0,0.0,0.5,0.5,0.0,0.0499269,0.0,0.0,2.0,0.5,2.0,0.5,2.0,3.5,7.0,0.5,1.5,0.5,0.8070175438596491,0.0,0.25,0.25,1.0,0.45614035087719296,0.03508771929824561,0.17543859649122806
19760.0,Nuno Ricardo de Oliveira Ribeiro,Atlético Madrid,1,13.0,9.0,6.0,5.0,1.0,3.0,0.0,0.0,0.0,0.0,0.0,0.0,0.0,0.0,2.0,1.0,2.0,1.0,0.0,2.0,0.0,1.0,0.0,0.0,0.6666666666666666,0.0,0.5,0.5,0.0,0.5555555555555556,0.1111111111111111,0.3333333333333333
19761.0,Ricardo Alexandre Martins Soares Pereira,Real Betis,1,93.0,42.0,21.0,42.0,2.0,40.0,0.0,1.0,0.0,0.0,0.0,0.0,0.0,0.0,0.0,0.0,0.0,0.0,0.0,6.0,1.0,0.0,0.0,1.0,0.5,0.0,0.0,0.0,0.0,1.0,0.047619047619047616,0.9523809523809523
19765.0,Simão Pedro Fonseca Sabrosa,Atlético Madrid,1,92.0,51.0,41.0,10.0,11.0,12.0,0.0,7.0,2.0,1.0,0.0,0.107518357,5.0,4.0,3.0,1.0,2.0,1.0,1.0,5.0,0.0,1.0,0.0,4.0,0.803921568627451,0.8,0.3333333333333333,0.5,0.5,0.19607843137254902,0.21568627450980393,0.23529411764705882
20014.0,Christoph Metzelder,Real Madrid,2,85.0,24.0,17.0,10.5,1.0,7.0,0.0,0.0,0.0,0.0,0.0,0.0,0.5,0.5,1.0,0.0,1.0,0.0,0.0,2.0,4.5,2.0,1.5,1.0,0.7083333333333334,1.0,0.0,0.0,0.0,0.4375,0.041666666666666664,0.2916666666666667
20023.0,Marco Aurélio Brito Dos Prazeres,Real Betis,2,92.5,31.5,24.5,11.5,1.5,5.0,0.0,0.0,0.0,0.0,0.0,0.0,1.5,1.5,4.5,0.5,2.5,0.5,0.5,6.5,5.0,3.0,5.0,1.0,0.7777777777777778,1.0,0.1111111111111111,0.2,0.0,0.36507936507936506,0.047619047619047616,0.15873015873015872
20070.0,Luís Miguel Brito Garcia Monteiro,Valencia,2,84.0,44.5,31.5,16.5,3.5,9.5,0.0,0.0,0.0,0.0,0.0,0.0,1.0,0.0,1.5,1.0,1.0,1.0,1.0,4.5,5.5,1.5,3.0,0.5,0.7078651685393258,0.0,0.6666666666666666,1.0,0.0,0.3707865168539326,0.07865168539325842,0.21348314606741572
20101.0,Nihat Kahveci,Villarreal,2,23.0,8.5,7.0,2.5,1.0,1.0,0.0,0.5,1.0,0.0,0.0,0.0985466365,0.5,0.5,0.5,0.0,0.0,0.0,0.0,0.5,0.0,0.0,0.5,1.5,0.8235294117647058,1.0,0.0,0.0,0.0,0.29411764705882354,0.11764705882352941,0.11764705882352941
20124.0,Vicente Rodríguez Guillén,Valencia,2,11.5,6.5,3.5,2.0,0.0,1.5,0.0,0.5,0.0,0.0,0.0,0.0,1.0,0.0,0.0,0.0,0.0,0.0,0.0,3.5,0.0,0.5,0.5,0.5,0.5384615384615384,0.0,0.0,0.0,0.0,0.3076923076923077,0.0,0.23076923076923078
20125.0,Carles Puyol i Saforcada,Barcelona,25,88.84,50.68,42.68,20.04,1.56,8.6,0.04,0.2,0.36,0.04,0.04,0.017679263,1.0,0.6,3.04,0.56,1.96,0.56,0.76,3.36,5.24,1.4,0.92,1.32,0.8421468034727704,0.6,0.18421052631578946,0.2857142857142857,0.1111111111111111,0.39542225730071034,0.030781373322809787,0.1696921862667719
20127.0,Carlos Marchena López,Valencia,1,94.0,26.0,19.0,13.0,4.0,4.0,0.0,0.0,0.0,0.0,0.0,0.0,0.0,0.0,4.0,1.0,2.0,1.0,4.0,4.0,2.0,2.0,4.0,0.0,0.7307692307692307,0.0,0.25,0.5,0.0,0.5,0.15384615384615385,0.15384615384615385
20128.0,David Albelda Aliqués,Valencia,1,94.0,55.0,48.0,15.0,2.0,6.0,0.0,0.0,0.0,0.0,0.0,0.0,1.0,1.0,2.0,0.0,2.0,0.0,0.0,5.0,0.0,2.0,5.0,3.0,0.8727272727272727,1.0,0.0,0.0,0.0,0.2727272727272727,0.03636363636363636,0.10909090909090909
20129.0,Rubén Baraja Vegas,Valencia,2,68.5,34.0,28.0,13.0,1.0,4.0,0.0,0.0,0.0,0.0,0.0,0.0,1.0,0.5,2.5,0.0,1.0,0.0,1.0,4.0,2.0,2.5,1.5,1.5,0.8235294117647058,0.5,0.0,0.0,0.0,0.38235294117647056,0.029411764705882353,0.11764705882352941
20131.0,Xavier Hernández Creus,Barcelona,31,87.54838709677419,85.41935483870968,73.19354838709677,27.258064516129032,10.064516129032258,18.161290322580644,0.5483870967741935,2.774193548387097,1.6451612903225807,0.41935483870967744,0.16129032258064516,0.12999229890322578,2.3225806451612905,1.7741935483870968,1.5806451612903225,0.1935483870967742,1.064516129032258,0.1935483870967742,0.5161290322580645,5.258064516129032,0.25806451612903225,0.8064516129032258,0.9354838709677419,2.064516129032258,0.8568731117824774,0.7638888888888888,0.12244897959183673,0.18181818181818182,0.2549019607843137,0.31910876132930516,0.11782477341389729,0.2126132930513595
20134.0,Joan Capdevila Méndez,Villarreal,2,94.0,52.5,44.0,19.0,3.5,6.5,0.0,0.5,0.5,0.0,0.0,0.03531369,3.0,1.0,4.5,1.0,3.5,1.0,1.0,5.0,2.5,1.0,1.5,0.5,0.8380952380952381,0.3333333333333333,0.2222222222222222,0.2857142857142857,0.0,0.3619047619047619,0.06666666666666667,0.12380952380952381
20135.0,Marcos Antonio Senna da Silva,Villarreal,1,80.0,44.0,31.0,14.0,5.0,10.0,0.0,0.0,1.0,0.0,0.0,0.044274118,0.0,0.0,7.0,1.0,4.0,1.0,3.0,6.0,5.0,0.0,6.0,3.0,0.7045454545454546,0.0,0.14285714285714285,0.25,0.0,0.3181818181818182,0.11363636363636363,0.22727272727272727
20169.0,Seydou Kéita,Barcelona,22,54.77272727272727,32.5,27.181818181818183,9.090909090909092,1.4090909090909092,4.0,0.0,0.5454545454545454,1.3181818181818181,0.5454545454545454,0.13636363636363635,0.1469697164090909,0.5909090909090909,0.45454545454545453,2.5,0.36363636363636365,1.2727272727272727,0.36363636363636365,0.36363636363636365,2.6363636363636362,1.0454545454545454,0.5454545454545454,1.3636363636363635,1.3181818181818181,0.8363636363636363,0.7692307692307693,0.14545454545454545,0.2857142857142857,0.41379310344827586,0.27972027972027974,0.043356643356643354,0.12307692307692308
20176.0,Víctor Valdés Arribas,Barcelona,31,87.90322580645162,24.35483870967742,18.258064516129032,19.838709677419356,0.25806451612903225,13.548387096774194,0.0,0.0,0.0,0.0,0.0,0.0,0.0,0.0,0.0,0.0,0.0,0.0,0.0,5.290322580645161,0.0967741935483871,0.0,0.03225806451612903,0.0967741935483871,0.7496688741721854,0.0,0.0,0.0,0.0,0.8145695364238411,0.010596026490066225,0.5562913907284768
20177.0,Eric-Sylvain Bilal Abidal,Barcelona,20,85.5,66.5,55.9,24.6,3.0,9.65,0.05,0.6,0.2,0.0,0.0,0.016071399214999997,1.65,1.25,4.45,1.0,3.3,1.0,1.0,6.15,2.85,1.2,0.9,0.7,0.8406015037593985,0.7575757575757576,0.2247191011235955,0.30303030303030304,0.0,0.3699248120300752,0.045112781954887216,0.14511278195488722
20256.0,Grégory Coupet,Atlético Madrid,1,89.0,29.0,22.0,27.0,0.0,13.0,0.0,0.0,0.0,0.0,0.0,0.0,0.0,0.0,0.0,0.0,0.0,0.0,0.0,5.0,0.0,0.0,1.0,0.0,0.7586206896551724,0.0,0.0,0.0,0.0,0.9310344827586207,0.0,0.4482758620689655
20518.0,Albert Luque Martos,Málaga,2,45.5,14.0,7.5,3.5,3.5,4.0,0.0,0.0,1.5,0.5,0.0,0.152401339,3.0,1.5,2.0,0.5,1.0,0.5,0.0,5.5,0.0,2.0,1.0,0.5,0.5357142857142857,0.5,0.25,0.5,0.3333333333333333,0.25,0.25,0.2857142857142857
20519.0,Juan Gutiérrez Moreno,Real Betis,2,50.5,15.5,14.0,6.0,0.0,3.0,0.0,0.0,0.0,0.0,0.0,0.0,0.5,0.0,1.0,0.5,0.5,0.5,0.0,1.0,3.5,1.5,1.0,0.0,0.9032258064516129,0.0,0.5,1.0,0.0,0.3870967741935484,0.0,0.1935483870967742
20542.0,Álvaro Negredo Sánchez,Almería,2,59.5,11.5,7.5,4.0,1.5,2.0,0.0,0.5,0.0,0.0,0.0,0.0,0.5,0.0,1.5,0.0,0.0,0.0,0.0,1.5,0.5,0.0,1.5,0.5,0.6521739130434783,0.0,0.0,0.0,0.0,0.34782608695652173,0.13043478260869565,0.17391304347826086
21568.0,Royston Ricky Drenthe,Real Madrid,1,90.0,24.0,15.0,10.0,2.0,4.0,0.0,1.0,1.0,1.0,0.0,0.22765219,2.0,1.0,4.0,1.0,3.0,1.0,0.0,6.0,2.0,1.0,2.0,4.0,0.625,0.5,0.25,0.3333333333333333,1.0,0.4166666666666667,0.08333333333333333,0.16666666666666666
22102.0,Adriano Correia Claro,Sevilla,1,91.0,33.0,23.0,12.0,8.0,8.0,0.0,3.0,0.0,0.0,0.0,0.0,5.0,4.0,4.0,1.0,4.0,1.0,2.0,4.0,1.0,2.0,2.0,2.0,0.696969696969697,0.8,0.25,0.25,0.0,0.36363636363636365,0.24242424242424243,0.24242424242424243
22819.0,Bruno Soriano Llido,Villarreal,1,30.0,24.0,22.0,6.0,1.0,1.0,0.0,0.0,0.0,0.0,0.0,0.0,1.0,0.0,0.0,0.0,0.0,0.0,0.0,2.0,0.0,0.0,0.0,0.0,0.9166666666666666,0.0,0.0,0.0,0.0,0.25,0.041666666666666664,0.041666666666666664
23793.0,Carlos Bellvís Llorens,CD Numancia de Soria,2,90.5,25.0,16.0,12.5,4.5,5.0,0.5,1.0,0.0,0.0,0.0,0.0,2.5,0.5,6.5,1.5,4.5,1.5,1.5,2.5,2.0,2.5,2.5,1.5,0.64,0.2,0.23076923076923078,0.3333333333333333,0.0,0.5,0.18,0.2
23804.0,Jonathan Pereira Rodríguez,Racing Santander,2,54.0,7.0,5.5,2.0,1.0,1.5,0.0,0.0,2.0,1.0,0.5,0.19827308999999999,3.0,1.0,4.0,0.0,1.0,0.0,0.0,3.0,0.5,0.5,2.0,2.5,0.7857142857142857,0.3333333333333333,0.0,0.0,0.5,0.2857142857142857,0.14285714285714285,0.21428571428571427
23815.0,Casto Espinosa Barriga,Real Betis,1,92.0,36.0,18.0,35.0,0.0,29.0,0.0,0.0,0.0,0.0,0.0,0.0,0.0,0.0,0.0,0.0,0.0,0.0,0.0,7.0,0.0,0.0,0.0,0.0,0.5,0.0,0.0,0.0,0.0,0.9722222222222222,0.0,0.8055555555555556
23916.0,Luis García Fernández,Espanyol,2,87.0,24.5,18.0,9.5,2.5,4.5,0.0,0.0,0.0,0.0,0.0,0.0,2.0,0.5,1.5,0.0,1.0,0.0,1.0,2.0,0.0,1.0,1.5,1.0,0.7346938775510204,0.25,0.0,0.0,0.0,0.3877551020408163,0.10204081632653061,0.1836734693877551
23930.0,Ikechukwu Uche,Getafe,1,16.0,4.0,3.0,0.0,0.0,0.0,0.0,0.0,0.0,0.0,0.0,0.0,0.0,0.0,1.0,0.0,1.0,0.0,0.0,0.0,0.0,1.0,0.0,1.0,0.75,0.0,0.0,0.0,0.0,0.0,0.0,0.0
23991.0,Miguel Ángel De las Cuevas Barberá,Atlético Madrid,1,66.0,33.0,25.0,10.0,4.0,4.0,0.0,1.0,0.0,0.0,0.0,0.0,5.0,5.0,2.0,0.0,1.0,0.0,0.0,3.0,1.0,1.0,1.0,1.0,0.7575757575757576,1.0,0.0,0.0,0.0,0.30303030303030304,0.12121212121212122,0.12121212121212122
24075.0,Christian Fernández Salas,Racing Santander,1,93.0,28.0,19.0,20.0,0.0,5.0,0.0,0.0,0.0,0.0,0.0,0.0,0.0,0.0,2.0,0.0,2.0,0.0,2.0,3.0,3.0,6.0,3.0,0.0,0.6785714285714286,0.0,0.0,0.0,0.0,0.7142857142857143,0.0,0.17857142857142858
24275.0,Miguel Palanca Fernández,Real Madrid,1,54.0,11.0,5.0,4.0,2.0,1.0,0.0,0.0,1.0,1.0,0.0,0.04119722,4.0,2.0,3.0,0.0,3.0,0.0,0.0,3.0,1.0,1.0,3.0,0.0,0.45454545454545453,0.5,0.0,0.0,1.0,0.36363636363636365,0.18181818181818182,0.09090909090909091
24313.0,Miguel Flaño Bezunartea,Osasuna,1,91.0,22.0,16.0,12.0,1.0,6.0,0.0,0.0,1.0,1.0,1.0,0.065085664,0.0,0.0,2.0,1.0,2.0,1.0,1.0,5.0,7.0,2.0,0.0,0.0,0.7272727272727273,0.0,0.5,0.5,1.0,0.5454545454545454,0.045454545454545456,0.2727272727272727
24507.0,Manuel del Moral Fernández,Getafe,1,66.0,11.0,6.0,3.0,1.0,2.0,0.0,0.0,1.0,0.0,0.0,0.013336318,3.0,0.0,1.0,0.0,0.0,0.0,0.0,0.0,1.0,1.0,0.0,0.0,0.5454545454545454,0.0,0.0,0.0,0.0,0.2727272727272727,0.09090909090909091,0.18181818181818182
24511.0,Branko Ilič,Real Betis,1,92.0,17.0,10.0,13.0,1.0,5.0,0.0,0.0,0.0,0.0,0.0,0.0,0.0,0.0,3.0,2.0,3.0,2.0,0.0,0.0,2.0,2.0,1.0,0.0,0.5882352941176471,0.0,0.6666666666666666,0.6666666666666666,0.0,0.7647058823529411,0.058823529411764705,0.29411764705882354
24580.0,Jaime Gavilán Martínez,Getafe,1,90.0,25.0,17.0,7.0,2.0,6.0,0.0,0.0,1.0,0.0,0.0,0.028158376,2.0,2.0,0.0,0.0,0.0,0.0,1.0,5.0,1.0,1.0,2.0,1.0,0.68,1.0,0.0,0.0,0.0,0.28,0.08,0.24
24614.0,Rafael López Gómez,Getafe,1,92.0,40.0,30.0,24.0,1.0,12.0,0.0,0.0,0.0,0.0,0.0,0.0,1.0,0.0,6.0,1.0,6.0,1.0,2.0,1.0,8.0,3.0,0.0,0.0,0.75,0.0,0.16666666666666666,0.16666666666666666,0.0,0.6,0.025,0.3
24683.0,Diego Ángel Capel Trinidad,Sevilla,1,38.0,5.0,3.0,3.0,0.0,1.0,0.0,0.0,0.0,0.0,0.0,0.0,1.0,0.0,3.0,0.0,3.0,0.0,0.0,1.0,0.0,0.0,0.0,1.0,0.6,0.0,0.0,0.0,0.0,0.6,0.0,0.2
25144.0,Diego Alves Carreira,Almería,2,87.0,29.5,14.5,26.5,1.0,25.0,0.0,0.0,0.0,0.0,0.0,0.0,0.0,0.0,0.0,0.0,0.0,0.0,0.0,5.0,0.0,0.0,0.0,0.0,0.4915254237288136,0.0,0.0,0.0,0.0,0.8983050847457628,0.03389830508474576,0.847457627118644
25274.0,Ricardo de Oliveira,Real Betis,1,92.0,15.0,11.0,4.0,2.0,1.0,0.0,0.0,2.0,2.0,0.0,0.425846044,2.0,1.0,2.0,1.0,1.0,1.0,0.0,0.0,0.0,1.0,5.0,3.0,0.7333333333333333,0.5,0.5,1.0,1.0,0.26666666666666666,0.13333333333333333,0.06666666666666667
25426.0,Marco Gastón Ruben Rodríguez,Recreativo Huelva,2,45.5,8.5,6.0,1.0,3.0,1.0,0.0,1.0,0.5,0.0,0.0,0.032884147,0.0,0.0,2.0,0.0,0.0,0.0,0.0,2.0,0.0,2.5,1.0,1.5,0.7058823529411765,0.0,0.0,0.0,0.0,0.11764705882352941,0.35294117647058826,0.11764705882352941
25706.0,Raúl Miguel Cámara,Sporting Gijón,2,88.5,22.5,15.0,11.5,1.5,5.0,0.0,0.0,0.0,0.0,0.0,0.0,0.0,0.0,2.0,0.5,2.0,0.5,1.0,4.5,8.0,1.0,3.0,0.5,0.6666666666666666,0.0,0.25,0.25,0.0,0.5111111111111111,0.06666666666666667,0.2222222222222222
25764.0,Anderson Luis de Carvalho,Espanyol,2,67.0,18.0,12.0,5.5,3.0,4.5,0.5,0.5,0.0,0.0,0.0,0.0,4.0,0.5,2.5,1.0,2.5,1.0,1.0,4.5,0.5,1.0,4.0,1.5,0.6666666666666666,0.125,0.4,0.4,0.0,0.3055555555555556,0.16666666666666666,0.25
25805.0,Jorge García Torre,Sporting Gijón,1,86.0,21.0,17.0,8.0,2.0,3.0,0.0,0.0,0.0,0.0,0.0,0.0,0.0,0.0,0.0,0.0,0.0,0.0,0.0,0.0,12.0,1.0,1.0,0.0,0.8095238095238095,0.0,0.0,0.0,0.0,0.38095238095238093,0.09523809523809523,0.14285714285714285
25848.0,César Arzo Amposta,Recreativo Huelva,1,82.0,18.0,14.0,7.0,0.0,4.0,0.0,0.0,1.0,0.0,0.0,0.097344846,1.0,1.0,1.0,0.0,1.0,0.0,0.0,4.0,0.0,1.0,2.0,0.0,0.7777777777777778,1.0,0.0,0.0,0.0,0.3888888888888889,0.0,0.2222222222222222
25854.0,Sylvio Mendes Campos Junior,Barcelona,8,68.25,53.625,44.25,16.875,2.5,7.75,0.0,0.125,0.625,0.125,0.0,0.031421872287499986,0.875,0.625,2.75,0.25,2.25,0.25,0.875,3.75,2.375,1.375,0.25,0.75,0.8251748251748252,0.7142857142857143,0.09090909090909091,0.1111111111111111,0.2,0.3146853146853147,0.046620046620046623,0.1445221445221445
25859.0,Sérgio Paulo Barbosa Valente,Málaga,2,51.0,25.0,14.5,11.5,7.0,9.0,0.0,1.0,1.0,0.5,0.5,0.0443597331,1.0,1.0,2.0,0.5,1.0,0.5,1.0,6.0,0.0,0.0,2.0,4.0,0.58,1.0,0.25,0.5,0.5,0.46,0.28,0.36
25861.0,Iñaki Muñoz Oroz,Athletic Club,1,17.0,6.0,5.0,3.0,2.0,2.0,0.0,0.0,0.0,0.0,0.0,0.0,0.0,0.0,0.0,0.0,0.0,0.0,0.0,0.0,0.0,0.0,1.0,1.0,0.8333333333333334,0.0,0.0,0.0,0.0,0.5,0.3333333333333333,0.3333333333333333
25865.0,José Romero Urtasun,Osasuna,1,44.0,9.0,4.0,6.0,1.0,5.0,0.0,0.0,0.0,0.0,0.0,0.0,0.0,0.0,1.0,0.0,1.0,0.0,2.0,2.0,4.0,0.0,1.0,1.0,0.4444444444444444,0.0,0.0,0.0,0.0,0.6666666666666666,0.1111111111111111,0.5555555555555556
25874.0,Francisco Puñal Martínez,Osasuna,1,59.0,31.0,20.0,13.0,2.0,5.0,0.0,0.0,0.0,0.0,0.0,0.0,0.0,0.0,2.0,0.0,0.0,0.0,0.0,2.0,2.0,4.0,1.0,0.0,0.6451612903225806,0.0,0.0,0.0,0.0,0.41935483870967744,0.06451612903225806,0.16129032258064516
25875.0,Miguel Ángel Lozano Ayala,Málaga,1,85.0,30.0,17.0,19.0,1.0,11.0,0.0,0.0,0.0,0.0,0.0,0.0,0.0,0.0,6.0,3.0,4.0,3.0,2.0,7.0,7.0,2.0,5.0,3.0,0.5666666666666667,0.0,0.5,0.75,0.0,0.6333333333333333,0.03333333333333333,0.36666666666666664
25881.0,Juan Antonio Rodríguez Villamuela,RC Deportivo La Coruña,1,91.0,43.0,28.0,13.0,2.0,4.0,0.0,0.0,0.0,0.0,0.0,0.0,0.0,0.0,3.0,0.0,0.0,0.0,2.0,6.0,3.0,5.0,1.0,2.0,0.6511627906976745,0.0,0.0,0.0,0.0,0.3023255813953488,0.046511627906976744,0.09302325581395349
25883.0,Juan Jesús Gutiérrez Robles,Almería,1,68.0,22.0,15.0,9.0,2.0,10.0,0.0,0.0,0.0,0.0,0.0,0.0,0.0,0.0,1.0,0.0,0.0,0.0,0.0,4.0,1.0,4.0,1.0,1.0,0.6818181818181818,0.0,0.0,0.0,0.0,0.4090909090909091,0.09090909090909091,0.45454545454545453
25885.0,Juan Manuel Gómez Sánchez,Real Betis,1,35.0,12.0,6.0,6.0,2.0,3.0,0.0,0.0,0.0,0.0,0.0,0.0,0.0,0.0,2.0,1.0,2.0,1.0,2.0,4.0,1.0,2.0,2.0,2.0,0.5,0.0,0.5,0.5,0.0,0.5,0.16666666666666666,0.25
25889.0,Pablo Pinillos Caro,Racing Santander,1,92.0,21.0,15.0,16.0,0.0,3.0,0.0,0.0,0.0,0.0,0.0,0.0,0.0,0.0,4.0,0.0,4.0,0.0,2.0,1.0,4.0,0.0,2.0,1.0,0.7142857142857143,0.0,0.0,0.0,0.0,0.7619047619047619,0.0,0.14285714285714285
25892.0,Ignacio Pérez Santamaría,Málaga,2,58.0,23.0,17.5,10.5,1.5,4.5,0.0,0.5,0.0,0.0,0.0,0.0,1.5,1.0,1.0,0.0,1.0,0.0,1.0,4.0,1.0,1.5,1.5,1.5,0.7608695652173914,0.6666666666666666,0.0,0.0,0.0,0.45652173913043476,0.06521739130434782,0.1956521739130435
25896.0,Damià Abella Pérez,Real Betis,1,46.0,6.0,5.0,1.0,0.0,1.0,0.0,0.0,1.0,0.0,0.0,0.007451938,0.0,0.0,0.0,0.0,0.0,0.0,1.0,1.0,0.0,0.0,1.0,0.0,0.8333333333333334,0.0,0.0,0.0,0.0,0.16666666666666666,0.0,0.16666666666666666
25908.0,Mark Dennis González Hoffmann,Real Betis,2,49.5,13.0,5.5,6.5,3.0,2.5,0.0,0.5,0.5,0.5,0.5,0.05769209,0.0,0.0,2.0,0.0,0.5,0.0,0.0,2.0,0.5,0.0,2.0,0.0,0.4230769230769231,0.0,0.0,0.0,1.0,0.5,0.23076923076923078,0.19230769230769232
25917.0,César Sánchez Domínguez,Valencia,1,90.0,28.0,7.0,27.0,0.0,24.0,0.0,0.0,0.0,0.0,0.0,0.0,0.0,0.0,0.0,0.0,0.0,0.0,0.0,6.0,0.0,0.0,0.0,0.0,0.25,0.0,0.0,0.0,0.0,0.9642857142857143,0.0,0.8571428571428571
25921.0,Rubén Gracia Calmache,Villarreal,2,82.0,48.5,37.5,15.0,2.0,4.5,0.0,0.0,0.5,0.5,0.5,0.054454345,6.0,2.5,4.0,1.5,4.0,1.5,0.0,6.5,0.5,1.0,2.0,1.0,0.7731958762886598,0.4166666666666667,0.375,0.375,1.0,0.30927835051546393,0.041237113402061855,0.09278350515463918
25924.0,José Maria Gutiérrez Hernández,Real Madrid,1,73.0,37.0,22.0,17.0,2.0,9.0,0.0,1.0,0.0,0.0,0.0,0.0,0.0,0.0,4.0,0.0,4.0,0.0,1.0,3.0,1.0,1.0,0.0,0.0,0.5945945945945946,0.0,0.0,0.0,0.0,0.4594594594594595,0.05405405405405406,0.24324324324324326
25931.0,Gonzalo Javier Rodríguez,Villarreal,2,93.5,28.0,19.0,17.5,2.5,9.5,0.0,0.0,0.0,0.0,0.0,0.0,0.5,0.5,5.5,2.0,4.5,2.0,3.5,4.5,11.0,5.0,2.5,0.0,0.6785714285714286,1.0,0.36363636363636365,0.4444444444444444,0.0,0.625,0.08928571428571429,0.3392857142857143
25937.0,Javier Rodríguez Venta,Villarreal,1,93.0,44.0,35.0,17.0,2.0,7.0,0.0,0.0,0.0,0.0,0.0,0.0,0.0,0.0,6.0,0.0,4.0,0.0,2.0,6.0,0.0,1.0,2.0,1.0,0.7954545454545454,0.0,0.0,0.0,0.0,0.38636363636363635,0.045454545454545456,0.1590909090909091
25940.0,José María Romero Poyón,Real Betis,1,93.0,26.0,20.0,4.0,4.0,3.0,0.0,2.0,2.0,1.0,1.0,0.2188763799999999,3.0,2.0,5.0,0.0,1.0,0.0,0.0,3.0,0.0,1.0,2.0,1.0,0.7692307692307693,0.6666666666666666,0.0,0.0,0.5,0.15384615384615385,0.15384615384615385,0.11538461538461539
25943.0,Luís Fabiano Clemente,Sevilla,1,85.0,13.0,8.0,1.0,0.0,0.0,0.0,0.0,6.0,2.0,0.0,0.5334734090000001,2.0,1.0,2.0,0.0,0.0,0.0,0.0,3.0,0.0,0.0,7.0,3.0,0.6153846153846154,0.5,0.0,0.0,0.3333333333333333,0.07692307692307693,0.0,0.0
25946.0,Andrés Palop Cervera,Sevilla,1,91.0,41.0,26.0,39.0,0.0,32.0,0.0,0.0,0.0,0.0,0.0,0.0,0.0,0.0,0.0,0.0,0.0,0.0,0.0,8.0,0.0,0.0,0.0,1.0,0.6341463414634146,0.0,0.0,0.0,0.0,0.9512195121951219,0.0,0.7804878048780488
25954.0,Enzo Maresca,Sevilla,1,63.0,24.0,16.0,16.0,1.0,12.0,0.0,1.0,2.0,0.0,0.0,0.072339804,1.0,1.0,3.0,1.0,1.0,1.0,0.0,6.0,1.0,1.0,2.0,3.0,0.6666666666666666,1.0,0.3333333333333333,1.0,0.0,0.6666666666666666,0.041666666666666664,0.5
25955.0,Jonathan Sesma González,Real Valladolid,2,66.0,18.0,10.0,5.0,4.5,3.0,0.0,0.5,1.0,0.0,0.0,0.0381390405,1.5,0.0,2.0,0.5,0.5,0.5,1.0,3.5,0.0,2.5,1.5,0.0,0.5555555555555556,0.0,0.25,1.0,0.0,0.2777777777777778,0.25,0.16666666666666666
25960.0,Frédéric Oumar Kanouté,Sevilla,1,93.0,43.0,32.0,13.0,4.0,5.0,0.0,1.0,2.0,0.0,0.0,0.34374875,3.0,3.0,4.0,0.0,0.0,0.0,0.0,5.0,1.0,1.0,1.0,0.0,0.7441860465116279,1.0,0.0,0.0,0.0,0.3023255813953488,0.09302325581395349,0.11627906976744186
25968.0,Francisco Javier García Guerrero,Recreativo Huelva,1,57.0,17.0,13.0,6.0,1.0,3.0,0.0,0.0,0.0,0.0,0.0,0.0,1.0,1.0,10.0,0.0,1.0,0.0,0.0,2.0,0.0,0.0,1.0,0.0,0.7647058823529411,1.0,0.0,0.0,0.0,0.35294117647058826,0.058823529411764705,0.17647058823529413
25969.0,Sergio Fernández González,Osasuna,1,46.0,8.0,6.0,7.0,1.0,3.0,0.0,0.0,0.0,0.0,0.0,0.0,0.0,0.0,2.0,0.0,2.0,0.0,2.0,2.0,10.0,1.0,0.0,1.0,0.75,0.0,0.0,0.0,0.0,0.875,0.125,0.375
25978.0,Iriney Santos Da Silva,Almería,1,91.0,36.0,27.0,11.0,0.0,6.0,0.0,0.0,2.0,0.0,0.0,0.106543324,4.0,4.0,3.0,1.0,3.0,1.0,2.0,8.0,1.0,2.0,1.0,1.0,0.75,1.0,0.3333333333333333,0.3333333333333333,0.0,0.3055555555555556,0.0,0.16666666666666666
25980.0,Néstor Fabián Canobbio Bentaberry,Real Valladolid,2,71.0,33.5,26.0,11.5,4.0,4.0,0.0,1.0,0.0,0.0,0.0,0.0,1.0,0.0,2.5,1.5,2.5,1.5,0.0,4.5,0.0,0.0,0.5,1.5,0.7761194029850746,0.0,0.6,0.6,0.0,0.34328358208955223,0.11940298507462686,0.11940298507462686
25984.0,Ángel Domingo López Ruano,Villarreal,1,93.0,40.0,31.0,16.0,2.0,4.0,0.0,0.0,0.0,0.0,0.0,0.0,1.0,0.0,3.0,0.0,3.0,0.0,0.0,4.0,5.0,3.0,1.0,0.0,0.775,0.0,0.0,0.0,0.0,0.4,0.05,0.1
25987.0,Rodolfo Bodipo Díaz,RC Deportivo La Coruña,1,76.0,17.0,12.0,2.0,0.0,0.0,0.0,0.0,0.0,0.0,0.0,0.0,1.0,0.0,2.0,0.0,0.0,0.0,0.0,2.0,0.0,1.0,1.0,1.0,0.7058823529411765,0.0,0.0,0.0,0.0,0.11764705882352941,0.0,0.0
25994.0,David Cortés Caballero,Getafe,1,89.0,57.0,50.0,28.0,2.0,9.0,0.0,0.0,0.0,0.0,0.0,0.0,3.0,1.0,1.0,0.0,1.0,0.0,0.0,14.0,3.0,2.0,4.0,0.0,0.8771929824561403,0.3333333333333333,0.0,0.0,0.0,0.49122807017543857,0.03508771929824561,0.15789473684210525
26002.0,Javad Nekounam,Osasuna,1,95.0,30.0,18.0,11.0,5.0,4.0,0.0,1.0,0.0,0.0,0.0,0.0,1.0,1.0,5.0,0.0,1.0,0.0,2.0,4.0,0.0,3.0,2.0,2.0,0.6,1.0,0.0,0.0,0.0,0.36666666666666664,0.16666666666666666,0.13333333333333333
26009.0,Roberto Soldado Rillo,Getafe,1,71.0,16.0,11.0,3.0,2.0,3.0,0.0,0.0,1.0,0.0,0.0,0.16964428,4.0,1.0,3.0,0.0,3.0,0.0,1.0,2.0,0.0,0.0,2.0,1.0,0.6875,0.25,0.0,0.0,0.0,0.1875,0.125,0.1875
26015.0,Renato Dirnei Florencio,Sevilla,1,17.0,8.0,8.0,2.0,0.0,1.0,0.0,0.0,0.0,0.0,0.0,0.0,1.0,0.0,2.0,1.0,1.0,1.0,1.0,3.0,0.0,1.0,0.0,0.0,1.0,0.0,0.5,1.0,0.0,0.25,0.0,0.125
26018.0,Julien Escudé,Sevilla,1,91.0,22.0,16.0,11.0,0.0,7.0,0.0,0.0,0.0,0.0,0.0,0.0,0.0,0.0,2.0,1.0,2.0,1.0,0.0,3.0,2.0,2.0,0.0,0.0,0.7272727272727273,0.0,0.5,0.5,0.0,0.5,0.0,0.3181818181818182
26020.0,Ángel Lafita Castillo,RC Deportivo La Coruña,1,64.0,8.0,4.0,1.0,1.0,0.0,0.0,0.0,0.0,0.0,0.0,0.0,5.0,1.0,5.0,0.0,1.0,0.0,0.0,3.0,2.0,2.0,3.0,0.0,0.5,0.2,0.0,0.0,0.0,0.125,0.125,0.0
26028.0,Fernando Amorebieta Mardaras,Athletic Club,1,89.0,23.0,17.0,13.0,1.0,9.0,0.0,0.0,0.0,0.0,0.0,0.0,0.0,0.0,0.0,0.0,0.0,0.0,4.0,2.0,6.0,2.0,1.0,2.0,0.7391304347826086,0.0,0.0,0.0,0.0,0.5652173913043478,0.043478260869565216,0.391304347826087
26029.0,Daniel Aranzubia Aguado,RC Deportivo La Coruña,1,84.0,30.0,13.0,28.0,1.0,24.0,0.0,0.0,0.0,0.0,0.0,0.0,0.0,0.0,1.0,0.0,1.0,0.0,0.0,5.0,0.0,1.0,1.0,0.0,0.43333333333333335,0.0,0.0,0.0,0.0,0.9333333333333333,0.03333333333333333,0.8
26031.0,Andoni Iraola Sagarna,Athletic Club,1,93.0,38.0,26.0,17.0,7.0,8.0,0.0,1.0,1.0,0.0,0.0,0.06186095,3.0,1.0,2.0,1.0,2.0,1.0,0.0,3.0,3.0,2.0,2.0,2.0,0.6842105263157895,0.3333333333333333,0.5,0.5,0.0,0.4473684210526316,0.18421052631578946,0.21052631578947367
26034.0,Igor Gabilondo del Campo,Athletic Club,1,91.0,21.0,13.0,8.0,3.0,4.0,0.0,1.0,1.0,0.0,0.0,0.03882385,1.0,0.0,2.0,1.0,2.0,1.0,1.0,3.0,2.0,3.0,1.0,1.0,0.6190476190476191,0.0,0.5,0.5,0.0,0.38095238095238093,0.14285714285714285,0.19047619047619047
26035.0,Francisco Javier Yeste Navarro,Athletic Club,1,89.0,38.0,27.0,12.0,5.0,9.0,0.0,2.0,1.0,0.0,0.0,0.41867173,4.0,3.0,3.0,0.0,1.0,0.0,1.0,5.0,1.0,1.0,2.0,5.0,0.7105263157894737,0.75,0.0,0.0,0.0,0.3157894736842105,0.13157894736842105,0.23684210526315788
26036.0,Fernando Rubén Gago,Real Madrid,2,90.0,43.0,31.0,18.5,1.5,9.0,0.0,0.0,1.0,0.5,0.0,0.0225948275,1.5,1.5,4.5,1.5,4.0,1.5,1.0,5.5,1.0,1.5,3.0,1.0,0.7209302325581395,1.0,0.3333333333333333,0.375,0.5,0.43023255813953487,0.03488372093023256,0.20930232558139536
26044.0,César González Navas,Racing Santander,1,89.0,29.0,22.0,15.0,0.0,8.0,0.0,0.0,0.0,0.0,0.0,0.0,0.0,0.0,2.0,1.0,2.0,1.0,1.0,1.0,6.0,1.0,5.0,0.0,0.7586206896551724,0.0,0.5,0.5,0.0,0.5172413793103449,0.0,0.27586206896551724
26050.0,Javier García Portillo,Osasuna,1,34.0,14.0,8.0,6.0,6.0,9.0,1.0,0.0,0.0,0.0,0.0,0.0,0.0,0.0,3.0,0.0,0.0,0.0,0.0,1.0,0.0,0.0,0.0,0.0,0.5714285714285714,0.0,0.0,0.0,0.0,0.42857142857142855,0.42857142857142855,0.6428571428571429
26053.0,Ángel Manuel Vivar Dorado,Real Valladolid,1,89.0,45.0,39.0,11.0,5.0,7.0,0.0,0.0,0.0,0.0,0.0,0.0,0.0,0.0,1.0,0.0,0.0,0.0,2.0,4.0,1.0,0.0,3.0,0.0,0.8666666666666667,0.0,0.0,0.0,0.0,0.24444444444444444,0.1111111111111111,0.15555555555555556
26055.0,Iván Sánchez Rico Soto,RC Deportivo La Coruña,1,14.0,2.0,2.0,0.0,0.0,0.0,0.0,0.0,0.0,0.0,0.0,0.0,0.0,0.0,0.0,0.0,0.0,0.0,0.0,0.0,0.0,0.0,0.0,0.0,1.0,0.0,0.0,0.0,0.0,0.0,0.0,0.0
26057.0,Mariano Andrés Pernía,Atlético Madrid,1,43.0,33.0,28.0,11.0,0.0,2.0,0.0,0.0,1.0,0.0,0.0,0.005187166,0.0,0.0,0.0,0.0,0.0,0.0,0.0,2.0,0.0,0.0,1.0,0.0,0.8484848484848485,0.0,0.0,0.0,0.0,0.3333333333333333,0.0,0.06060606060606061
26067.0,Oriol Lozano Farrán,Racing Santander,1,87.0,33.0,22.0,20.0,1.0,13.0,0.0,0.0,0.0,0.0,0.0,0.0,0.0,0.0,2.0,0.0,0.0,0.0,1.0,2.0,3.0,1.0,0.0,1.0,0.6666666666666666,0.0,0.0,0.0,0.0,0.6060606060606061,0.030303030303030304,0.3939393939393939
26070.0,Antonio Rodríguez Martínez,Racing Santander,2,92.5,32.0,16.0,32.0,0.0,29.5,0.0,0.0,0.0,0.0,0.0,0.0,0.0,0.0,0.0,0.0,0.0,0.0,0.0,5.5,1.0,0.0,0.0,0.0,0.5,0.0,0.0,0.0,0.0,1.0,0.0,0.921875
26073.0,Gonzalo Colsa Albendea,Racing Santander,2,91.0,32.5,26.5,9.5,1.5,4.5,0.0,0.5,0.5,0.0,0.0,0.047599535,0.5,0.5,2.0,0.5,1.5,0.5,0.5,2.5,2.5,1.5,2.5,0.5,0.8153846153846154,1.0,0.25,0.3333333333333333,0.0,0.2923076923076923,0.046153846153846156,0.13846153846153847
26074.0,Nikola Žigić,Racing Santander,1,91.0,21.0,12.0,5.0,4.0,3.0,0.0,1.0,2.0,1.0,1.0,0.829214162,1.0,1.0,7.0,1.0,1.0,1.0,0.0,2.0,1.0,3.0,1.0,0.0,0.5714285714285714,1.0,0.14285714285714285,1.0,0.5,0.23809523809523808,0.19047619047619047,0.14285714285714285
26077.0,Antonio Jesús Vázquez Muñoz,Recreativo Huelva,1,93.0,39.0,25.0,20.0,1.0,6.0,0.0,0.0,1.0,0.0,0.0,0.06556742,0.0,0.0,6.0,3.0,6.0,3.0,0.0,6.0,1.0,1.0,4.0,0.0,0.6410256410256411,0.0,0.5,0.5,0.0,0.5128205128205128,0.02564102564102564,0.15384615384615385
26078.0,Aitor Tornavaca Fernández,Recreativo Huelva,1,58.0,13.0,10.0,2.0,2.0,1.0,0.0,0.0,0.0,0.0,0.0,0.0,1.0,0.0,2.0,0.0,0.0,0.0,3.0,3.0,0.0,3.0,4.0,1.0,0.7692307692307693,0.0,0.0,0.0,0.0,0.15384615384615385,0.15384615384615385,0.07692307692307693
26080.0,Rafael Barber Rodríguez,Recreativo Huelva,1,91.0,32.0,24.0,9.0,2.0,3.0,0.0,1.0,0.0,0.0,0.0,0.0,6.0,4.0,3.0,1.0,2.0,1.0,0.0,3.0,1.0,0.0,0.0,1.0,0.75,0.6666666666666666,0.3333333333333333,0.5,0.0,0.28125,0.0625,0.09375
26081.0,Pedro Mario Álvarez Abrante,Getafe,1,88.0,22.0,19.0,6.0,0.0,3.0,0.0,0.0,0.0,0.0,0.0,0.0,0.0,0.0,5.0,0.0,4.0,0.0,4.0,7.0,4.0,3.0,1.0,1.0,0.8636363636363636,0.0,0.0,0.0,0.0,0.2727272727272727,0.0,0.13636363636363635
26083.0,Florent Sinama-Pongolle,Atlético Madrid,2,59.0,17.0,12.5,3.5,0.0,0.5,0.0,0.0,0.5,0.0,0.0,0.024201354,0.5,0.5,0.5,0.0,0.0,0.0,0.0,2.0,0.0,0.0,2.0,1.5,0.7352941176470589,1.0,0.0,0.0,0.0,0.20588235294117646,0.0,0.029411764705882353
26084.0,Iñaki Lafuente Sancha,Sporting Gijón,1,92.0,25.0,10.0,25.0,0.0,25.0,0.0,0.0,0.0,0.0,0.0,0.0,0.0,0.0,0.0,0.0,0.0,0.0,0.0,3.0,0.0,0.0,0.0,1.0,0.4,0.0,0.0,0.0,0.0,1.0,0.0,1.0
26085.0,Luis Prieto Zalbidegoitia,Real Valladolid,1,66.0,14.0,11.0,7.0,0.0,3.0,0.0,1.0,0.0,0.0,0.0,0.0,0.0,0.0,1.0,0.0,1.0,0.0,0.0,4.0,7.0,0.0,1.0,0.0,0.7857142857142857,0.0,0.0,0.0,0.0,0.5,0.0,0.21428571428571427
26086.0,Pablo Orbaiz Lesaka,Athletic Club,1,76.0,34.0,27.0,16.0,3.0,13.0,0.0,0.0,0.0,0.0,0.0,0.0,1.0,1.0,4.0,1.0,2.0,1.0,2.0,5.0,1.0,5.0,5.0,1.0,0.7941176470588235,1.0,0.25,0.5,0.0,0.47058823529411764,0.08823529411764706,0.38235294117647056
26087.0,Carlos Gurpegi Nausia,Athletic Club,1,90.0,28.0,21.0,14.0,0.0,9.0,0.0,0.0,0.0,0.0,0.0,0.0,1.0,1.0,4.0,1.0,3.0,1.0,8.0,1.0,4.0,4.0,2.0,0.0,0.75,1.0,0.25,0.3333333333333333,0.0,0.5,0.0,0.32142857142857145
26101.0,Joseba Garmendia Elorriaga,Athletic Club,1,31.0,8.0,4.0,4.0,1.0,1.0,0.0,0.0,0.0,0.0,0.0,0.0,1.0,1.0,0.0,0.0,0.0,0.0,1.0,0.0,0.0,0.0,2.0,0.0,0.5,1.0,0.0,0.0,0.0,0.5,0.125,0.125
26102.0,Ferrán Corominas Telechea,Espanyol,2,55.0,12.0,8.5,3.0,0.5,1.5,0.0,0.0,1.5,1.0,0.5,0.16378568975,2.0,0.5,2.0,0.5,1.0,0.5,0.0,5.5,0.5,0.0,1.5,3.0,0.7083333333333334,0.25,0.25,0.5,0.6666666666666666,0.25,0.041666666666666664,0.125
26103.0,Idriss Carlos Kameni,Espanyol,2,93.0,31.5,18.5,29.5,0.5,25.5,0.0,0.0,0.0,0.0,0.0,0.0,0.0,0.0,0.0,0.0,0.0,0.0,0.0,6.5,0.0,0.0,0.0,0.5,0.5873015873015873,0.0,0.0,0.0,0.0,0.9365079365079365,0.015873015873015872,0.8095238095238095
26105.0,Iván De la Peña López,Espanyol,1,72.0,31.0,22.0,18.0,4.0,10.0,0.0,0.0,2.0,2.0,2.0,0.51574993,3.0,2.0,1.0,1.0,1.0,1.0,0.0,4.0,0.0,0.0,2.0,1.0,0.7096774193548387,0.6666666666666666,1.0,1.0,1.0,0.5806451612903226,0.12903225806451613,0.3225806451612903
26107.0,Alberto Lopo García,RC Deportivo La Coruña,1,91.0,25.0,17.0,12.0,1.0,9.0,0.0,0.0,0.0,0.0,0.0,0.0,0.0,0.0,3.0,0.0,2.0,0.0,2.0,2.0,9.0,3.0,1.0,1.0,0.68,0.0,0.0,0.0,0.0,0.48,0.04,0.36
26109.0,Raúl Tamudo Montero,Espanyol,1,46.0,6.0,4.0,0.0,1.0,0.0,0.0,0.0,0.0,0.0,0.0,0.0,0.0,0.0,6.0,0.0,1.0,0.0,1.0,4.0,0.0,0.0,4.0,2.0,0.6666666666666666,0.0,0.0,0.0,0.0,0.0,0.16666666666666666,0.0
26110.0,Daniel Jarque Gonzalez,Espanyol,2,94.5,18.5,12.0,10.5,0.0,7.5,0.0,0.0,0.0,0.0,0.0,0.0,0.0,0.0,5.0,1.0,2.5,1.0,3.0,2.0,13.0,3.5,2.5,1.5,0.6486486486486487,0.0,0.2,0.4,0.0,0.5675675675675675,0.0,0.40540540540540543
26116.0,José Antonio García Calvo,Real Valladolid,1,87.0,31.0,26.0,15.0,1.0,9.0,0.0,0.0,0.0,0.0,0.0,0.0,0.0,0.0,3.0,0.0,1.0,0.0,0.0,3.0,7.0,2.0,0.0,0.0,0.8387096774193549,0.0,0.0,0.0,0.0,0.4838709677419355,0.03225806451612903,0.2903225806451613
26117.0,Pablo Ibáñez Tébar,Atlético Madrid,1,92.0,16.0,12.0,7.0,0.0,8.0,0.0,0.0,0.0,0.0,0.0,0.0,0.0,0.0,2.0,0.0,2.0,0.0,3.0,3.0,8.0,0.0,0.0,1.0,0.75,0.0,0.0,0.0,0.0,0.4375,0.0,0.5
26118.0,Antonio López Guerrero,Atlético Madrid,2,88.5,46.0,33.0,23.0,3.5,7.5,0.0,0.0,0.0,0.0,0.0,0.0,2.0,2.0,3.5,0.0,2.0,0.0,1.0,1.5,1.5,1.5,2.0,1.0,0.717391304347826,1.0,0.0,0.0,0.0,0.5,0.07608695652173914,0.16304347826086957
26119.0,Leonardo Neoren Franco,Atlético Madrid,1,92.0,32.0,24.0,28.0,0.0,24.0,1.0,0.0,0.0,0.0,0.0,0.0,0.0,0.0,0.0,0.0,0.0,0.0,0.0,11.0,1.0,0.0,0.0,1.0,0.75,0.0,0.0,0.0,0.0,0.875,0.0,0.75
26120.0,Luis Amaranto Perea Mosquera,Atlético Madrid,1,91.0,34.0,26.0,17.0,1.0,6.0,0.0,0.0,0.0,0.0,0.0,0.0,0.0,0.0,5.0,2.0,5.0,2.0,1.0,2.0,4.0,3.0,2.0,2.0,0.7647058823529411,0.0,0.4,0.4,0.0,0.5,0.029411764705882353,0.17647058823529413
26121.0,Ariel Miguel Santiago Ibagaza,Villarreal,2,41.5,23.5,17.5,9.5,3.0,4.5,0.0,1.0,0.0,0.0,0.0,0.0,2.0,1.0,0.5,0.0,0.5,0.0,0.5,1.5,0.0,1.0,1.5,1.0,0.7446808510638298,0.5,0.0,0.0,0.0,0.40425531914893614,0.1276595744680851,0.19148936170212766
26124.0,Maximiliano Rubén Rodríguez,Atlético Madrid,2,44.5,17.5,15.5,5.0,1.5,1.0,0.0,1.5,2.5,1.0,0.5,0.093164577,1.0,0.5,2.0,0.5,1.5,0.5,0.5,5.0,0.0,0.5,1.0,0.5,0.8857142857142857,0.5,0.25,0.3333333333333333,0.4,0.2857142857142857,0.08571428571428572,0.05714285714285714
26131.0,Victoriano Rivas Álvaro,Real Valladolid,1,92.0,29.0,14.0,21.0,1.0,14.0,0.0,0.0,0.0,0.0,0.0,0.0,0.0,0.0,3.0,0.0,2.0,0.0,0.0,2.0,7.0,1.0,2.0,1.0,0.4827586206896552,0.0,0.0,0.0,0.0,0.7241379310344828,0.034482758620689655,0.4827586206896552
26137.0,Óscar Serrano Rodriguez,Racing Santander,1,65.0,21.0,9.0,12.0,1.0,5.0,0.0,0.0,0.0,0.0,0.0,0.0,4.0,2.0,7.0,0.0,6.0,0.0,0.0,8.0,0.0,3.0,3.0,1.0,0.42857142857142855,0.5,0.0,0.0,0.0,0.5714285714285714,0.047619047619047616,0.23809523809523808
26138.0,David García De La Cruz,Espanyol,1,92.0,40.0,34.0,20.0,1.0,5.0,0.0,0.0,0.0,0.0,0.0,0.0,0.0,0.0,4.0,1.0,3.0,1.0,0.0,2.0,8.0,3.0,1.0,0.0,0.85,0.0,0.25,0.3333333333333333,0.0,0.5,0.025,0.125
26144.0,Francisco Javier Casquero Paredes,Getafe,1,91.0,33.0,25.0,15.0,1.0,10.0,0.0,0.0,0.0,0.0,0.0,0.0,3.0,1.0,3.0,0.0,2.0,0.0,0.0,5.0,1.0,2.0,1.0,1.0,0.7575757575757576,0.3333333333333333,0.0,0.0,0.0,0.45454545454545453,0.030303030303030304,0.30303030303030304
26160.0,Ángel Martínez Cervera,Espanyol,2,43.0,11.0,7.0,3.0,0.5,0.5,0.0,0.0,0.0,0.0,0.0,0.0,0.5,0.0,2.0,0.0,1.5,0.0,0.0,1.0,0.5,0.5,0.5,0.0,0.6363636363636364,0.0,0.0,0.0,0.0,0.2727272727272727,0.045454545454545456,0.045454545454545456
26162.0,Moisés Hurtado Pérez,Espanyol,2,93.0,28.0,21.0,8.0,1.0,5.5,0.0,0.0,0.0,0.0,0.0,0.0,0.5,0.5,3.0,0.0,2.0,0.0,0.0,4.5,3.0,3.0,3.5,1.5,0.75,1.0,0.0,0.0,0.0,0.2857142857142857,0.03571428571428571,0.19642857142857142
26168.0,Iago Bouzón Amodeo,Recreativo Huelva,1,91.0,45.0,29.0,27.0,1.0,8.0,0.0,0.0,0.0,0.0,0.0,0.0,1.0,1.0,5.0,1.0,2.0,1.0,1.0,8.0,4.0,1.0,3.0,2.0,0.6444444444444445,1.0,0.2,0.5,0.0,0.6,0.022222222222222223,0.17777777777777778
26169.0,Javier Camuñas Gallego,Recreativo Huelva,2,63.0,23.0,16.0,5.5,4.0,2.0,0.0,0.5,0.0,0.0,0.0,0.0,5.0,1.0,3.0,1.0,2.0,1.0,0.5,4.0,0.0,0.0,1.5,2.0,0.6956521739130435,0.2,0.3333333333333333,0.5,0.0,0.2391304347826087,0.17391304347826086,0.08695652173913043
26170.0,Francisco Javier Chica Torres,Espanyol,1,96.0,30.0,18.0,21.0,4.0,13.0,0.0,0.0,0.0,0.0,0.0,0.0,1.0,1.0,0.0,0.0,0.0,0.0,1.0,2.0,4.0,3.0,3.0,1.0,0.6,1.0,0.0,0.0,0.0,0.7,0.13333333333333333,0.43333333333333335
26172.0,Hipólito Fernández Serrano,Recreativo Huelva,1,91.0,29.0,22.0,14.0,0.0,2.0,0.0,0.0,0.0,0.0,0.0,0.0,0.0,0.0,1.0,0.0,1.0,0.0,2.0,3.0,5.0,0.0,0.0,0.0,0.7586206896551724,0.0,0.0,0.0,0.0,0.4827586206896552,0.0,0.06896551724137931
26176.0,Iván Gabriel Heinze,Real Madrid,1,87.0,40.0,30.0,18.0,1.0,8.0,0.0,0.0,0.0,0.0,0.0,0.0,0.0,0.0,3.0,0.0,3.0,0.0,0.0,2.0,0.0,2.0,3.0,0.0,0.75,0.0,0.0,0.0,0.0,0.45,0.025,0.2
26186.0,Bartholomew Owogbalor Ogbeche,Real Valladolid,1,35.0,8.0,6.0,3.0,0.0,2.0,0.0,0.0,0.0,0.0,0.0,0.0,1.0,1.0,1.0,0.0,0.0,0.0,0.0,1.0,0.0,0.0,3.0,2.0,0.75,1.0,0.0,0.0,0.0,0.375,0.0,0.25
26188.0,Alberto Marcos Rey,Real Valladolid,2,92.0,34.5,27.5,17.5,1.0,10.5,0.0,0.5,0.0,0.0,0.0,0.0,1.5,1.0,4.5,1.0,4.5,1.0,2.0,5.5,4.5,2.5,4.0,1.0,0.7971014492753623,0.6666666666666666,0.2222222222222222,0.2222222222222222,0.0,0.5072463768115942,0.028985507246376812,0.30434782608695654
26189.0,Sisinio González Martínez,Recreativo Huelva,2,84.5,25.5,18.0,10.0,2.5,4.0,0.0,0.0,1.0,0.5,0.0,0.0620948625,3.0,2.5,3.0,0.5,2.0,0.5,1.5,8.0,1.0,2.0,3.5,3.0,0.7058823529411765,0.8333333333333334,0.16666666666666666,0.25,0.5,0.39215686274509803,0.09803921568627451,0.1568627450980392
26190.0,Álvaro Rubio Robles,Real Valladolid,2,90.5,47.0,35.5,18.5,3.5,12.0,0.0,0.0,0.5,0.0,0.0,0.013708774,1.5,1.0,4.0,0.5,1.0,0.5,1.5,4.5,0.5,1.0,1.5,2.0,0.7553191489361702,0.6666666666666666,0.125,0.5,0.0,0.39361702127659576,0.07446808510638298,0.2553191489361702
26191.0,Joseba Llorente Etxarri,Villarreal,1,93.0,28.0,18.0,3.0,3.0,1.0,0.0,1.0,2.0,2.0,2.0,0.87637704,2.0,2.0,3.0,0.0,1.0,0.0,2.0,3.0,0.0,2.0,1.0,5.0,0.6428571428571429,1.0,0.0,0.0,1.0,0.10714285714285714,0.10714285714285714,0.03571428571428571
26192.0,Matías Ariel Fernández Fernández,Villarreal,1,22.0,10.0,8.0,3.0,1.0,2.0,0.0,0.0,2.0,1.0,1.0,0.84250268,0.0,0.0,0.0,0.0,0.0,0.0,0.0,2.0,0.0,0.0,3.0,1.0,0.8,0.0,0.0,0.0,0.5,0.3,0.1,0.2
26195.0,Juan Valera Espín,Racing Santander,2,92.5,28.5,16.5,14.5,2.0,4.0,0.0,0.0,0.0,0.0,0.0,0.0,2.0,1.0,5.5,0.5,2.0,0.5,1.0,2.5,3.0,1.0,2.5,0.0,0.5789473684210527,0.5,0.09090909090909091,0.25,0.0,0.5087719298245614,0.07017543859649122,0.14035087719298245
26198.0,Guillermo Luis Franco Farquarson,Villarreal,1,24.0,5.0,3.0,0.0,0.0,0.0,0.0,0.0,2.0,0.0,0.0,0.3604324399999999,2.0,1.0,1.0,0.0,0.0,0.0,0.0,0.0,0.0,0.0,1.0,1.0,0.6,0.5,0.0,0.0,0.0,0.0,0.0,0.0
26199.0,Diego Forlán Corazo,Atlético Madrid,1,90.0,37.0,26.0,12.0,6.0,9.0,0.0,1.0,5.0,3.0,2.0,1.376884264,6.0,4.0,0.0,0.0,0.0,0.0,1.0,3.0,1.0,1.0,1.0,1.0,0.7027027027027027,0.6666666666666666,0.0,0.0,0.6,0.32432432432432434,0.16216216216216217,0.24324324324324326
26206.0,Sergio González Soriano,RC Deportivo La Coruña,1,88.0,51.0,42.0,20.0,4.0,15.0,0.0,1.0,0.0,0.0,0.0,0.0,0.0,0.0,2.0,1.0,1.0,1.0,0.0,8.0,2.0,0.0,1.0,2.0,0.8235294117647058,0.0,0.5,1.0,0.0,0.39215686274509803,0.0784313725490196,0.29411764705882354
26209.0,Manuel Pablo García Díaz,RC Deportivo La Coruña,1,91.0,32.0,26.0,14.0,2.0,6.0,0.0,0.0,0.0,0.0,0.0,0.0,0.0,0.0,2.0,0.0,1.0,0.0,0.0,0.0,10.0,0.0,0.0,1.0,0.8125,0.0,0.0,0.0,0.0,0.4375,0.0625,0.1875
26211.0,Joan Verdú Fernández,RC Deportivo La Coruña,1,86.0,45.0,34.0,9.0,3.0,5.0,0.0,0.0,0.0,0.0,0.0,0.0,1.0,1.0,3.0,2.0,2.0,2.0,0.0,4.0,1.0,1.0,3.0,1.0,0.7555555555555555,1.0,0.6666666666666666,1.0,0.0,0.2,0.06666666666666667,0.1111111111111111
26212.0,Cristian Hidalgo González,RC Deportivo La Coruña,1,63.0,18.0,15.0,1.0,2.0,2.0,0.0,0.0,0.0,0.0,0.0,0.0,3.0,1.0,2.0,0.0,1.0,0.0,0.0,4.0,1.0,1.0,0.0,0.0,0.8333333333333334,0.3333333333333333,0.0,0.0,0.0,0.05555555555555555,0.1111111111111111,0.1111111111111111
26214.0,Julián de Guzmán,RC Deportivo La Coruña,1,24.0,8.0,7.0,2.0,0.0,2.0,0.0,0.0,0.0,0.0,0.0,0.0,0.0,0.0,0.0,0.0,0.0,0.0,0.0,1.0,1.0,1.0,0.0,0.0,0.875,0.0,0.0,0.0,0.0,0.25,0.0,0.25
26222.0,José Eduardo Rosa Vale de Castro,RC Deportivo La Coruña,1,83.0,18.0,10.0,11.0,1.0,6.0,0.0,0.0,1.0,1.0,0.0,0.06498895,0.0,0.0,2.0,0.0,1.0,0.0,0.0,1.0,9.0,2.0,1.0,0.0,0.5555555555555556,0.0,0.0,0.0,1.0,0.6111111111111112,0.05555555555555555,0.3333333333333333
26224.0,Hélder Miguel Do Rosario Data,Málaga,2,92.5,18.0,14.0,9.5,0.0,4.0,0.0,0.0,0.5,0.0,0.0,0.0196265075,0.0,0.0,2.0,0.0,1.5,0.0,1.5,3.0,7.5,1.0,1.0,2.0,0.7777777777777778,0.0,0.0,0.0,0.0,0.5277777777777778,0.0,0.2222222222222222
26225.0,Iñaki Goitia Peña,Málaga,1,91.0,19.0,13.0,19.0,0.0,15.0,0.0,0.0,0.0,0.0,0.0,0.0,0.0,0.0,0.0,0.0,0.0,0.0,0.0,2.0,0.0,0.0,0.0,0.0,0.6842105263157895,0.0,0.0,0.0,0.0,1.0,0.0,0.7894736842105263
26226.0,José Javier Barkero Saludes,CD Numancia de Soria,2,72.0,31.0,19.0,13.0,4.0,7.5,0.0,0.5,0.5,0.5,0.5,0.0253939815,0.0,0.0,3.0,0.5,0.5,0.5,0.0,3.0,1.0,3.0,1.0,3.0,0.6129032258064516,0.0,0.16666666666666666,1.0,1.0,0.41935483870967744,0.12903225806451613,0.24193548387096775
26227.0,Mate Bilić,Sporting Gijón,2,45.5,11.0,9.0,2.5,1.5,1.5,0.5,0.5,0.5,0.0,0.0,0.030046288,0.0,0.0,2.5,0.0,0.0,0.0,0.0,0.5,1.0,1.0,0.5,0.0,0.8181818181818182,0.0,0.0,0.0,0.0,0.22727272727272727,0.13636363636363635,0.13636363636363635
26228.0,Juan Pablo Colinas Ferreras,CD Numancia de Soria,2,91.0,39.0,14.0,39.0,1.0,38.5,0.0,0.5,0.0,0.0,0.0,0.0,0.0,0.0,0.0,0.0,0.0,0.0,0.0,7.0,0.0,0.5,0.0,0.5,0.358974358974359,0.0,0.0,0.0,0.0,1.0,0.02564102564102564,0.9871794871794872
26229.0,Carmelo José González Jiménez,Sporting Gijón,2,79.0,24.0,13.5,6.0,1.0,3.0,0.0,0.0,0.5,0.0,0.0,0.053289855,0.5,0.0,4.5,1.0,2.0,1.0,1.0,2.0,0.0,1.0,2.0,1.5,0.5625,0.0,0.2222222222222222,0.5,0.0,0.25,0.041666666666666664,0.125
26230.0,César Palacios Chocarro,CD Numancia de Soria,2,83.5,18.5,16.0,10.0,0.5,6.0,0.0,0.0,0.0,0.0,0.0,0.0,1.0,0.5,4.0,0.5,3.5,0.5,5.0,3.5,8.0,2.5,1.5,0.5,0.8648648648648649,0.5,0.125,0.14285714285714285,0.0,0.5405405405405406,0.02702702702702703,0.32432432432432434
26231.0,Juan Ramón Cabrero Obrer,CD Numancia de Soria,2,90.5,19.5,12.0,13.0,2.0,7.5,0.0,0.0,0.0,0.0,0.0,0.0,0.0,0.0,5.0,1.0,3.5,1.0,1.0,2.5,5.0,1.0,0.0,0.0,0.6153846153846154,0.0,0.2,0.2857142857142857,0.0,0.6666666666666666,0.10256410256410256,0.38461538461538464
26232.0,Ibán Javier Cuadrado Alonso,Málaga,1,92.0,32.0,27.0,19.0,1.0,11.0,0.0,1.0,0.0,0.0,0.0,0.0,0.0,0.0,2.0,1.0,1.0,1.0,6.0,2.0,9.0,1.0,1.0,0.0,0.84375,0.0,0.5,1.0,0.0,0.59375,0.03125,0.34375
26233.0,Manuel Gaspar Haro,Málaga,1,28.0,11.0,9.0,7.0,3.0,5.0,0.0,0.0,0.0,0.0,0.0,0.0,1.0,0.0,2.0,1.0,1.0,1.0,1.0,1.0,0.0,1.0,2.0,0.0,0.8181818181818182,0.0,0.5,1.0,0.0,0.6363636363636364,0.2727272727272727,0.45454545454545453
26234.0,Antonio Galdeano Benítez,Málaga,2,80.0,37.5,22.0,17.0,3.0,12.5,0.0,1.0,0.0,0.0,0.0,0.0,1.0,1.0,4.5,0.5,2.5,0.5,1.5,8.0,3.0,2.0,1.5,2.0,0.5866666666666667,1.0,0.1111111111111111,0.2,0.0,0.4533333333333333,0.08,0.3333333333333333
26235.0,Mario Martínez Rubio,CD Numancia de Soria,1,84.0,28.0,20.0,12.0,4.0,8.0,0.0,1.0,2.0,1.0,1.0,0.130309163,2.0,0.0,4.0,1.0,3.0,1.0,0.0,3.0,1.0,1.0,2.0,0.0,0.7142857142857143,0.0,0.25,0.3333333333333333,0.5,0.42857142857142855,0.14285714285714285,0.2857142857142857
26236.0,Gorka Brit Gallego,CD Numancia de Soria,2,36.0,11.5,9.0,2.0,1.0,2.5,0.0,0.0,0.0,0.0,0.0,0.0,0.0,0.0,0.5,0.0,0.0,0.0,0.5,1.0,0.0,0.0,1.0,2.0,0.782608695652174,0.0,0.0,0.0,0.0,0.17391304347826086,0.08695652173913043,0.21739130434782608
26237.0,Andreu Guerao Mayoral,Sporting Gijón,1,91.0,41.0,34.0,11.0,0.0,10.0,0.0,1.0,1.0,0.0,0.0,0.02654376,0.0,0.0,1.0,0.0,1.0,0.0,3.0,6.0,5.0,2.0,3.0,1.0,0.8292682926829268,0.0,0.0,0.0,0.0,0.2682926829268293,0.0,0.24390243902439024
26238.0,Domingo Cisma González,CD Numancia de Soria,1,90.0,27.0,18.0,16.0,4.0,4.0,0.0,0.0,0.0,0.0,0.0,0.0,1.0,0.0,0.0,0.0,0.0,0.0,2.0,4.0,2.0,2.0,2.0,0.0,0.6666666666666666,0.0,0.0,0.0,0.0,0.5925925925925926,0.14814814814814814,0.14814814814814814
26239.0,Juan Carlos,CD Numancia de Soria,1,91.0,20.0,8.0,12.0,1.0,7.0,0.0,0.0,1.0,0.0,0.0,0.069337994,2.0,1.0,6.0,0.0,6.0,0.0,1.0,9.0,5.0,2.0,2.0,0.0,0.4,0.5,0.0,0.0,0.0,0.6,0.05,0.35
26240.0,Francisco José Maldonado Collantes,Sporting Gijón,1,63.0,14.0,9.0,3.0,1.0,2.0,0.0,0.0,3.0,1.0,1.0,0.281660558,1.0,1.0,1.0,0.0,0.0,0.0,0.0,4.0,2.0,0.0,1.0,0.0,0.6428571428571429,1.0,0.0,0.0,0.3333333333333333,0.21428571428571427,0.07142857142857142,0.14285714285714285
26241.0,Sergio Boris González Monteagudo,CD Numancia de Soria,2,88.0,9.0,6.0,6.0,0.5,5.0,0.0,0.0,0.0,0.0,0.0,0.0,0.0,0.0,1.0,0.0,1.0,0.0,2.0,0.5,5.5,2.0,0.5,0.5,0.6666666666666666,0.0,0.0,0.0,0.0,0.6666666666666666,0.05555555555555555,0.5555555555555556
26242.0,Román Fernando Martínez,Espanyol,2,72.5,21.5,13.5,6.5,1.5,2.0,0.0,0.0,0.0,0.0,0.0,0.0,0.5,0.5,4.5,0.5,3.0,0.5,0.5,6.0,2.0,1.0,2.0,2.5,0.627906976744186,1.0,0.1111111111111111,0.16666666666666666,0.0,0.3023255813953488,0.06976744186046512,0.09302325581395349
26243.0,Iván Daniel Alonso Vallejo,Espanyol,1,91.0,23.0,14.0,7.0,2.0,5.0,0.0,0.0,0.0,0.0,0.0,0.0,0.0,0.0,13.0,0.0,0.0,0.0,0.0,2.0,2.0,1.0,2.0,4.0,0.6086956521739131,0.0,0.0,0.0,0.0,0.30434782608695654,0.08695652173913043,0.21739130434782608
26244.0,Rafael Sastre Reus,Sporting Gijón,2,73.0,29.5,17.0,20.0,3.5,7.5,0.0,0.0,0.0,0.0,0.0,0.0,0.0,0.0,1.0,0.0,1.0,0.0,2.5,3.0,3.0,2.5,1.0,0.0,0.576271186440678,0.0,0.0,0.0,0.0,0.6779661016949152,0.11864406779661017,0.2542372881355932
26245.0,Sergio Sánchez Sánchez,Sporting Gijón,1,88.0,26.0,16.0,24.0,0.0,12.0,0.0,0.0,0.0,0.0,0.0,0.0,0.0,0.0,0.0,0.0,0.0,0.0,0.0,9.0,0.0,0.0,0.0,0.0,0.6153846153846154,0.0,0.0,0.0,0.0,0.9230769230769231,0.0,0.46153846153846156
26246.0,Salvador Ballesta Vialcho,Málaga,1,90.0,19.0,13.0,3.0,1.0,0.0,0.0,0.0,3.0,1.0,0.0,0.179306187,1.0,0.0,1.0,0.0,0.0,0.0,1.0,3.0,0.0,0.0,4.0,1.0,0.6842105263157895,0.0,0.0,0.0,0.3333333333333333,0.15789473684210525,0.05263157894736842,0.0
26247.0,Domingo Nagore Arbizu,CD Numancia de Soria,2,84.0,25.0,17.0,12.0,2.0,6.5,0.0,0.0,1.5,1.0,0.0,0.0558703485,1.0,0.5,2.5,0.0,2.5,0.0,1.5,3.0,2.0,2.0,0.5,0.5,0.68,0.5,0.0,0.0,0.6666666666666666,0.48,0.08,0.26
26248.0,David Barral Torres,Sporting Gijón,2,60.0,19.5,12.5,3.0,3.5,2.0,0.0,1.0,0.0,0.0,0.0,0.0,1.0,0.0,6.0,1.5,2.0,1.5,0.0,2.5,0.0,1.0,1.5,1.5,0.6410256410256411,0.0,0.25,0.75,0.0,0.15384615384615385,0.1794871794871795,0.10256410256410256
26249.0,Fernando Miguel Fernández Escribano,Málaga,2,59.0,15.5,11.0,2.5,1.5,3.0,0.0,0.0,0.0,0.0,0.0,0.0,0.5,0.5,3.5,0.0,1.0,0.0,0.5,2.5,0.0,0.5,0.5,1.0,0.7096774193548387,1.0,0.0,0.0,0.0,0.16129032258064516,0.0967741935483871,0.1935483870967742
26250.0,Gerard Autet Serrabasa,Sporting Gijón,2,74.0,16.0,11.0,8.0,0.0,3.5,0.0,0.0,0.0,0.0,0.0,0.0,0.5,0.5,3.0,0.5,2.5,0.5,3.0,1.5,6.5,1.5,1.0,0.0,0.6875,1.0,0.16666666666666666,0.2,0.0,0.5,0.0,0.21875
26251.0,Adriano Ferreira Martins,Málaga,1,18.0,7.0,5.0,0.0,0.0,1.0,0.0,0.0,0.0,0.0,0.0,0.0,2.0,1.0,0.0,0.0,0.0,0.0,1.0,0.0,0.0,0.0,0.0,1.0,0.7142857142857143,0.5,0.0,0.0,0.0,0.0,0.0,0.14285714285714285
26252.0,Diego Castro Giménez,Sporting Gijón,2,75.5,23.0,16.0,7.5,2.5,3.0,0.0,0.0,0.0,0.0,0.0,0.0,4.5,4.0,2.5,0.5,2.0,0.5,1.0,4.0,0.5,1.5,2.0,3.5,0.6956521739130435,0.8888888888888888,0.2,0.25,0.0,0.32608695652173914,0.10869565217391304,0.13043478260869565
26253.0,Enrique Mateo Montoya,Sporting Gijón,2,27.0,10.0,7.0,2.5,1.5,2.0,0.0,0.0,1.0,0.5,0.5,0.0341852435,0.0,0.0,1.0,0.0,0.5,0.0,0.0,5.0,0.0,1.0,2.5,0.5,0.7,0.0,0.0,0.0,0.5,0.25,0.15,0.2
26254.0,Manuel Jesús Ortiz Toribio,Málaga,1,63.0,33.0,25.0,12.0,0.0,11.0,0.0,0.0,0.0,0.0,0.0,0.0,0.0,0.0,2.0,0.0,1.0,0.0,2.0,2.0,0.0,3.0,2.0,1.0,0.7575757575757576,0.0,0.0,0.0,0.0,0.36363636363636365,0.0,0.3333333333333333
26255.0,Sergio Matabuena Delgado,Sporting Gijón,2,69.5,19.0,15.5,7.0,0.5,4.0,0.0,0.0,0.0,0.0,0.0,0.0,0.0,0.0,4.0,0.0,1.5,0.0,0.0,3.0,3.0,1.5,3.5,0.5,0.8157894736842105,0.0,0.0,0.0,0.0,0.3684210526315789,0.02631578947368421,0.21052631578947367
26391.0,Luis Javier García Sanz,Atlético Madrid,1,46.0,14.0,12.0,3.0,0.0,2.0,0.0,1.0,0.0,0.0,0.0,0.0,0.0,0.0,0.0,0.0,0.0,0.0,1.0,3.0,1.0,2.0,1.0,2.0,0.8571428571428571,0.0,0.0,0.0,0.0,0.21428571428571427,0.0,0.14285714285714285
26394.0,Javier Del Pino González,CD Numancia de Soria,2,59.5,14.5,8.0,5.5,1.5,2.5,0.0,0.0,1.0,0.0,0.0,0.0244587325,1.5,1.0,2.0,0.5,1.5,0.5,1.0,2.0,2.5,2.5,3.5,2.5,0.5517241379310345,0.6666666666666666,0.25,0.3333333333333333,0.0,0.3793103448275862,0.10344827586206896,0.1724137931034483
26395.0,Álvaro Antón Camarero,CD Numancia de Soria,1,35.0,3.0,2.0,1.0,0.0,1.0,0.0,0.0,1.0,1.0,0.0,0.06170523,0.0,0.0,5.0,0.0,0.0,0.0,0.0,2.0,0.0,0.0,4.0,1.0,0.6666666666666666,0.0,0.0,0.0,1.0,0.3333333333333333,0.0,0.3333333333333333
26396.0,Hedwiges Maduro,Valencia,2,88.5,25.5,20.5,13.5,0.5,6.5,0.0,0.0,1.5,1.0,0.5,0.312575642,1.0,0.0,3.5,0.5,2.5,0.5,0.5,2.0,4.5,0.0,2.0,0.0,0.803921568627451,0.0,0.14285714285714285,0.2,0.6666666666666666,0.5294117647058824,0.0196078431372549,0.2549019607843137
26397.0,Renan Brito Soares,Valencia,1,92.0,31.0,17.0,28.0,0.0,20.0,0.0,1.0,0.0,0.0,0.0,0.0,0.0,0.0,0.0,0.0,0.0,0.0,0.0,7.0,0.0,0.0,0.0,0.0,0.5483870967741935,0.0,0.0,0.0,0.0,0.9032258064516129,0.0,0.6451612903225806
26398.0,Asier del Horno Cosgaya,Valencia,1,92.0,41.0,31.0,18.0,5.0,10.0,0.0,0.0,0.0,0.0,0.0,0.0,3.0,2.0,5.0,1.0,5.0,1.0,1.0,4.0,2.0,2.0,4.0,0.0,0.7560975609756098,0.6666666666666666,0.2,0.2,0.0,0.43902439024390244,0.12195121951219512,0.24390243902439024
26425.0,Juan Ángel Albín Leites,Getafe,1,27.0,4.0,1.0,1.0,1.0,0.0,0.0,0.0,0.0,0.0,0.0,0.0,1.0,0.0,2.0,0.0,0.0,0.0,0.0,0.0,0.0,0.0,1.0,0.0,0.25,0.0,0.0,0.0,0.0,0.25,0.25,0.0
26432.0,Miguel Ángel García Pérez Roldán,Almería,2,58.0,31.5,24.0,9.5,4.5,7.0,0.0,1.0,0.0,0.0,0.0,0.0,1.5,1.0,1.0,0.0,0.0,0.0,0.0,4.5,0.5,1.0,2.0,2.5,0.7619047619047619,0.6666666666666666,0.0,0.0,0.0,0.30158730158730157,0.14285714285714285,0.2222222222222222
26433.0,José Ortiz Bernal,Almería,1,20.0,2.0,2.0,1.0,0.0,1.0,0.0,0.0,0.0,0.0,0.0,0.0,0.0,0.0,1.0,0.0,0.0,0.0,0.0,1.0,0.0,0.0,3.0,0.0,1.0,0.0,0.0,0.0,0.0,0.5,0.0,0.5
26434.0,Santiago Wilmer Acasiete Ariadela,Almería,1,80.0,17.0,15.0,11.0,0.0,6.0,0.0,0.0,0.0,0.0,0.0,0.0,0.0,0.0,0.0,0.0,0.0,0.0,0.0,1.0,10.0,2.0,2.0,0.0,0.8823529411764706,0.0,0.0,0.0,0.0,0.6470588235294118,0.0,0.35294117647058826
26435.0,Fernando Soriano Marco,Almería,1,90.0,36.0,29.0,12.0,0.0,7.0,0.0,0.0,0.0,0.0,0.0,0.0,0.0,0.0,2.0,0.0,1.0,0.0,2.0,2.0,2.0,1.0,2.0,0.0,0.8055555555555556,0.0,0.0,0.0,0.0,0.3333333333333333,0.0,0.19444444444444445
26436.0,José Manuel Jiménez Ortiz,Almería,2,68.0,23.5,17.0,11.0,1.5,5.5,0.0,0.5,1.0,0.5,0.0,0.013241515,3.0,2.0,2.5,1.0,1.0,1.0,0.0,3.5,0.0,1.0,1.5,2.0,0.723404255319149,0.6666666666666666,0.4,1.0,0.5,0.46808510638297873,0.06382978723404255,0.23404255319148937
26437.0,Albert Crusat Domene,Almería,2,67.0,18.0,11.0,4.5,5.0,1.5,0.0,0.0,1.0,0.0,0.0,0.13452005,3.5,1.5,2.0,0.5,0.5,0.5,0.0,3.0,1.0,0.5,0.0,3.0,0.6111111111111112,0.42857142857142855,0.25,1.0,0.0,0.25,0.2777777777777778,0.08333333333333333
26439.0,Carlos García Badías,Almería,1,89.0,27.0,23.0,14.0,0.0,7.0,0.0,0.0,0.0,0.0,0.0,0.0,0.0,0.0,2.0,1.0,2.0,1.0,2.0,1.0,7.0,2.0,0.0,0.0,0.8518518518518519,0.0,0.5,0.5,0.0,0.5185185185185185,0.0,0.25925925925925924
26440.0,Juan Manuel Ortiz Palazón,Almería,2,71.5,21.0,11.0,5.5,4.0,4.0,0.0,0.5,0.0,0.0,0.0,0.0,1.5,0.5,1.0,0.0,1.0,0.0,0.5,2.5,1.0,1.0,2.5,0.5,0.5238095238095238,0.3333333333333333,0.0,0.0,0.0,0.2619047619047619,0.19047619047619047,0.19047619047619047
26453.0,Juan Alberto Andreu Alvarado,Real Betis,1,89.0,10.0,6.0,10.0,1.0,4.0,0.0,0.0,1.0,1.0,1.0,0.074497774,0.0,0.0,1.0,0.0,1.0,0.0,0.0,4.0,17.0,2.0,2.0,1.0,0.6,0.0,0.0,0.0,1.0,1.0,0.1,0.4
26454.0,Jesús Capitán Prada,Real Betis,1,87.0,52.0,38.0,14.0,11.0,12.0,1.0,2.0,1.0,1.0,0.0,0.03855207,3.0,1.0,3.0,0.0,3.0,0.0,1.0,9.0,1.0,2.0,2.0,2.0,0.7307692307692307,0.3333333333333333,0.0,0.0,1.0,0.2692307692307692,0.21153846153846154,0.23076923076923078
26460.0,Francesc Arnau,Málaga,1,91.0,20.0,9.0,19.0,0.0,18.0,0.0,0.0,0.0,0.0,0.0,0.0,0.0,0.0,0.0,0.0,0.0,0.0,0.0,4.0,0.0,0.0,0.0,0.0,0.45,0.0,0.0,0.0,0.0,0.95,0.0,0.9
26464.0,Arturo García Muñoz,Real Betis,1,93.0,25.0,20.0,15.0,1.0,6.0,0.0,0.0,0.0,0.0,0.0,0.0,0.0,0.0,4.0,1.0,4.0,1.0,0.0,2.0,7.0,3.0,2.0,0.0,0.8,0.0,0.25,0.25,0.0,0.6,0.04,0.24
26465.0,Juan de Dios Prados López,Real Betis,1,90.0,24.0,16.0,9.0,0.0,5.0,0.0,0.0,0.0,0.0,0.0,0.0,0.0,0.0,3.0,0.0,2.0,0.0,2.0,4.0,2.0,0.0,3.0,1.0,0.6666666666666666,0.0,0.0,0.0,0.0,0.375,0.0,0.20833333333333334
26468.0,Willian Lanes Lanes de Lima,Real Betis,1,38.0,1.0,1.0,0.0,0.0,0.0,0.0,0.0,0.0,0.0,0.0,0.0,0.0,0.0,2.0,0.0,2.0,0.0,1.0,1.0,3.0,0.0,1.0,0.0,1.0,0.0,0.0,0.0,0.0,0.0,0.0,0.0
26479.0,Koikili Lertxundi Del Campo,Athletic Club,1,93.0,31.0,23.0,12.0,1.0,7.0,0.0,0.0,0.0,0.0,0.0,0.0,0.0,0.0,4.0,0.0,3.0,0.0,4.0,4.0,2.0,2.0,4.0,0.0,0.7419354838709677,0.0,0.0,0.0,0.0,0.3870967741935484,0.03225806451612903,0.22580645161290322
26480.0,Christian Koffi Romaric N''Dri,Sevilla,1,23.0,14.0,11.0,8.0,2.0,3.0,0.0,1.0,0.0,0.0,0.0,0.0,0.0,0.0,1.0,1.0,1.0,1.0,0.0,4.0,0.0,0.0,1.0,0.0,0.7857142857142857,0.0,1.0,1.0,0.0,0.5714285714285714,0.14285714285714285,0.21428571428571427
26481.0,Sébastien Squillaci,Sevilla,1,68.0,19.0,13.0,12.0,0.0,7.0,0.0,0.0,0.0,0.0,0.0,0.0,0.0,0.0,2.0,0.0,1.0,0.0,1.0,3.0,4.0,3.0,1.0,1.0,0.6842105263157895,0.0,0.0,0.0,0.0,0.631578947368421,0.0,0.3684210526315789
26482.0,Aquivaldo Mosquera Romaña,Sevilla,1,91.0,31.0,20.0,15.0,5.0,8.0,0.0,0.0,0.0,0.0,0.0,0.0,0.0,0.0,3.0,1.0,3.0,1.0,1.0,2.0,7.0,0.0,1.0,4.0,0.6451612903225806,0.0,0.3333333333333333,0.3333333333333333,0.0,0.4838709677419355,0.16129032258064516,0.25806451612903225
26483.0,Tom De Mul,Sevilla,1,54.0,17.0,12.0,2.0,3.0,2.0,0.0,0.0,0.0,0.0,0.0,0.0,2.0,2.0,8.0,0.0,5.0,0.0,0.0,1.0,1.0,1.0,0.0,0.0,0.7058823529411765,1.0,0.0,0.0,0.0,0.11764705882352941,0.17647058823529413,0.11764705882352941
26490.0,Mohamed Gasana Tchité,Racing Santander,2,39.0,6.0,4.0,0.5,0.5,0.5,0.0,0.0,0.0,0.0,0.0,0.0,1.0,0.0,3.0,0.0,0.0,0.0,0.0,1.0,0.0,0.0,0.5,1.5,0.6666666666666666,0.0,0.0,0.0,0.0,0.08333333333333333,0.08333333333333333,0.08333333333333333
26494.0,Hernán Darío Pellerano,Almería,2,83.5,16.5,14.5,8.0,1.0,5.5,0.0,0.5,0.0,0.0,0.0,0.0,0.0,0.0,2.5,0.0,2.0,0.0,0.5,2.0,6.5,1.0,0.5,0.0,0.8787878787878788,0.0,0.0,0.0,0.0,0.48484848484848486,0.06060606060606061,0.3333333333333333
26495.0,Kalu Uche,Almería,1,77.0,27.0,21.0,8.0,2.0,2.0,0.0,1.0,1.0,1.0,0.0,0.013051054,3.0,2.0,7.0,0.0,1.0,0.0,0.0,3.0,2.0,0.0,1.0,1.0,0.7777777777777778,0.6666666666666666,0.0,0.0,1.0,0.2962962962962963,0.07407407407407407,0.07407407407407407
26496.0,Daniel Alberto Díaz,Getafe,1,85.0,24.0,18.0,17.0,0.0,11.0,0.0,1.0,0.0,0.0,0.0,0.0,1.0,1.0,2.0,1.0,1.0,1.0,3.0,7.0,3.0,2.0,1.0,0.0,0.75,1.0,0.5,1.0,0.0,0.7083333333333334,0.0,0.4583333333333333
26502.0,Paulo Assunção da Silva,Atlético Madrid,2,91.0,45.5,37.5,16.5,1.0,10.5,0.5,1.0,1.0,0.0,0.0,0.019905466,1.0,0.5,2.0,0.5,2.0,0.5,0.5,2.5,1.5,1.5,2.5,0.5,0.8241758241758241,0.5,0.25,0.25,0.0,0.3626373626373626,0.02197802197802198,0.23076923076923078
26516.0,Walter Gerardo Pandiani Urquiza,Osasuna,1,94.0,33.0,23.0,7.0,5.0,3.0,0.0,0.0,2.0,2.0,1.0,0.24961281,1.0,1.0,14.0,0.0,0.0,0.0,0.0,2.0,0.0,2.0,4.0,1.0,0.696969696969697,1.0,0.0,0.0,1.0,0.21212121212121213,0.15151515151515152,0.09090909090909091
26521.0,Juan Quero Barraso,CD Numancia de Soria,1,10.0,2.0,2.0,1.0,0.0,0.0,0.0,0.0,0.0,0.0,0.0,0.0,0.0,0.0,1.0,0.0,0.0,0.0,0.0,2.0,0.0,0.0,0.0,0.0,1.0,0.0,0.0,0.0,0.0,0.5,0.0,0.0
26522.0,Carlos Reina Aranda,CD Numancia de Soria,1,27.0,9.0,8.0,2.0,0.0,0.0,0.0,0.0,0.0,0.0,0.0,0.0,0.0,0.0,2.0,0.0,0.0,0.0,0.0,3.0,0.0,0.0,0.0,0.0,0.8888888888888888,0.0,0.0,0.0,0.0,0.2222222222222222,0.0,0.0
26523.0,Dimas Delgado Morgado,CD Numancia de Soria,1,91.0,18.0,14.0,3.0,0.0,1.0,0.0,0.0,0.0,0.0,0.0,0.0,0.0,0.0,2.0,0.0,1.0,0.0,0.0,3.0,0.0,1.0,1.0,2.0,0.7777777777777778,0.0,0.0,0.0,0.0,0.16666666666666666,0.0,0.05555555555555555
26524.0,Sergio Ortega González,CD Numancia de Soria,1,91.0,17.0,10.0,15.0,0.0,7.0,0.0,1.0,0.0,0.0,0.0,0.0,0.0,0.0,3.0,0.0,3.0,0.0,1.0,4.0,7.0,4.0,1.0,0.0,0.5882352941176471,0.0,0.0,0.0,0.0,0.8823529411764706,0.0,0.4117647058823529
26525.0,Asier Goiria Etxebarria,CD Numancia de Soria,1,63.0,14.0,9.0,0.0,0.0,1.0,0.0,0.0,0.0,0.0,0.0,0.0,0.0,0.0,4.0,0.0,1.0,0.0,0.0,3.0,0.0,0.0,0.0,0.0,0.6428571428571429,0.0,0.0,0.0,0.0,0.0,0.0,0.07142857142857142
26547.0,Luciano Fabián Monzón,Real Betis,2,46.5,11.5,8.5,5.5,0.0,2.5,0.0,0.0,0.5,0.5,0.5,0.026320176,0.5,0.5,2.5,0.0,2.0,0.0,0.5,0.5,2.5,2.5,0.0,0.0,0.7391304347826086,1.0,0.0,0.0,1.0,0.4782608695652174,0.0,0.21739130434782608
26548.0,Fernando Vega Torres,Real Betis,2,90.0,34.0,22.0,16.5,3.5,4.5,0.0,0.0,0.0,0.0,0.0,0.0,0.0,0.0,4.0,0.0,2.0,0.0,2.0,2.0,4.5,2.0,1.5,0.5,0.6470588235294118,0.0,0.0,0.0,0.0,0.4852941176470588,0.10294117647058823,0.1323529411764706
26549.0,Achille Emaná Edzimbi,Real Betis,2,67.0,21.5,14.5,7.5,4.0,6.0,0.5,0.0,2.0,0.5,0.0,0.150328769,2.0,1.0,2.5,0.5,2.0,0.5,0.5,5.5,1.5,1.5,4.0,1.0,0.6744186046511628,0.5,0.2,0.25,0.25,0.3488372093023256,0.18604651162790697,0.27906976744186046
26589.0,Nélson Augusto Tomar Marcos,Real Betis,1,93.0,36.0,27.0,19.0,3.0,8.0,0.0,0.0,0.0,0.0,0.0,0.0,0.0,0.0,4.0,0.0,4.0,0.0,1.0,1.0,8.0,1.0,2.0,2.0,0.75,0.0,0.0,0.0,0.0,0.5277777777777778,0.08333333333333333,0.2222222222222222
26597.0,László Sepsi,Racing Santander,1,32.0,9.0,6.0,3.0,1.0,1.0,0.0,0.0,0.0,0.0,0.0,0.0,0.0,0.0,1.0,0.0,0.0,0.0,3.0,0.0,1.0,3.0,2.0,0.0,0.6666666666666666,0.0,0.0,0.0,0.0,0.3333333333333333,0.1111111111111111,0.1111111111111111
26598.0,Antonio Moral Segura,Racing Santander,1,60.0,15.0,9.0,4.0,3.0,5.0,0.0,0.0,0.0,0.0,0.0,0.0,4.0,1.0,2.0,0.0,0.0,0.0,1.0,5.0,1.0,0.0,2.0,2.0,0.6,0.25,0.0,0.0,0.0,0.26666666666666666,0.2,0.3333333333333333
26612.0,José Manuel Casado Bizcocho,Recreativo Huelva,1,93.0,40.0,33.0,17.0,4.0,10.0,0.0,1.0,0.0,0.0,0.0,0.0,1.0,1.0,2.0,1.0,2.0,1.0,0.0,3.0,3.0,4.0,3.0,0.0,0.825,1.0,0.5,0.5,0.0,0.425,0.1,0.25
26619.0,Gaizka Toquero Pinedo,Athletic Club,1,48.0,6.0,1.0,2.0,1.0,0.0,0.0,0.0,1.0,0.0,0.0,0.058853295,0.0,0.0,2.0,0.0,0.0,0.0,0.0,1.0,0.0,0.0,1.0,1.0,0.16666666666666666,0.0,0.0,0.0,0.0,0.3333333333333333,0.16666666666666666,0.0
26620.0,Jorge Miguel Dias Gonçalves,Racing Santander,1,28.0,13.0,9.0,7.0,2.0,4.0,0.0,0.0,0.0,0.0,0.0,0.0,0.0,0.0,2.0,1.0,1.0,1.0,1.0,3.0,3.0,1.0,2.0,2.0,0.6923076923076923,0.0,0.5,1.0,0.0,0.5384615384615384,0.15384615384615385,0.3076923076923077
26621.0,Sebastián Eguren Ledesma,Villarreal,2,94.0,40.0,27.5,14.5,2.5,10.5,0.5,0.0,0.0,0.0,0.0,0.0,0.0,0.0,5.0,0.0,3.5,0.0,0.5,4.5,1.0,3.0,1.5,1.5,0.6875,0.0,0.0,0.0,0.0,0.3625,0.0625,0.2625
26635.0,Luis Morán Sánchez,Sporting Gijón,1,92.0,21.0,14.0,8.0,3.0,5.0,0.0,0.0,1.0,0.0,0.0,0.012746137,2.0,2.0,3.0,0.0,2.0,0.0,1.0,6.0,0.0,5.0,1.0,1.0,0.6666666666666666,1.0,0.0,0.0,0.0,0.38095238095238093,0.14285714285714285,0.23809523809523808
26640.0,Ersen Martin,Recreativo Huelva,1,17.0,3.0,2.0,2.0,1.0,1.0,0.0,0.0,0.0,0.0,0.0,0.0,2.0,0.0,1.0,0.0,1.0,0.0,0.0,1.0,0.0,0.0,1.0,0.0,0.6666666666666666,0.0,0.0,0.0,0.0,0.6666666666666666,0.3333333333333333,0.3333333333333333
26641.0,Kanga Gauthier Akalé,Recreativo Huelva,2,26.0,8.5,5.0,4.5,2.0,1.5,0.0,0.5,0.5,0.0,0.0,0.0701181,1.0,0.5,2.5,0.5,1.0,0.5,0.5,2.0,0.0,1.0,0.0,0.0,0.5882352941176471,0.5,0.2,0.5,0.0,0.5294117647058824,0.23529411764705882,0.17647058823529413
26642.0,Mogammat Nasief Morris,Recreativo Huelva,2,89.0,21.0,14.5,10.0,0.5,2.0,0.0,0.0,0.5,0.0,0.0,0.0106779125,0.5,0.0,1.0,0.0,0.5,0.0,1.0,5.0,7.0,1.0,0.5,0.0,0.6904761904761905,0.0,0.0,0.0,0.0,0.47619047619047616,0.023809523809523808,0.09523809523809523
26643.0,Sebastián Ricardo Nayar,Recreativo Huelva,1,74.0,27.0,19.0,11.0,0.0,5.0,0.0,0.0,2.0,2.0,0.0,0.4837522635,0.0,0.0,4.0,0.0,2.0,0.0,0.0,8.0,2.0,1.0,3.0,2.0,0.7037037037037037,0.0,0.0,0.0,1.0,0.4074074074074074,0.0,0.18518518518518517
26644.0,Andrés Lamas Bervejillo,Recreativo Huelva,1,93.0,27.0,22.0,15.0,2.0,6.0,0.0,0.0,1.0,0.0,0.0,0.20757625,0.0,0.0,1.0,0.0,1.0,0.0,2.0,0.0,7.0,3.0,0.0,1.0,0.8148148148148148,0.0,0.0,0.0,0.0,0.5555555555555556,0.07407407407407407,0.2222222222222222
26647.0,Henok Goitom,Real Valladolid,2,93.0,24.0,15.5,4.0,1.5,2.0,0.0,0.0,0.5,0.5,0.0,0.005407467,1.5,0.0,9.0,0.0,1.0,0.0,0.5,3.5,0.5,1.0,1.5,1.5,0.6458333333333334,0.0,0.0,0.0,1.0,0.16666666666666666,0.0625,0.08333333333333333
26650.0,Guilherme Oliveira Santos,Almería,1,87.0,31.0,23.0,15.0,2.0,3.0,0.0,0.0,1.0,0.0,0.0,0.008923833,4.0,3.0,2.0,0.0,0.0,0.0,3.0,8.0,2.0,3.0,2.0,1.0,0.7419354838709677,0.75,0.0,0.0,0.0,0.4838709677419355,0.06451612903225806,0.0967741935483871
26652.0,Adrián Colunga Pérez,Recreativo Huelva,1,91.0,20.0,12.0,3.0,11.0,9.0,0.0,2.0,1.0,0.0,0.0,0.022410471,4.0,1.0,3.0,2.0,2.0,2.0,1.0,0.0,0.0,1.0,4.0,1.0,0.6,0.25,0.6666666666666666,1.0,0.0,0.15,0.55,0.45
26659.0,Roberto Fernández Alvarellos,Osasuna,1,87.0,27.0,12.0,27.0,0.0,25.0,0.0,0.0,0.0,0.0,0.0,0.0,0.0,0.0,0.0,0.0,0.0,0.0,0.0,9.0,0.0,0.0,0.0,0.0,0.4444444444444444,0.0,0.0,0.0,0.0,1.0,0.0,0.9259259259259259
26660.0,Krisztián Vadócz,Osasuna,1,94.0,32.0,25.0,11.0,1.0,7.0,0.0,0.0,0.0,0.0,0.0,0.0,0.0,0.0,6.0,1.0,3.0,1.0,1.0,4.0,0.0,3.0,2.0,0.0,0.78125,0.0,0.16666666666666666,0.3333333333333333,0.0,0.34375,0.03125,0.21875
26661.0,Iván Hernández Soto,Sporting Gijón,1,90.0,14.0,8.0,7.0,2.0,7.0,0.0,0.0,0.0,0.0,0.0,0.0,0.0,0.0,1.0,0.0,1.0,0.0,0.0,2.0,7.0,1.0,0.0,0.0,0.5714285714285714,0.0,0.0,0.0,0.0,0.5,0.14285714285714285,0.5
26662.0,Natalio Lorenzo Poquet,Almería,1,12.0,2.0,2.0,0.0,1.0,0.0,0.0,1.0,0.0,0.0,0.0,0.0,0.0,0.0,0.0,0.0,0.0,0.0,0.0,0.0,0.0,0.0,0.0,0.0,1.0,0.0,0.0,0.0,0.0,0.0,0.5,0.0
26663.0,Julio Álvarez Mosquera,Almería,1,92.0,40.0,30.0,15.0,3.0,2.0,0.0,0.0,2.0,1.0,0.0,0.085128132,1.0,0.0,6.0,0.0,5.0,0.0,1.0,9.0,0.0,2.0,1.0,1.0,0.75,0.0,0.0,0.0,0.5,0.375,0.075,0.05
26668.0,Javier Calleja Revilla,Málaga,1,88.0,46.0,23.0,38.0,3.0,14.0,0.0,0.0,0.0,0.0,0.0,0.0,2.0,2.0,3.0,0.0,2.0,0.0,1.0,11.0,7.0,2.0,2.0,0.0,0.5,1.0,0.0,0.0,0.0,0.8260869565217391,0.06521739130434782,0.30434782608695654
26669.0,Weligton Róbson Pena de Oliveira,Málaga,1,87.0,24.0,11.0,17.0,1.0,12.0,0.0,0.0,0.0,0.0,0.0,0.0,1.0,1.0,1.0,0.0,1.0,0.0,0.0,10.0,20.0,2.0,2.0,2.0,0.4583333333333333,1.0,0.0,0.0,0.0,0.7083333333333334,0.041666666666666664,0.5
26670.0,Nabil Baha,Málaga,1,90.0,24.0,7.0,15.0,7.0,5.0,0.0,1.0,1.0,0.0,0.0,0.08653098,2.0,2.0,12.0,0.0,1.0,0.0,0.0,2.0,1.0,0.0,1.0,0.0,0.2916666666666667,1.0,0.0,0.0,0.0,0.625,0.2916666666666667,0.20833333333333334
26693.0,Javier Baraja Vegas,Real Valladolid,1,24.0,10.0,8.0,2.0,0.0,1.0,0.0,0.0,0.0,0.0,0.0,0.0,0.0,0.0,0.0,0.0,0.0,0.0,0.0,0.0,3.0,2.0,0.0,0.0,0.8,0.0,0.0,0.0,0.0,0.2,0.0,0.1
26725.0,Damián Ariel Escudero,Real Valladolid,1,47.0,17.0,15.0,1.0,2.0,3.0,0.0,0.0,1.0,0.0,0.0,0.1593968,6.0,4.0,0.0,0.0,0.0,0.0,0.0,2.0,0.0,0.0,0.0,0.0,0.8823529411764706,0.6666666666666666,0.0,0.0,0.0,0.058823529411764705,0.11764705882352941,0.17647058823529413
26726.0,Iñaki Bea Jauregi,Real Valladolid,1,81.0,18.0,13.0,11.0,0.0,7.0,0.0,0.0,0.0,0.0,0.0,0.0,0.0,0.0,4.0,1.0,4.0,1.0,0.0,3.0,6.0,2.0,0.0,0.0,0.7222222222222222,0.0,0.25,0.25,0.0,0.6111111111111112,0.0,0.3888888888888889
26727.0,Marcos Sebastián Aguirre,Real Valladolid,2,51.0,19.0,10.0,5.5,3.0,3.0,0.0,0.0,0.5,0.5,0.0,0.030760411,1.5,0.0,1.5,0.0,0.0,0.0,0.0,4.5,0.5,1.0,2.5,0.0,0.5263157894736842,0.0,0.0,0.0,1.0,0.2894736842105263,0.15789473684210525,0.15789473684210525
