player_id,player_name,team,performance_score,P_score,S_score,C_score,D_score,L_score
2995.0,Ángel Fabián Di María Hernández,Real Madrid,49.77791750503018,40.48792756539235,42.8672032193159,48.923541247484906,67.3013078470825,56.941649899396374
3040.0,Tomer Hemed,Mallorca,50.44642857142857,19.107142857142858,78.03571428571428,87.14285714285714,32.94642857142857,21.42857142857143
3181.0,Lassana Diarra,Real Madrid,49.25892857142857,30.714285714285708,47.32142857142857,68.57142857142857,80.17857142857143,0.0
3253.0,Adil Rami,Valencia,44.133880308880315,55.5569498069498,38.65347490347491,29.45945945945946,48.82818532818532,49.23745173745174
3385.0,Alexis Alejandro Sánchez Sánchez,Barcelona,59.39044274227952,45.89256962707161,70.87970716197628,69.37489765455304,57.5857852800496,48.0523695809701
3445.0,Radamel Falcao García Zárate,Atlético Madrid,55.29299313358302,29.076154806491882,84.86111111111109,73.79213483146067,51.18445692883895,18.133583021223465
3478.0,Francesc Fàbregas i Soler,Barcelona,64.38015533064197,70.30422240543128,70.6730202987458,70.44877258013591,52.658255319741635,45.144390746221795
3486.0,Fernando Llorente Torres,Athletic Club,50.45786149825784,34.665360046457614,39.95354239256678,83.21138211382114,65.11904761904762,21.370499419279906
3496.0,Mesut Özil,Real Madrid,53.84543918918919,50.88682432432432,43.3409749034749,62.22249034749036,72.81069015444015,32.818532818532816
3497.0,Vicente Iborra De La Fuente,Levante UD,41.84238338192419,28.158406219630706,45.9608843537415,46.84645286686103,50.59584548104955,38.24101068999028
3498.0,Ignacio Monreal Eraso,Málaga,36.60714285714286,30.357142857142858,38.92857142857143,32.142857142857146,45.53571428571429,37.5
3501.0,Philippe Coutinho Correia,Espanyol,61.38392857142857,41.25,59.642857142857146,91.42857142857144,52.767857142857146,73.21428571428571
3509.0,Thibaut Courtois,Atlético Madrid,40.171147672552166,45.8868378812199,39.884965222043874,26.190476190476193,34.58533975387908,65.73033707865169
3606.0,Ander Herrera Agüera,Athletic Club,59.83989158163265,55.96747448979591,71.96811224489797,67.89030612244896,68.4049744897959,5.969387755102038
3659.0,Wilfredo Daniel Caballero,Málaga,43.544642857142854,41.60714285714285,38.92857142857143,32.142857142857146,44.73214285714286,80.35714285714286
3726.0,Gerard Deulofeu Lázaro,Barcelona,48.339285714285715,13.75,40.535714285714285,84.28571428571428,84.19642857142857,10.714285714285712
3958.0,Pedro Eliezer Rodríguez Ledesma,Barcelona,54.15745651156478,47.98848289795751,67.0133637172672,51.42914452596567,52.557816301189185,46.09602692327635
3991.0,Allan Romeo Nyom,Granada,44.416666666666664,42.96296296296296,43.888888888888886,35.18518518518518,67.22222222222223,22.22222222222222
4041.0,José Salomón Rondón Giménez,Málaga,58.10130129179333,34.098594224924014,89.88411854103343,48.22568389057751,47.12386018237082,80.35714285714286
4324.0,Daniel Alves da Silva,Barcelona,60.676663029945836,68.87883671373615,53.70931016403524,68.15759541074503,64.82840874306261,34.32425479741459
4691.0,Claudio Andrés Bravo Muñoz,Real Sociedad,40.6376079277865,44.1454081632653,39.19152276295134,26.883830455259027,34.19152276295134,75.88304552590267
4711.0,Pablo Hernández Domínguez,Valencia,60.598214285714285,40.53571428571428,92.85714285714286,30.357142857142858,65.71428571428571,80.35714285714286
4788.0,Jesús Gámez Duarte,Málaga,43.00520015698588,46.29317111459968,38.92857142857143,46.76609105180534,45.61224489795918,32.24097331240188
4891.0,Ibrahim Afellay,Barcelona,49.81548848878394,56.69347697756789,42.76564344746163,45.28335301062574,41.65289256198347,75.63459268004722
4926.0,Francisco Román Alarcón Suárez,Málaga,59.607142857142854,32.857142857142854,73.21428571428571,75.71428571428572,84.375,10.71428571428571
5198.0,Diego da Silva Costa,Rayo Vallecano,56.035714285714285,38.75,69.82142857142857,77.14285714285714,45.892857142857146,42.85714285714286
5199.0,Jorge Resurrección Merodio,Atlético Madrid,46.87962962962963,41.48148148148148,39.07407407407408,67.40740740740742,66.2962962962963,0.0
5201.0,Sergio Ramos García,Real Madrid,37.70348502304147,41.293202764976954,38.39669738863287,27.697772657450074,51.28984254992319,19.83486943164362
5203.0,Sergio Busquets i Burgos,Barcelona,58.079342559643386,70.40187805178768,45.50981195567375,59.69611794541485,60.193928683030734,51.234107320889166
5207.0,Cristiano Ronaldo dos Santos Aveiro,Real Madrid,54.5195282658518,25.258785332314744,80.04583651642476,70.53475935828877,47.76690221543162,45.33040488922842
5208.0,Thiago Alcântara do Nascimento,Barcelona,63.48773825448729,74.89024142570887,57.83654220457505,70.2321892556732,58.83928755744767,44.91746984292132
5211.0,Jordi Alba Ramos,Valencia,46.535264105642256,44.33223289315726,39.392256902761105,29.95198079231693,70.43517406962785,55.2671068427371
5213.0,Gerard Piqué Bernabéu,Barcelona,54.419352997717176,65.29448706872712,54.633187056712224,43.71822774526126,51.75665944819195,53.42457027666687
5216.0,Andrés Iniesta Luján,Barcelona,64.30706190963093,69.28487880558433,59.309683159376405,79.49039031861119,54.34492271532148,53.913588116042106
5248.0,José Martín Cáceres Silva,Sevilla,47.74107142857142,59.82142857142856,42.14285714285714,28.57142857142857,47.85714285714286,69.64285714285714
5249.0,Diego Roberto Godín Leal,Atlético Madrid,56.90633678271801,37.433643193311696,47.80350200239703,74.95512876728347,77.14219942120495,51.77584846093134
5458.0,Odion Jude Ighalo,Granada,29.94642857142857,26.785714285714285,37.5,25.0,39.017857142857146,10.71428571428571
5470.0,Ivan Rakitić,Sevilla,41.05202821869488,55.94797178130511,39.96913580246913,28.57142857142857,43.06878306878307,27.447089947089943
5487.0,Antoine Griezmann,Real Sociedad,55.91741071428572,38.61607142857143,81.51785714285714,41.60714285714286,77.54464285714286,20.535714285714285
5497.0,Gonzalo Gerardo Higuaín,Real Madrid,34.839285714285715,50.0,38.214285714285715,26.785714285714285,28.214285714285715,17.85714285714286
5503.0,Lionel Andrés Messi Cuccittini,Barcelona,68.77397463322848,62.52599534507216,82.03654442346095,86.02468977874004,47.60164891149037,59.080719530491265
5504.0,Éver Maximiliano David Banega,Valencia,69.87053571428571,63.30357142857143,52.32142857142857,88.92857142857142,87.32142857142858,57.14285714285713
5506.0,Javier Alejandro Mascherano,Barcelona,55.76176750986958,71.12881673970682,41.0325087095168,43.011268251766985,67.69136991445178,55.80908514319906
5513.0,Eduardo Antonio Salvio,Atlético Madrid,37.885559591068066,32.15429109496906,40.29728275490987,29.149852031207963,55.3605057842346,28.705945655098198
5551.0,João Miranda de Souza Filho,Atlético Madrid,49.26517530088959,43.23696145124717,48.487266701552414,26.12724577010291,63.331043956043956,84.42460317460318
5552.0,Marcelo Vieira da Silva Júnior,Real Madrid,67.44642857142857,64.64285714285714,38.214285714285715,84.28571428571428,82.41071428571428,83.92857142857143
5560.0,Carlos Alberto Vela Garrido,Real Sociedad,54.44482142857143,42.482142857142854,83.25714285714287,56.28571428571429,45.692857142857136,26.142857142857142
5566.0,Sami Khedira,Real Madrid,61.19977678571429,57.61160714285714,83.08035714285714,57.05357142857143,59.24107142857143,27.678571428571423
5573.0,Héctor Alfredo Moreno Herrera,Espanyol,46.8720771462707,54.03666723559196,47.30400523411276,26.298571997496726,43.62568982192638,75.52056664959892
6320.0,Filipe Luís Kasmirski,Atlético Madrid,54.222222222222214,35.18518518518518,49.25925925925925,79.25925925925927,61.29629629629629,50.0
6349.0,Federico Julián Fazio,Sevilla,33.0625,26.964285714285708,42.14285714285714,28.57142857142857,37.85714285714286,25.0
6351.0,Cristhian Ricardo Stuani Curbelo,Racing Santander,31.8125,23.035714285714285,44.64285714285715,30.35714285714286,35.17857142857142,17.85714285714286
6357.0,Jonathan dos Santos Ramírez,Barcelona,58.50051652892562,80.99321133412042,44.822904368358905,59.16765053128689,66.03674734356554,20.056080283353005
6360.0,Cristian Eduardo Zapata Valencia,Villarreal,48.80357142857143,20.714285714285715,39.285714285714285,63.57142857142857,79.55357142857143,51.785714285714285
6375.0,Juan Francisco Torres Belén,Atlético Madrid,60.439814814814824,50.092592592592595,74.25925925925927,69.25925925925927,60.83333333333333,33.333333333333336
6379.0,Sergi Roberto Carnicer,Barcelona,60.48275862068966,69.31034482758619,50.0,73.79310344827587,65.6896551724138,27.58620689655172
6384.0,Gabriel Fernández Arenas,Atlético Madrid,47.521529422081905,52.5265281066386,57.78567043760414,42.269578181180385,44.77571691660089,25.344207664649655
6388.0,Ander Iturraspe Derteano,Athletic Club,44.43973214285714,50.13392857142858,44.73214285714286,42.857142857142854,56.29464285714286,8.92857142857143
6390.0,Markel Susaeta Laskurain,Athletic Club,51.05942292171107,52.67756255044391,46.21872477804681,51.41242937853107,54.26553672316384,51.99757869249394
6391.0,Raúl García Escudero,Osasuna,50.12090986200372,52.67045639904739,72.8120412357681,28.44093563435879,62.82786350438783,4.965256255505167
6396.0,Beñat Etxebarria Urkiaga,Real Betis,55.87500000000001,61.96428571428571,42.67857142857143,67.14285714285714,74.28571428571429,14.28571428571429
6557.0,Adrián González Morales,Racing Santander,40.064656476997584,34.77224576271186,42.93129539951573,49.69430992736078,35.044642857142854,36.90980629539952
6559.0,Juan Carlos Pérez López,Real Zaragoza,43.73214285714286,45.89285714285714,39.107142857142854,35.714285714285715,45.44642857142858,62.5
6571.0,Roberto Jiménez Gago,Real Zaragoza,44.13839285714286,43.03571428571429,38.125,34.82142857142857,44.24107142857143,80.35714285714286
6573.0,Bernardo José Espinosa Zúñiga,Racing Santander,41.44525235243798,35.90782720273739,43.6002994011976,32.76304533789564,43.881522668947824,62.39307100085544
6576.0,Gorka Iraizoz Moreno,Athletic Club,43.17134122670808,52.317546583850934,39.911684782608695,26.805124223602483,33.144895186335404,81.24029503105591
6580.0,José Luis García del Pozo,Málaga,44.97249034749034,53.82239382239382,49.46911196911197,28.667953667953668,40.390926640926644,53.37837837837838
6593.0,Martín Montoya Torralbo,Barcelona,54.250244140625,58.343331473214285,47.06426711309524,52.2079613095238,53.42261904761906,67.72228422619047
6599.0,Rubén Salvador Pérez Del Mármol,Getafe,47.87946428571429,39.375,57.857142857142854,28.57142857142857,50.0,78.57142857142857
6608.0,Nabil El Zhar,Levante UD,35.00892857142857,23.92857142857143,38.39285714285714,32.142857142857146,27.5,75.0
6614.0,Alexis Ruano Delgado,Getafe,41.70089285714286,40.625,44.464285714285715,28.571428571428573,34.285714285714285,78.57142857142857
6617.0,Ibai Gómez Pérez,Athletic Club,29.272321428571423,19.553571428571427,39.82142857142857,25.0,30.17857142857143,33.92857142857143
6625.0,Vicente Guaita Panadero,Valencia,44.40178571428571,50.535714285714285,40.0,30.357142857142858,38.30357142857142,80.35714285714286
6626.0,Mubarak Wakaso,Villarreal,51.73214285714286,49.28571428571429,39.285714285714285,90.71428571428572,57.232142857142854,0.0
6630.0,Jorge Molina Vidal,Real Betis,54.81249999999999,28.39285714285714,64.64285714285714,74.28571428571428,69.19642857142857,28.571428571428573
6633.0,Markel Bergara Larrañaga,Real Sociedad,54.78571428571429,27.85714285714286,39.64285714285714,67.5,83.66071428571429,76.78571428571428
6649.0,Óscar de Marcos Arana,Athletic Club,39.877784178187405,38.557987711213514,39.91167434715822,40.93701996927803,41.72043010752688,37.28878648233487
6652.0,Jordi Amat Maas,Espanyol,51.31481481481481,38.703703703703695,38.7037037037037,71.85185185185185,73.14814814814815,29.62962962962962
6656.0,Mikel Rico Moreno,Granada,59.05442229950656,41.40739254503299,40.80212234706617,82.17852684144819,79.87868586885442,60.9060103442126
6658.0,Cristian Tello Herrera,Barcelona,58.95114893541977,42.56776338220252,71.73358747663332,58.16170332835628,62.223839601678876,62.987026347037855
6665.0,Íñigo Martínez Berridi,Real Sociedad,42.39955357142858,39.190605590062106,44.18478260869565,47.026397515527954,37.91634316770186,45.67158385093167
6669.0,David Zurutuza Veillet,Real Sociedad,39.08035714285714,51.07142857142857,38.75,35.714285714285715,45.62499999999999,3.57142857142857
6671.0,Asier Illarramendi Andonegi,Real Sociedad,49.83035714285714,32.32142857142857,47.85714285714285,35.714285714285715,75.71428571428572,75.0
6672.0,Jorge Andújar Moreno,Sevilla,48.46875,27.589285714285715,42.14285714285714,93.57142857142856,59.82142857142857,3.57142857142857
6673.0,Sergio Canales Madrazo,Valencia,42.93303571428571,31.16071428571429,40.0,30.35714285714286,73.92857142857143,42.85714285714286
6674.0,Alberto De La Bella Madureño,Real Sociedad,40.74107142857142,43.57142857142856,38.75,35.714285714285715,27.58928571428571,75.0
6675.0,Antonio Manuel Luna Rodríguez,Sevilla,36.88839285714286,30.44642857142857,39.10714285714286,28.57142857142857,39.464285714285715,58.92857142857143
6677.0,Imanol Agirretxe Arruti,Real Sociedad,57.714629120879124,33.821624803767655,86.33437990580849,68.72056514913658,32.04964678178964,75.21585557299842
6688.0,José Ángel Gómez Campaña,Sevilla,56.81250000000001,34.464285714285715,42.14285714285714,75.0,78.48214285714286,69.64285714285714
6690.0,Xabier Prieto Argarate,Real Sociedad,45.430672268907564,37.04481792717086,58.41036414565826,25.910364145658264,43.93382352941177,75.98039215686275
6706.0,Francisco Casilla Cortés,Espanyol,41.75,45.18518518518518,38.7037037037037,24.074074074074073,40.92592592592592,77.77777777777779
6720.0,Pablo Sarabia García,Getafe,52.25,40.35714285714286,53.214285714285715,84.28571428571428,42.14285714285713,35.71428571428571
6735.0,Adrián López Álvarez,Atlético Madrid,45.388888888888886,47.962962962962955,39.07407407407408,57.77777777777777,40.92592592592592,38.888888888888886
6740.0,Gonzalo Castro Irizábal,Mallorca,44.94249231950845,42.41167434715822,45.94278033794162,46.58218125960061,39.15418586789554,57.066052227342546
6745.0,Mehdi Lacen,Getafe,47.44642857142857,56.07142857142857,42.5,30.357142857142858,74.73214285714285,17.85714285714286
6751.0,Javier Fuego Martínez,Rayo Vallecano,41.70089285714286,44.017857142857146,48.57142857142857,25.0,60.62500000000001,14.28571428571429
6752.0,Víctor Ruíz Torre,Valencia,41.362865035516975,40.93922651933702,38.66811365430151,51.554853985793216,42.37223756906077,26.75611681136543
6758.0,Víctor Sánchez Mata,Espanyol,58.41071428571429,58.392857142857146,43.035714285714285,76.42857142857143,79.01785714285714,19.64285714285714
6762.0,Álvaro González Soberón,Racing Santander,41.19436037126715,38.871065375302656,43.514931396287324,32.960048426150124,55.59221146085552,28.87409200968523
6763.0,Pablo Daniel Piatti,Valencia,42.72752463054187,20.387931034482758,76.03448275862068,43.74384236453203,48.01108374384237,2.7093596059113287
6767.0,Sergio García De La Fuente,Espanyol,60.37962962962963,72.4074074074074,68.14814814814817,71.48148148148148,30.648148148148145,48.14814814814815
6768.0,Diego López Rodríguez,Villarreal,41.980932203389834,45.10694108151735,41.7998385794996,23.20419693301049,39.22518159806295,77.68361581920904
6770.0,Esteban Félix Granero Molina,Real Madrid,41.285714285714285,46.07142857142857,38.57142857142857,28.571428571428573,66.69642857142857,10.71428571428571
6778.0,Iván Ramis Barrios,Mallorca,47.259388130252105,38.54779411764706,51.40887605042016,58.429621848739494,49.96060924369749,30.921743697478995
6786.0,David Timor Copoví,Osasuna,32.96428571428572,23.392857142857142,39.82142857142857,32.142857142857146,53.660714285714285,0.0
6787.0,Pedro López Muñoz,Levante UD,42.71384419152277,40.08339874411303,46.87794348508634,59.04238618524333,40.497448979591844,10.65541601255887
6791.0,Javier López Rodríguez,Espanyol,39.74407305657306,30.916005291005288,41.20294057794057,26.668701668701665,73.12449124949126,17.556980056980056
6794.0,Gustavo Daniel Cabral Cáceres,Levante UD,41.125,40.535714285714285,40.17857142857143,25.0,70.80357142857143,17.85714285714286
6821.0,Jesús Navas González,Sevilla,55.57079081632653,40.534297052154194,55.887188208616784,62.8968253968254,65.1360544217687,58.58843537414966
6832.0,Rubén Castro Martín,Real Betis,62.60557299843014,44.96271585557299,91.7405808477237,64.16012558869703,47.131083202511775,61.71507064364207
6842.0,Iker Muniain Goñi,Athletic Club,62.73580756929637,46.53118336886994,67.25746268656717,72.98507462686567,76.21668443496802,44.48294243070363
6861.0,Juan Torres Ruiz,Sevilla,38.575892857142854,34.19642857142857,39.10714285714286,28.57142857142857,63.75,17.85714285714286
6867.0,Papa Kouly Diop,Racing Santander,50.797423469387766,35.38826530612244,43.54183673469388,71.88571428571429,79.58163265306122,7.714285714285718
6869.0,Alejandro Arribas Garrido,Rayo Vallecano,41.12076271186441,29.312953995157383,38.586561743341406,49.57627118644068,59.59140435835351,23.123486682808718
6873.0,Francisco Portillo Soler,Málaga,51.625,33.92857142857143,52.85714285714285,89.2857142857143,39.82142857142858,41.07142857142857
6878.0,Miguel Torres Gómez,Getafe,45.22321428571429,47.5,44.464285714285715,28.57142857142857,59.37499999999999,46.42857142857143
6886.0,Dídac Vilá Rosselló,Espanyol,44.65083180708181,46.90716030001744,40.822104482818766,26.27332984475842,57.116365777080055,60.4057648700506
6890.0,Andreu Fontàs Prat,Barcelona,63.83928571428572,72.32142857142857,38.75,81.42857142857143,81.07142857142858,35.71428571428571
6899.0,Rubén Pardo Gutiérrez,Real Sociedad,41.28571428571429,48.57142857142857,49.285714285714285,17.857142857142858,53.750000000000014,25.0
6904.0,Sergio Sánchez Ortega,Málaga,44.86607142857143,55.17857142857143,38.92857142857143,26.785714285714285,39.732142857142854,80.35714285714286
6913.0,Fernando Navarro i Corbacho,Sevilla,54.353224734042556,58.1577697568389,40.673442249240125,73.52583586626139,56.66840805471124,36.065729483282674
6914.0,Roberto Román Triguero,Rayo Vallecano,36.36607142857143,38.92857142857143,37.67857142857143,25.0,36.964285714285715,48.21428571428571
6925.0,Jairo Samperio Bustara,Racing Santander,51.67197554697555,40.5550193050193,42.781531531531535,65.00643500643501,51.86776061776061,74.62998712998714
6997.0,Borja Valero Iglesias,Villarreal,46.71327254305978,29.411094224924017,47.20238095238095,59.777102330293815,70.72758358662612,14.58966565349544
7034.0,Mateo Pablo Musacchio,Villarreal,53.520714285714284,41.2,41.885714285714286,74.88571428571429,70.14642857142857,37.42857142857143
7063.0,Jefferson Antonio Montero Vite,Real Betis,57.22035714285715,34.76190476190476,45.41666666666667,89.88571428571429,57.540476190476184,76.90476190476191
7068.0,Marc Bartra Aregall,Barcelona,53.75892857142858,62.67857142857143,38.92857142857143,26.785714285714285,74.82142857142857,80.35714285714286
7069.0,Miguel Ángel Moyà Rumbo,Getafe,44.99713703416149,47.47282608695652,43.47146739130435,29.473990683229818,42.99689440993789,77.66886645962732
7125.0,Khouma El Hadji Babacar,Racing Santander,41.52232142857143,31.160714285714285,44.64285714285715,76.78571428571428,35.17857142857142,1.7857142857142905
7141.0,Giuseppe Rossi,Villarreal,49.27678571428571,25.714285714285705,49.46428571428571,75.71428571428571,38.30357142857143,76.78571428571428
7321.0,Liassine Cadamuro-Bentaïba,Real Sociedad,50.29946911196911,39.36776061776062,39.44980694980694,76.27413127413128,63.959942084942085,25.482625482625483
7456.0,Diego Perotti,Sevilla,61.69642857142857,39.82142857142857,64.82142857142857,96.42857142857144,79.46428571428571,3.57142857142857
7701.0,Franco Zuculini,Real Zaragoza,51.299107142857146,34.55357142857143,37.14285714285714,73.57142857142857,70.08928571428571,46.42857142857143
7907.0,Pedro Bigas Rigo,Mallorca,57.504464285714285,50.26785714285714,40.535714285714285,87.5,66.875,39.28571428571429
8234.0,Ignacio Camacho Barnola,Málaga,40.31701388888889,42.629960317460316,38.92857142857143,29.494047619047624,64.78571428571429,10.714285714285712
8697.0,Andrés Eduardo Fernández Moreno,Osasuna,42.20970401603073,45.92103615262587,39.47388745094765,28.949236035735158,37.19707564498622,76.3171077899307
8724.0,Carlos Martínez Díez,Real Sociedad,56.611607142857146,47.23214285714286,39.64285714285714,63.57142857142858,72.49999999999999,76.78571428571428
9399.0,Javier Martínez Aginaga,Athletic Club,42.05133928571429,53.25892857142857,39.910714285714285,26.785714285714285,48.70535714285714,36.60714285714286
10609.0,Jérémy Mathieu,Valencia,39.90070346320347,37.700216450216445,38.50649350649351,49.74458874458875,50.72348484848485,7.5541125541125504
10798.0,Eliseu Pereira dos Santos,Málaga,55.95580110497237,42.58780584056827,65.95994475138122,66.05367008681927,51.22533543804262,53.63062352012628
10815.0,Ádám Pintér,Real Zaragoza,46.3125,48.92857142857142,48.392857142857146,33.92857142857143,75.98214285714285,0.0
10922.0,Vladimír Weiss,Espanyol,58.25220458553792,38.94179894179894,60.52028218694885,79.71781305114638,49.84788359788359,74.73544973544973
11084.0,Mehmet Topal,Valencia,45.30803571428572,48.125,37.32142857142858,28.571428571428566,54.55357142857143,73.21428571428572
11094.0,Arda Turan,Atlético Madrid,49.94819223985891,34.52821869488536,52.336860670194,62.477954144620824,67.83509700176367,21.6931216931217
11161.0,Rúben Micael Freitas da Ressurreição,Real Zaragoza,45.80980066445183,61.87569213732005,44.32862679955703,34.57918050941307,57.97688261351052,7.4750830564784065
11179.0,Iker Casillas Fernández,Real Madrid,42.18345969672786,44.02234636871508,38.39385474860335,27.683559457302476,38.69812450119713,83.03072625698324
11386.0,Santiago Cazorla González,Málaga,49.21923923679061,46.68909001956948,44.417808219178085,48.6105675146771,51.324608610567516,64.55479452054794
11540.0,Óscar Guido Trejo,Sporting Gijón,62.22222222222223,43.7037037037037,61.85185185185185,80.74074074074073,78.05555555555556,40.74074074074075
11543.0,José Antonio Dorado Ramírez,Real Betis,45.92328612479475,58.94499178981938,53.18247126436781,26.826765188834155,44.65004105090312,35.960591133004925
11677.0,Jorge Pulido Mayoral,Rayo Vallecano,50.53125,45.80357142857143,65.53571428571428,25.0,61.69642857142859,53.57142857142857
12737.0,David Villa Sánchez,Barcelona,57.47374129611714,38.919509238357996,77.61225470875583,73.35672781778875,39.51204136658425,57.670464724640794
13581.0,Emilio Nsue López,Mallorca,50.426071428571426,37.0,48.364285714285714,64.82857142857142,48.23928571428571,64.71428571428572
15416.0,Jukka Raitala,Osasuna,43.03805686442493,46.65336974369958,39.35585778539303,52.05754265724281,49.766991504247876,11.708431498536443
15867.0,Rui Pedro da Rocha Fonte,Espanyol,35.517857142857146,45.89285714285714,43.035714285714285,28.57142857142857,30.714285714285715,14.28571428571429
16268.0,Efraín Juárez Váldez,Real Zaragoza,38.026785714285715,39.642857142857146,39.107142857142854,35.714285714285715,54.19642857142857,3.57142857142857
16453.0,Gary Alexis Medel Soto,Sevilla,43.62617739403454,52.574568288853996,44.94113029827315,28.571428571428573,61.38540031397174,12.558869701726845
16478.0,Miguel Marcos Madera,Getafe,47.47767857142857,43.125,42.5,30.357142857142858,75.89285714285714,48.21428571428571
16558.0,Alejandro Pozuelo Melero,Real Betis,49.24107142857143,65.71428571428571,42.67857142857143,25.0,49.99999999999999,71.42857142857143
16622.0,Mikel González de Martín Martínez,Real Sociedad,43.589285714285715,32.857142857142854,39.64285714285714,63.21428571428571,53.39285714285714,21.42857142857143
16718.0,Roland Conde Lamah,Osasuna,39.79017857142858,40.625,53.75,32.142857142857146,41.69642857142857,14.28571428571429
17083.0,Jonas Gonçalves Oliveira,Valencia,39.861304479418884,37.45914043583535,41.09866828087167,55.696125907990314,44.62621065375303,1.573849878934624
18407.0,José Alberto Cañas Ruiz Herrera,Real Betis,56.941964285714285,68.75,39.55357142857143,61.42857142857143,66.91964285714285,41.964285714285715
18724.0,Sofiane Feghouli,Valencia,56.65178571428572,41.60714285714286,65.71428571428571,81.42857142857143,47.14285714285713,41.07142857142857
18925.0,Ignacio Cases Mora,Sporting Gijón,48.74074074074074,43.51851851851852,72.77777777777779,29.62962962962962,57.592592592592595,22.22222222222222
19047.0,Fábio Alexandre da Silva Coentrão,Real Madrid,48.82942815854665,49.497316267547475,38.3980181668043,45.91246903385631,71.27219240297275,34.18662262592898
19288.0,Martín Gastón Demichelis,Málaga,43.09497645211931,40.54945054945055,38.92857142857143,29.43485086342229,66.51000784929356,40.364992150706435
19431.0,Fernando Damián Tissone,Mallorca,51.268549876847295,42.30757389162561,48.85160098522167,66.31773399014777,61.11299261083744,29.92610837438424
19454.0,Ricardo Miguel Moreira da Costa,Valencia,36.74107142857143,42.49999999999999,37.32142857142858,28.57142857142857,45.535714285714285,19.64285714285714
19577.0,Pedro Manuel Munitis Álvarez,Racing Santander,41.505434782608695,41.40527950310559,43.33074534161491,33.38509316770186,54.440993788819874,27.562111801242235
19677.0,Karim Benzema,Real Madrid,50.73729213907786,36.77721088435374,81.39266817838248,41.883975812547234,37.76738473167045,52.645502645502646
19729.0,Ruud van Nistelrooy,Málaga,42.41587301587302,35.17460317460317,60.52777777777778,30.297619047619047,32.739087301587304,58.829365079365076
20011.0,Hélder Manuel Marques Postiga,Real Zaragoza,51.111909806295394,36.04570217917675,46.30145278450363,84.01634382566587,46.68129539951575,43.855932203389834
20016.0,Kléper Laveran Lima Ferreira,Real Madrid,35.94407102728732,26.64024879614767,53.22632423756019,27.65850722311396,38.97622391653291,26.5048154093098
20070.0,Luís Miguel Brito Garcia Monteiro,Valencia,44.553402964959574,42.03840970350403,39.49460916442049,42.014824797843666,53.094676549865234,51.48247978436658
20125.0,Carles Puyol i Saforcada,Barcelona,53.20821519937164,60.197488074342374,47.47471841240786,50.54986465418659,53.49514944406049,54.81160758034666
20127.0,Carlos Marchena López,Villarreal,40.767857142857146,41.42857142857143,39.285714285714285,25.0,76.16071428571429,3.57142857142857
20128.0,David Albelda Aliqués,Valencia,40.658563607924926,45.281543274244,41.10662148070907,29.14494264859228,56.91475495307612,18.495828988529716
20131.0,Xavier Hernández Creus,Barcelona,68.18481091955759,84.05064589531764,65.0541277140944,68.10132954757121,52.77880665428239,67.32590276833854
20133.0,Xabier Alonso Olano,Real Madrid,49.9070222007722,65.77364864864865,48.3050193050193,27.664092664092667,66.6858108108108,25.17374517374517
20135.0,Marcos Antonio Senna da Silva,Villarreal,47.98803571428571,44.58928571428571,62.942857142857136,38.128571428571426,45.075,44.64285714285714
20169.0,Seydou Kéita,Barcelona,51.00036842794225,62.504312401559005,50.54958575609014,46.48888171035019,49.47475793545227,35.44165959369471
20176.0,Víctor Valdés Arribas,Barcelona,44.9299653141567,56.718052977545476,40.235703560949624,28.56852660306098,36.099026859617744,77.58015486997179
20177.0,Eric-Sylvain Bilal Abidal,Barcelona,53.740392055625804,72.11945826737178,46.03928254093871,37.20122342784082,52.595793671560955,62.413034336678294
20215.0,Álvaro Arbeloa Coca,Real Madrid,41.183035714285715,47.94642857142857,38.57142857142857,28.57142857142857,43.30357142857142,51.78571428571428
20264.0,Fernando José da Silva Freitas Meira,Real Zaragoza,43.598214285714285,34.64285714285714,39.107142857142854,35.714285714285715,49.017857142857146,82.14285714285714
20269.0,Joris Mathijsen,Málaga,35.4375,26.607142857142858,38.92857142857143,32.142857142857146,44.375,37.5
20538.0,Alexandros Tziolis,Racing Santander,58.33928571428572,46.96428571428571,42.32142857142856,86.42857142857143,77.58928571428572,32.14285714285714
20669.0,Tiago Cardoso Mendes,Atlético Madrid,49.58957965902411,50.1621337293852,51.35423435131037,43.942108357313046,66.64899130542406,20.922677063027937
22102.0,Adriano Correia Claro,Barcelona,57.478779960678864,57.86116251128394,55.820386914801,64.62424867403617,53.65567867503206,54.024071343439886
22819.0,Bruno Soriano Llido,Villarreal,50.55972222222222,63.24206349206349,41.84126984126984,42.73015873015873,53.09920634920635,51.230158730158735
23315.0,Yohan Mollo,Granada,46.93518518518518,39.62962962962961,43.888888888888886,35.18518518518518,56.20370370370371,77.77777777777779
23488.0,Mario Suárez Mata,Atlético Madrid,35.607142857142854,30.714285714285715,40.71428571428571,32.142857142857146,47.67857142857142,17.85714285714286
23651.0,Ivan Obradović,Real Zaragoza,47.214285714285715,71.25,50.535714285714285,33.92857142857143,46.339285714285715,7.14285714285714
23761.0,Alhassane Bangoura,Rayo Vallecano,49.5,26.26971243042671,70.33743042671614,69.6103896103896,41.42451298701298,31.412337662337656
23791.0,Víctor Casadesús Castaño,Mallorca,48.514736093552465,41.95243362831859,42.021175726927936,67.19974715549935,39.21223135271808,62.389380530973455
23804.0,Jonathan Pereira Rodríguez,Real Betis,45.508928571428584,34.464285714285715,57.142857142857146,57.142857142857146,39.82142857142856,32.14285714285714
23815.0,Casto Espinosa Barriga,Real Betis,40.66741071428572,37.36607142857143,39.55357142857143,26.785714285714285,42.455357142857146,75.89285714285714
23816.0,José Antonio Reyes Calderón,"Sevilla, Atlético Madrid",47.702326343381394,31.315530799475752,39.78538663171691,73.6173001310616,53.639416775884676,44.7575360419397
23855.0,Pape Maly Diamanka,Rayo Vallecano,38.78125000000001,33.30357142857143,55.535714285714285,25.0,57.85714285714287,0.0
23916.0,Luis García Fernández,Real Zaragoza,35.035714285714285,25.89285714285714,39.107142857142854,35.714285714285715,40.35714285714286,35.71428571428571
23930.0,Ikechukwu Uche,Granada,37.770928666761996,29.217074217074213,46.40086515086515,53.85838219171552,36.51452047285381,7.9186329186329205
23933.0,Abdelaziz Barrada,Getafe,45.46428571428572,46.25,44.464285714285715,28.571428571428566,46.07142857142857,78.57142857142857
23942.0,Abraham Minero Fernández,Real Zaragoza,36.23174426020408,31.985012755102044,37.59885204081632,34.34311224489796,46.18781887755102,27.295918367346935
23945.0,Iñigo Pérez Soto,Athletic Club,47.20089285714285,32.05357142857143,39.82142857142857,80.35714285714286,62.23214285714285,7.14285714285714
23974.0,Roberto Antonio Correa Silva,Rayo Vallecano,32.620535714285715,45.80357142857143,37.67857142857143,25.0,25.71428571428572,16.07142857142857
23975.0,Dejan Lekić,Osasuna,53.99568965517241,49.741379310344826,97.75862068965516,25.86206896551724,39.05172413793104,41.379310344827594
23991.0,Miguel Ángel De las Cuevas Barberá,Sporting Gijón,52.1388888888889,42.03703703703704,55.55555555555555,61.48148148148148,39.25925925925926,75.92592592592592
23995.0,Jaime Romero Gómez,Granada,40.47222222222222,40.92592592592592,55.55555555555556,35.18518518518518,44.72222222222223,3.703703703703709
24035.0,Álvaro Vázquez García,Espanyol,48.70140296071147,34.4665372058989,66.98497129348193,72.71811325002815,43.34761623325453,1.2537993920972679
24040.0,Cristian Darío Álvarez,Espanyol,42.468776732249786,48.09452523524379,40.93455945252352,26.390076988879382,36.953592814371255,75.42771599657827
24053.0,Álvaro Giménez Candela,Mallorca,43.84930758017493,48.24344023323615,47.292274052478135,46.311953352769684,37.27951895043732,32.47084548104956
24068.0,José Luis Moreno Barroso,Villarreal,31.07142857142857,15.714285714285712,57.14285714285714,21.428571428571427,29.46428571428571,26.78571428571429
24069.0,Ibrahima Baldé,Osasuna,45.481782693558884,61.45994051491774,39.52481643275398,29.417232084766244,65.21040524212287,13.10065991263129
24072.0,Salvador Sevilla López,Real Betis,45.74107142857144,78.75,48.214285714285715,28.57142857142857,34.28571428571429,14.28571428571429
24075.0,Christian Fernández Salas,Racing Santander,46.36607142857144,41.964285714285715,71.78571428571428,35.714285714285715,50.357142857142854,7.142857142857141
24162.0,Xavier Torres Buigues,Levante UD,52.3723508634223,40.990973312401884,66.60518053375198,57.84929356357928,56.68367346938775,25.667189952904238
24166.0,Juan Francisco Martínez Modesto,Osasuna,45.941093183091944,44.29684965045279,52.22183711394944,53.11347747854045,37.219624789829204,37.448010383174534
24191.0,Alejandro Alfaro Ligero,Mallorca,65.68303571428571,73.48214285714285,42.32142857142857,93.57142857142856,90.08928571428572,0.0
24313.0,Miguel Flaño Bezunartea,Osasuna,40.73275862068966,34.48275862068965,39.13793103448276,25.86206896551724,66.81034482758622,37.93103448275862
24507.0,Manuel del Moral Fernández,Sevilla,47.68794923629829,34.79335130278526,75.27291105121293,28.571428571428573,34.36433063791555,75.8423180592992
24580.0,Jaime Gavilán Martínez,Getafe,41.08928571428571,18.75,44.464285714285715,92.14285714285714,34.285714285714285,0.0
24614.0,Rafael López Gómez,Getafe,35.11607142857142,36.25,42.5,30.357142857142858,41.42857142857143,10.71428571428571
24686.0,Roberto Canella Suárez,Sporting Gijón,55.37962962962962,40.92592592592592,43.33333333333333,74.81481481481481,71.75925925925927,50.0
24744.0,Juan Daniel Forlín,Espanyol,46.20973198022379,44.928730447856125,54.88622892994477,26.335039176569225,65.41923265966982,29.051377685257464
25144.0,Diego Alves Carreira,Valencia,40.96428571428572,48.75,37.32142857142858,28.571428571428573,32.05357142857143,73.21428571428572
25145.0,Diego Ribas da Cunha,Atlético Madrid,54.24107142857142,53.39285714285714,40.71428571428571,87.14285714285714,42.32142857142858,48.21428571428571
25426.0,Marco Gastón Ruben Rodríguez,Villarreal,41.92857142857142,49.64285714285714,58.21428571428571,21.428571428571427,48.035714285714285,10.71428571428571
25707.0,Francisco Manuel Rico Castro,Granada,46.15740740740741,47.407407407407405,43.888888888888886,35.18518518518518,72.22222222222223,18.518518518518523
25859.0,Sérgio Paulo Barbosa Valente,Málaga,44.861607142857146,48.66071428571429,56.07142857142857,26.785714285714285,66.60714285714286,0.0
25872.0,Valmiro Lópes Rocha,Levante UD,44.25902615144419,33.766588602654174,39.290593286494925,66.96526151444183,42.44340359094457,41.12997658079625
25874.0,Francisco Puñal Martínez,Osasuna,47.09332238642583,38.13628899835796,46.625615763546804,45.511767925561024,63.66858237547892,40.66776135741653
25881.0,Juan Antonio Rodríguez Villamuela,Getafe,62.9375,52.49999999999999,44.464285714285715,72.85714285714286,81.33928571428572,78.57142857142857
25892.0,Ignacio Pérez Santamaría,Real Betis,46.79726319875777,36.44021739130435,39.621506211180126,56.09472049689442,59.20225155279503,47.224378881987576
25893.0,Alberto Rivera Pizarro,Sporting Gijón,57.05555555555555,47.407407407407405,53.33333333333332,74.81481481481481,77.12962962962962,14.814814814814811
25896.0,Damià Abella Pérez,Osasuna,46.705357142857146,35.357142857142854,68.75,32.142857142857146,65.89285714285714,10.71428571428571
25920.0,Jose María Movilla Cubero,Rayo Vallecano,56.80186449579831,62.38182773109244,38.86029411764706,73.37710084033613,61.482405462184865,45.19432773109243
25921.0,Rubén Gracia Calmache,Villarreal,47.05884420697412,36.82367829021372,60.95050618672666,22.975253093363328,60.482283464566926,59.237907761529804
25922.0,Leonardo Daniel Ponzio,Real Zaragoza,47.901785714285715,44.642857142857146,39.107142857142854,73.57142857142857,55.892857142857146,10.71428571428571
25931.0,Gonzalo Javier Rodríguez,Villarreal,39.91974431818182,40.67167207792208,41.81412337662338,23.193993506493506,49.80418019480519,46.98660714285714
25937.0,Javier Rodríguez Venta,Levante UD,52.526785714285715,67.85714285714286,38.39285714285714,32.142857142857146,79.82142857142857,35.71428571428571
25946.0,Andrés Palop Cervera,Sevilla,46.32142857142858,54.82142857142857,39.10714285714286,28.571428571428566,45.44642857142858,80.35714285714286
25948.0,Jose Luis Martí Soler,Mallorca,36.38471320346321,26.359848484848484,41.52056277056277,30.173160173160177,53.907467532467535,25.984848484848484
25954.0,Enzo Maresca,Málaga,43.5,42.857142857142854,38.92857142857143,32.142857142857146,42.94642857142858,80.35714285714286
25960.0,Frédéric Oumar Kanouté,Sevilla,49.390507518797,22.363721804511275,52.041040100250626,79.02255639097743,43.55654761904762,62.73496240601504
25969.0,Sergio Fernández González,Osasuna,51.67241379310345,42.93103448275862,39.13793103448276,78.62068965517241,40.08620689655172,74.13793103448276
25978.0,Iriney Santos Da Silva,Real Betis,36.49107142857143,50.89285714285715,36.42857142857143,28.57142857142857,44.73214285714285,0.0
25984.0,Ángel Domingo López Ruano,Villarreal,53.38392857142857,44.46428571428571,44.28571428571429,61.42857142857143,55.26785714285715,78.57142857142857
25992.0,José Carlos de Araújo Nunes,Mallorca,35.9375,35.357142857142854,42.32142857142857,28.571428571428566,35.26785714285714,37.5
25994.0,David Cortés Caballero,Granada,40.42857142857143,39.285714285714285,37.5,25.0,62.41071428571429,37.5
25998.0,Francisco Javier Farinós Zapata,Levante UD,54.63392857142857,43.92857142857143,38.39285714285714,78.57142857142857,79.19642857142857,25.0
26002.0,Javad Nekounam,Osasuna,55.27586206896551,52.58620689655173,39.13793103448276,72.41379310344828,81.55172413793102,15.517241379310342
26005.0,José Manuel Pinto Colorado,Barcelona,45.02103428050052,60.20626955161627,39.8924661105318,26.7922314911366,34.21011470281544,77.95881126173097
26009.0,Roberto Soldado Rillo,Valencia,34.87440805051302,22.187253354380424,49.82340173638516,29.439621152328336,45.96586424625098,17.906471981057617
26018.0,Julien Escudé,Sevilla,44.82142857142856,52.76785714285714,47.05357142857142,28.57142857142857,46.205357142857146,49.107142857142854
26020.0,Ángel Lafita Castillo,Real Zaragoza,57.92549603174603,40.9808201058201,67.33862433862433,52.01587301587302,62.35780423280423,79.70899470899471
26023.0,Juan Francisco García García,Levante UD,48.548441199684305,45.59688239936858,39.310378847671664,53.65035516969219,63.068271507498025,39.77900552486188
26028.0,Fernando Amorebieta Mardaras,Athletic Club,37.19642857142857,43.214285714285715,40.0,28.57142857142857,48.035714285714285,10.71428571428571
26031.0,Andoni Iraola Sagarna,Athletic Club,51.14617486338798,47.35753317720531,39.91022638563622,50.29664324746292,62.3819281811085,67.93520686963309
26068.0,Rubén González Rocha,Osasuna,47.47321428571429,34.642857142857146,39.82142857142858,32.142857142857146,72.85714285714285,78.57142857142857
26070.0,Antonio Rodríguez Martínez,Racing Santander,43.88392857142857,43.214285714285715,42.32142857142857,35.714285714285715,40.17857142857142,73.21428571428572
26073.0,Gonzalo Colsa Albendea,Racing Santander,35.861607142857146,31.160714285714285,44.642857142857146,30.357142857142858,47.05357142857143,14.28571428571429
26081.0,Pedro Mario Álvarez Abrante,Real Betis,38.25000000000001,44.642857142857146,36.42857142857143,28.57142857142857,48.839285714285715,25.0
26100.0,Ustaritz Aldekoaotalora Astarloa,Real Betis,40.111607142857146,31.517857142857146,36.42857142857143,28.571428571428566,46.875,80.35714285714286
26103.0,Idriss Carlos Kameni,Málaga,50.75892857142857,42.67857142857143,38.92857142857143,68.92857142857143,42.67857142857143,80.35714285714286
26107.0,Alberto Lopo García,Getafe,33.00892857142857,31.25,42.5,30.357142857142858,38.92857142857143,7.142857142857141
26109.0,Raúl Tamudo Montero,Rayo Vallecano,47.46075426439233,36.26465884861407,43.01439232409382,58.4861407249467,55.41178038379532,48.61407249466951
26118.0,Antonio López Guerrero,Atlético Madrid,46.80357142857143,38.214285714285715,53.57142857142857,32.142857142857146,53.21428571428572,67.85714285714286
26120.0,Luis Amaranto Perea Mosquera,Atlético Madrid,41.285714285714285,48.214285714285715,40.71428571428571,32.142857142857146,47.94642857142857,30.357142857142858
26144.0,Francisco Javier Casquero Paredes,Getafe,41.90649664561957,44.437154696132595,43.46586424625099,47.81373322809787,48.29814522494081,7.083662194159429
26146.0,Dudú Aouate,Mallorca,42.46457845433255,43.30113192818111,41.43345042935207,30.34738485558158,36.33733411397346,79.43989071038251
26162.0,Moisés Hurtado Pérez,Granada,45.24107142857143,35.53571428571428,37.5,77.14285714285714,48.839285714285715,17.85714285714286
26169.0,Javier Camuñas Gallego,Villarreal,37.44546568627451,29.378501400560225,60.11204481792717,24.229691876750703,38.459383753501406,25.350140056022404
26170.0,Francisco Javier Chica Torres,Real Betis,50.0,39.464285714285715,42.67857142857143,86.42857142857142,57.32142857142857,7.142857142857141
26171.0,Carlos Jorge Neto Martins,Granada,50.64285714285716,58.03571428571429,48.75,53.92857142857143,39.910714285714285,51.78571428571428
26182.0,Alexandre Geijo Pazos,Granada,31.450036075036078,20.001202501202503,46.82539682539682,31.48148148148148,38.57984607984608,7.311207311207309
26191.0,Joseba Llorente Etxarri,Real Sociedad,27.008928571428573,31.607142857142858,39.642857142857146,17.857142857142858,28.125,0.0
26195.0,Juan Valera Espín,Getafe,68.59821428571428,36.25,88.21428571428571,75.71428571428572,73.30357142857143,76.78571428571428
26211.0,Joan Verdú Fernández,Espanyol,58.04569538926682,62.25850340136054,65.90385487528343,59.058201058201064,39.10281557067271,63.72902494331066
26221.0,Gustavo Adolfo Munúa Vera,Levante UD,41.6786728896104,44.80722402597402,39.306006493506494,28.49025974025974,36.34841720779221,76.82629870129871
26226.0,José Javier Barkero Saludes,Levante UD,64.33928571428572,44.285714285714285,93.57142857142858,67.14285714285714,42.94642857142857,78.57142857142857
26227.0,Mate Bilić,Sporting Gijón,29.12962962962963,13.703703703703702,43.33333333333333,29.629629629629623,42.870370370370374,3.703703703703709
26228.0,Juan Pablo Colinas Ferreras,Sporting Gijón,41.25925925925926,42.222222222222214,43.33333333333333,29.629629629629623,31.759259259259263,75.92592592592592
26238.0,Domingo Cisma González,Racing Santander,55.90625,52.410714285714285,44.642857142857146,69.28571428571428,71.07142857142857,35.71428571428571
26248.0,David Barral Torres,Sporting Gijón,49.98148148148148,18.88888888888889,60.74074074074074,74.07407407407408,70.74074074074073,11.111111111111116
26252.0,Diego Castro Giménez,Getafe,40.56730769230769,28.076923076923077,50.88827838827838,50.05494505494505,48.39743589743589,11.355311355311356
26254.0,Manuel Jesús Ortiz Toribio,Osasuna,40.22728418953789,37.385292047853625,47.89074595355383,31.185784658691063,48.976337086558765,28.758503401360546
26398.0,Asier del Horno Cosgaya,Levante UD,41.00892857142858,20.17857142857143,66.42857142857143,32.142857142857146,45.0,39.28571428571429
26429.0,Javier Paredes Arango,Real Zaragoza,48.26162790697674,34.83388704318937,55.89285714285714,58.06063122923589,54.43210132890365,30.813953488372093
26436.0,José Manuel Jiménez Ortiz,Getafe,57.07142857142858,69.64285714285714,42.5,82.14285714285714,50.5357142857143,25.0
26438.0,David Cobeño Iglesias,Rayo Vallecano,39.71829855537721,46.20585874799358,38.56139646869983,25.0,28.778089887640448,77.70866773675763
26441.0,Daniel Estrada Agirrezablaga,Real Sociedad,54.482142857142854,46.25,38.75,79.28571428571428,49.375,75.0
26444.0,Sergio Martínez Ballesteros,Levante UD,48.91640502354788,40.66326530612244,39.30533751962324,52.244897959183675,73.22900313971743,38.29474097331241
26449.0,Mikel Aranburu Eizagirre,Real Sociedad,45.299107142857146,36.01648351648351,39.53983516483516,75.52197802197803,49.41964285714285,14.217032967032965
26455.0,José Isidoro Gómez Torres,Real Betis,36.81988780025284,36.94927307206068,37.59007585335019,27.90771175726928,41.11488621997472,43.80530973451327
26480.0,Christian Koffi Romaric N''Dri,Espanyol,46.19444444444445,39.07407407407407,47.03703703703704,73.33333333333333,48.148148148148145,3.703703703703709
26496.0,Daniel Alberto Díaz,Getafe,46.287126715092825,45.34604519774011,43.48769168684423,52.80468119451171,52.435431799838575,30.306698950766755
26503.0,Abel Gómez Moreno,Granada,40.325539415562346,36.58129459734964,42.65800203873598,33.22290180088345,49.919724770642205,38.87189942235814
26522.0,Carlos Reina Aranda,Real Zaragoza,63.669642857142854,40.71428571428571,91.60714285714286,85.71428571428572,42.232142857142854,50.0
26553.0,Mamadou Koné,Racing Santander,53.00446428571429,27.589285714285708,70.71428571428572,35.714285714285715,88.57142857142858,35.71428571428571
26573.0,Íñigo López Montaña,Granada,43.36111111111111,42.222222222222214,43.888888888888886,35.18518518518518,35.092592592592595,77.77777777777779
26607.0,José Raúl Baena Urdiales,Espanyol,36.625,29.642857142857142,55.357142857142854,28.57142857142857,42.94642857142858,10.71428571428571
26611.0,Emiliano Daniel Armenteros,Sevilla,52.517857142857146,38.21428571428571,50.7142857142857,65.35714285714286,51.25,69.64285714285714
26612.0,José Manuel Casado Bizcocho,Rayo Vallecano,50.75,68.57142857142857,51.785714285714285,25.0,40.80357142857143,75.0
26613.0,Maxwell Scherrer Cabelino Andrade,Barcelona,47.692906514241216,55.60762343618652,47.211745290016324,43.82710898481926,44.07364139840775,44.079142560450975
26615.0,Francisco Jesús Pérez Malia,Racing Santander,41.887398097826086,32.85568711180124,43.494759316770185,33.006599378881994,63.45060170807453,35.08346273291926
26619.0,Gaizka Toquero Pinedo,Athletic Club,29.392857142857142,15.178571428571429,54.10714285714285,25.0,28.214285714285715,14.28571428571429
26628.0,Ayoze García Pérez,Sporting Gijón,40.41203703703704,59.72222222222223,43.33333333333333,29.629629629629626,43.61111111111111,0.0
26633.0,Alberto Lora Ramos,Sporting Gijón,53.972222222222214,43.51851851851852,43.33333333333333,77.40740740740742,58.888888888888886,50.0
26638.0,Alberto Botía Rabasco,Sporting Gijón,42.24074074074074,34.44444444444444,43.33333333333333,29.629629629629623,70.46296296296296,27.77777777777778
26653.0,José Manuel Flores Moreno,Mallorca,58.596091408591406,52.63486513486513,41.21003996003996,67.24775224775226,81.29745254745255,54.25824175824176
26657.0,Pedro Ríos Maestre,Getafe,46.17146501457725,34.783163265306115,44.24380466472303,71.53790087463557,48.29992711370262,24.471574344023328
26659.0,Roberto Fernández Alvarellos,Granada,45.62962962962963,46.11111111111111,43.88888888888889,35.18518518518518,41.57407407407408,77.77777777777779
26661.0,Iván Hernández Soto,Sporting Gijón,37.2037037037037,24.074074074074073,43.33333333333333,29.629629629629623,49.907407407407405,44.44444444444444
26665.0,Manuel Jesús Arana Rodríguez,Racing Santander,37.852182539682545,26.13095238095238,44.12698412698413,44.72222222222222,40.24801587301587,32.936507936507944
26667.0,Raúl Rodríguez Navarro,Espanyol,45.79262620348686,56.423909272269924,48.45715153092202,26.28588776129759,58.213960447567004,26.723913609159514
26671.0,Michaël Pereira,Mallorca,49.11607142857143,37.32142857142857,52.5,77.85714285714286,46.517857142857146,17.85714285714286
26672.0,Martí Crespí Pascual,Mallorca,49.776785714285715,65.0,40.535714285714285,32.142857142857146,42.857142857142854,83.92857142857143
26675.0,João Victor de Albuquerque Bruno,Mallorca,51.63392857142858,41.25,58.92857142857142,71.42857142857143,45.44642857142857,32.14285714285714
26685.0,Nicolás Ladislao Fedor Flores,Getafe,39.48073563664597,44.96603260869565,52.036102484472046,29.483695652173914,37.69992236024844,17.934782608695656
26696.0,Arouna Koné,Levante UD,42.516369047619044,31.262197501951597,55.36299765807962,59.07494145199063,30.94457455113193,28.5616705698673
26698.0,Nilmar Honorato da Silva,Villarreal,40.79464285714286,31.96428571428572,39.285714285714285,56.42857142857142,41.51785714285714,33.92857142857143
26700.0,Diego Ifrán Sala,Real Sociedad,50.55357142857143,17.857142857142854,71.78571428571428,68.57142857142857,33.75,76.78571428571428
26701.0,Vadim Demidov,Real Sociedad,55.441964285714285,37.94642857142857,38.75,86.78571428571428,57.05357142857143,75.0
26703.0,André de Castro Pereira,Sporting Gijón,34.462962962962955,29.259259259259256,43.33333333333333,29.629629629629623,48.24074074074074,7.4074074074074066
26712.0,Ricardo Izecson dos Santos Leite,Real Madrid,50.267857142857146,38.214285714285715,67.14285714285715,69.64285714285714,30.357142857142858,39.28571428571429
26715.0,Maurizio Lanzaro,Real Zaragoza,41.971021303258134,42.37781954887219,38.728070175438596,35.36967418546366,46.50532581453634,53.195488721804516
26717.0,MacDonald Mariga Wanyama,Real Sociedad,57.11607142857143,39.82142857142857,50.0,87.85714285714286,69.37499999999999,32.14285714285714
26721.0,Joan Oriol i Gràcia,Villarreal,52.84851694915254,46.695924132364816,41.856335754640845,66.0411622276029,63.34846650524617,48.32526230831315
26723.0,Álvaro Cejudo Carmona,Osasuna,53.94956236805067,34.17399718508093,46.026345883180866,82.3311048557354,69.7379706192822,34.85661505981703
26728.0,Alberto Facundo Costa,Valencia,39.01083696837514,40.67339149400218,38.30288985823338,29.225736095965104,51.51376772082878,31.188658669574696
26736.0,Borja Ekiza Imaz,Athletic Club,59.62500000000001,65.17857142857143,39.82142857142857,68.57142857142857,81.33928571428572,33.92857142857143
26737.0,Pablo Cendrós López,Mallorca,48.5,58.75,40.535714285714285,32.142857142857146,84.46428571428572,3.57142857142857
26753.0,Javier Varas Herrera,Sevilla,40.85714285714286,45.71428571428571,42.14285714285714,28.571428571428566,31.071428571428566,69.64285714285714
26754.0,Eduardo Bedia Peláez,Racing Santander,31.540178571428573,23.83928571428571,42.32142857142857,35.714285714285715,37.49999999999999,3.57142857142857
26761.0,Paulo César Da Silva Barrios,Real Zaragoza,44.58035714285716,33.92857142857143,46.25,33.92857142857143,49.464285714285715,78.57142857142857
26775.0,Thievy Guivane Bifouma Koulossa,Espanyol,47.0462962962963,40.92592592592592,58.888888888888886,24.074074074074073,67.87037037037037,37.03703703703704
26776.0,Juan Isaac Cuenca López,Barcelona,56.796372066121364,48.63576373070317,58.75337333907263,71.79173353712207,49.87136894337579,56.164673025778406
26777.0,Gianni Michel Eugene Zuiverloon,Mallorca,40.54910714285714,39.375,40.535714285714285,32.142857142857146,43.92857142857142,53.57142857142858
26779.0,Daniel González Benítez,Granada,42.252216901658244,24.222606485176314,47.24394785847301,46.15559693771984,50.307484259998226,50.92962076202299
26780.0,Guilherme Magdalena Siqueira,Granada,66.94296553497942,49.423059964726626,69.42537477954144,79.82951205173427,80.80338771310994,51.042768959435634
26781.0,Diego Mainz García,Granada,57.22229281850069,41.47345579929849,66.59867130372749,52.27840199750312,72.0578815171512,53.37004339813328
26782.0,José Antonio Delgado Villar,Real Betis,57.19642857142858,51.964285714285715,42.67857142857143,92.85714285714286,39.10714285714285,71.42857142857143
26783.0,Roque Luis Santa Cruz Cantero,Real Betis,48.39280133928572,29.1796875,66.703125,57.3125,47.44308035714286,34.70982142857143
26784.0,Paulo Afonso Santos Júnior,Real Betis,53.46428571428572,54.46428571428571,42.67857142857143,25.0,85.17857142857143,71.42857142857143
26785.0,Cristian Gómez García,Espanyol,39.91964285714286,52.142857142857146,43.035714285714285,28.57142857142857,48.48214285714286,7.14285714285714
26786.0,Mario Fernández Cuesta,Racing Santander,45.357142857142854,44.28571428571428,44.642857142857146,30.357142857142858,45.089285714285715,80.35714285714286
26787.0,Marcos Gullón Ferrera,Racing Santander,58.51785714285715,35.535714285714285,55.89285714285715,91.07142857142858,65.80357142857143,42.85714285714286
26788.0,Jon Aurtenetxe Borde,Athletic Club,46.04851190476191,37.95734126984127,39.90972222222222,50.96031746031746,59.418650793650805,45.05952380952381
26789.0,Pablo Domingo Cáceres Rodríguez,Mallorca,40.767857142857146,46.60714285714285,42.32142857142857,28.57142857142857,48.03571428571428,32.14285714285714
26790.0,Piotr Trochowski,Sevilla,38.861607142857146,35.22796352583587,50.11588145896656,28.571428571428566,35.2061170212766,47.70136778115501
26791.0,Emir Spahić,Sevilla,45.25892857142858,46.07142857142857,39.10714285714286,28.57142857142857,71.60714285714286,39.28571428571429
26794.0,Javier Magro Matilla,Real Betis,48.87500000000001,49.28571428571429,36.42857142857143,84.28571428571428,51.16071428571429,3.5714285714285703
26796.0,Pablo Edson Barrera Acosta,Real Zaragoza,50.169642857142854,24.642857142857142,39.107142857142854,35.714285714285715,94.375,82.14285714285714
26797.0,Francisco Medina Luna,Rayo Vallecano,38.51785714285714,38.392857142857146,39.46428571428571,25.0,32.76785714285714,75.0
26798.0,David Mateos Ramajo,Real Zaragoza,39.94642857142858,28.392857142857142,39.107142857142854,35.714285714285715,51.071428571428584,57.142857142857146
26799.0,Rafael García García,Rayo Vallecano,47.82589285714286,51.517857142857146,49.642857142857146,25.0,76.96428571428571,21.42857142857143
26800.0,Mikel Labaka Zurriarain,Rayo Vallecano,47.5625,24.642857142857142,39.46428571428571,71.42857142857142,70.17857142857143,32.14285714285714
26801.0,Jordi Figueras Montel,Rayo Vallecano,45.09375,68.125,39.46428571428571,25.0,53.48214285714286,25.0
26802.0,Miguel Ángel Sánchez Muñoz,Rayo Vallecano,40.875,34.64285714285714,60.71428571428572,25.0,60.17857142857143,0.0
26803.0,Pedro Roberto Silva Botelho,"Rayo Vallecano, Levante UD",45.9827172096909,46.464076858813705,39.7984544695071,40.705931495405174,79.47890559732666,3.8011695906432728
26804.0,Miguel Pérez Cuesta,Rayo Vallecano,46.365257498026835,33.82744672454617,61.423638516179935,46.24901341752171,55.94711917916337,21.132596685082877
26805.0,Rubén Suárez Estrada,Levante UD,46.74107142857143,45.17857142857143,52.5,32.142857142857146,41.964285714285715,75.0
26806.0,Sebastián Bruno Fernández Miglierina,Málaga,49.194160997732425,56.00907029478458,47.363945578231295,58.89455782312925,33.05839002267574,49.6031746031746
26807.0,Marc Bertrán Vilanova,Osasuna,52.746962233169135,39.46715927750411,39.47208538587849,73.69786535303776,65.43240284619596,51.86097427476738
26808.0,Gonzalo Pablo Castellani,Villarreal,41.473214285714285,34.46428571428571,44.28571428571429,69.28571428571428,39.64285714285714,0.0
26809.0,Diego Mario Buonanotte Rende,Málaga,43.745535714285715,34.55357142857143,51.785714285714285,68.57142857142857,38.660714285714285,7.14285714285714
26815.0,Tsepo Peter Masilela,Getafe,51.3392857142857,52.5,56.785714285714285,28.571428571428573,73.66071428571428,35.71428571428571
26837.0,Pablo Sebastián Valeira Álvarez,Real Zaragoza,44.99553571428571,47.76785714285714,37.14285714285714,33.92857142857143,63.48214285714285,42.85714285714286
26842.0,Rovérsio Rodrigues de Barros,Osasuna,40.98214285714286,30.892857142857142,39.82142857142858,32.142857142857146,45.089285714285715,78.57142857142857
26844.0,Abdelkader Mohamed Ghezzal,Levante UD,47.33928571428572,58.035714285714285,57.32142857142858,25.0,28.21428571428571,78.57142857142857
26846.0,Diego Benito Rey,Rayo Vallecano,31.49553571428572,38.30357142857142,37.67857142857143,25.0,32.142857142857146,10.71428571428571
26847.0,Aitor Núñez Martín,Rayo Vallecano,46.473214285714285,53.92857142857144,37.67857142857144,25.0,89.28571428571429,7.14285714285714
26848.0,Roberto Trashorras Gayoso,Rayo Vallecano,46.99107142857143,58.75,63.92857142857143,25.0,45.89285714285715,21.42857142857143
26849.0,Júlio César Jacobi,Granada,42.767857142857146,49.285714285714285,37.5,25.0,41.964285714285715,76.78571428571428
26850.0,Franco Daniel Jara,Granada,45.16071428571428,24.285714285714285,37.5,71.07142857142857,39.107142857142854,76.78571428571428
26851.0,Borja Gómez Pérez,Granada,41.15624999999999,44.91071428571428,37.5,25.0,63.48214285714285,28.57142857142857
