player_id,player_name,team,total_minutes_played,total_passes,total_completed_passes,total_progressive_passes,total_penalty_area_passes,total_long_passes,total_assists,total_key_passes,total_shots,total_shots_on_target,total_goals,total_xg,total_dribbles,total_successful_dribbles,total_duels,total_won_duels,total_tackles,total_successful_tackles,total_interceptions,total_ball_recoveries,total_clearances,total_blocks,total_fouls_committed,total_fouls_won,avg_pass_distance,avg_xg_per_shot,total_games
2936.0,Christophe Kerbrat,Guingamp,2616,1107,872,517,24,311,0,4,4,0,0,0.2015841989999999,3,2,115,17,77,17,56,113,177,52,26,21,25.47836448519868,0.0055873248103448245,29
2943.0,Lucas Deaux,Nantes,1193,619,502,302,28,165,0,5,4,1,0,0.2847983594,10,5,58,10,34,10,12,54,32,35,26,13,22.520285434631344,0.01898655729333333,15
2944.0,Benjamin Corgnet,Saint-Étienne,551,258,154,78,41,20,1,7,11,2,1,1.1191278329999998,19,7,37,2,12,2,6,34,6,11,18,20,15.907832615255492,0.04886289467948717,13
2946.0,Frédéric Guilbert,Bordeaux,2485,1236,930,497,72,279,0,7,10,1,0,0.3376732825,31,17,130,13,73,13,50,110,111,63,29,16,22.443275487288815,0.009974110793103449,29
2947.0,Anthony Lopes,Lyon,3315,1065,760,840,3,568,0,0,0,0,0,0.0,1,1,0,0,0,0,0,166,4,2,0,8,38.802333823927064,0.0,37
2948.0,Nabil Fekir,Lyon,477,201,166,50,43,41,0,10,19,8,4,1.627546878,23,14,21,2,8,2,3,14,1,5,10,6,19.808681888566305,0.11273836706666666,8
2950.0,Jonas Martin,Montpellier,3206,2153,1850,590,104,271,3,23,31,12,4,3.3908888252,62,43,120,14,59,14,52,229,41,81,44,49,17.713644594117547,0.060463802704629616,36
2953.0,Abdou Kader Mangane,Gazélec Ajaccio,2489,1003,751,543,48,318,1,7,15,1,1,1.444312296,9,6,111,20,66,20,40,137,178,40,38,21,25.97725665034327,0.041953990109195406,29
2955.0,Ronny Rodelin,"Caen, Lille",2905,1166,730,435,167,195,2,36,76,28,10,5.4911739543,45,26,127,11,37,11,27,160,39,56,21,44,19.584046871426136,0.06892845591838094,35
2959.0,Julien Féret,Caen,3339,1774,1228,696,296,453,8,63,33,12,4,3.7181587675,63,31,113,12,47,12,46,270,52,79,18,55,21.406305310392337,0.08129452691666667,38
2961.0,Yann Bodiger,Toulouse,1102,689,519,301,33,127,0,6,10,2,1,0.777628768,24,15,63,12,37,12,26,97,26,22,24,10,20.7139506163732,0.024203874833333333,18
2963.0,Rémy Vercoutre,Caen,3417,1042,579,1007,10,931,0,0,0,0,0,0.0,1,1,0,0,0,0,0,180,0,1,0,5,56.48023533501359,0.0,38
2967.0,Mamadou Samassa,Guingamp,89,31,16,31,0,26,0,0,0,0,0,0.0,0,0,0,0,0,0,0,6,0,0,0,0,56.134227350708336,0.0,1
2969.0,Karim Azamoum,Troyes,732,375,290,122,39,66,1,12,13,4,2,0.9004447019999999,11,3,53,8,21,8,9,32,10,9,13,7,18.118835132624238,0.034373025954545444,11
2970.0,Christian Kouakou Yao,Caen,128,31,19,6,6,5,0,0,3,2,0,0.18745335999999999,2,1,4,0,2,0,1,5,1,1,6,2,15.862494020597907,0.025956191375,4
2971.0,Romain Genevois,OGC Nice,1020,707,609,268,10,130,0,3,1,1,1,0.76548934,8,5,56,10,37,10,23,42,47,24,13,10,20.064889224801565,0.058883795384615384,13
2975.0,Mathieu Deplagne,Montpellier,1821,991,801,376,48,115,0,7,6,2,0,0.25314153100000003,15,6,74,4,42,4,28,100,63,49,27,17,18.59941645329194,0.00909859252173913,23
2976.0,Samuel Grandsir,Troyes,14,4,4,1,1,2,0,0,0,0,0,0.0,0,0,0,0,0,0,0,0,0,1,0,0,26.16541009490264,0.0,1
2979.0,Jonathan Delaplace,Caen,1578,607,427,187,58,79,1,15,18,5,0,1.190912765,16,6,73,11,41,11,23,88,15,34,28,24,17.48000212911831,0.033674044976190476,21
2980.0,Kévin Bérigaud,Montpellier,1036,351,257,62,46,24,1,7,22,9,3,2.6689681927,19,7,57,9,16,9,7,40,1,16,10,16,14.290113494213882,0.09647860303749999,18
2981.0,Alban Lafont,Toulouse,2139,688,335,631,5,534,0,0,0,0,0,0.0,0,0,0,0,0,0,0,136,1,0,0,11,49.907116453229015,0.0,24
2983.0,Jérémy Morel,Lyon,2545,1665,1326,590,84,209,1,24,9,2,0,0.4487129095,25,11,80,10,49,10,26,123,90,55,20,23,18.945824365839016,0.010233645882258063,31
2985.0,Ludovic Baal,Rennes,1543,976,784,296,84,94,3,14,1,0,0,0.013880223,34,22,74,20,51,20,21,93,27,50,19,27,16.39154949204029,0.0006309192272727273,22
2989.0,Alexander Djiku,Bastia,1523,731,515,351,41,129,0,4,2,1,0,0.058158677,15,11,87,12,53,12,31,57,72,33,30,27,20.78031777024007,0.0016155188055555555,18
2990.0,Benjamin André,Rennes,2705,1968,1583,647,85,276,2,22,22,7,0,1.2032111787,55,32,208,26,105,26,44,192,57,84,54,86,18.334783976258517,0.0198810835421875,32
2991.0,Hervé Bazile,Caen,1067,398,229,103,121,101,3,16,31,11,0,1.3249174353999997,38,19,49,7,28,7,20,45,11,21,14,14,20.329327244891218,0.02518785794376415,21
2992.0,Vincent Bessat,Caen,2799,1220,826,430,200,267,1,31,40,11,1,2.0408958021999997,58,38,120,14,64,14,36,158,52,61,23,24,20.263089215405063,0.032033962055238084,35
2993.0,Stéphane Darbion,Troyes,1600,895,677,224,124,108,1,26,31,11,1,2.987251286,47,21,68,3,24,3,14,100,8,36,23,27,17.388155782529765,0.05396521587499999,24
2994.0,Abdoulaye Diallo,Rennes,642,169,128,147,1,106,0,0,0,0,0,0.0,1,1,0,0,0,0,0,28,0,0,0,0,40.361414996628106,0.0,7
2995.0,Ángel Fabián Di María Hernández,Paris Saint-Germain,2068,1724,1285,518,351,397,17,73,68,28,10,5.647432632499999,80,38,16,6,13,6,15,112,0,28,5,24,20.691523251976353,0.06775717503630951,28
2999.0,Presnel Kimpembe,Paris Saint-Germain,347,338,308,117,1,70,0,1,0,0,0,0.0,0,0,18,1,13,1,4,17,17,9,5,1,21.0250345969713,0.0,5
3002.0,Benjamin Nivet,Troyes,2416,1468,1156,513,131,249,4,34,30,10,2,3.567547126,24,12,122,14,63,14,28,155,42,72,46,47,18.698712175185776,0.07192861802020202,33
3004.0,Oswaldo Augusto Vizcarrondo Araújo,Nantes,2654,1076,802,617,35,344,0,1,12,5,0,0.8872733500000001,3,2,100,9,45,9,26,74,182,43,37,12,26.605353446178768,0.028498028366666667,30
3008.0,Benjamin Lecomte,Lorient,3244,1243,708,1151,7,925,0,3,0,0,0,0.0,0,0,0,0,0,0,0,191,1,0,0,9,48.64929130841862,0.0,36
3009.0,Kylian Mbappé Lottin,AS Monaco,279,76,47,16,13,9,1,3,5,2,1,0.40751634800000003,14,5,12,4,8,4,1,17,1,6,5,5,18.743521273138544,0.05407887614285715,7
3010.0,Corentin Jean,Troyes,2592,756,587,106,94,52,1,38,55,20,3,3.8093246379999997,61,25,140,10,23,10,7,103,7,31,41,61,15.005681001071446,0.05144504634974747,33
3011.0,Daniel Congré,Montpellier,3154,1440,1218,641,23,293,0,3,10,2,2,1.057994465,15,10,122,17,81,17,64,129,150,54,33,32,22.01994834861091,0.030228413285714285,35
3018.0,Giovanni-Guy Yann Sio,Rennes,2663,749,545,107,55,54,5,19,71,22,7,9.7090091313,49,24,164,7,25,7,8,73,13,43,63,45,14.891622015585842,0.11938035367303922,34
3020.0,Rodrigue Casimir Ninga,Montpellier,2036,578,422,92,79,63,4,12,43,24,7,5.3643086707,82,37,100,9,24,9,18,104,7,35,59,19,15.951628990270299,0.08176431783717948,26
3022.0,Fallou Diagne,Rennes,1898,943,754,492,30,265,0,3,17,5,5,2.7342488983,11,7,70,7,37,7,32,110,108,48,33,11,24.75101258383239,0.07291321642272727,22
3024.0,Jacques François Moubandje,Toulouse,1913,1127,786,473,81,174,0,17,4,0,0,0.043679625300000004,63,33,86,9,43,9,27,117,74,44,20,29,19.356001537112366,0.001985437513636364,22
3025.0,Christopher Nkunku,Paris Saint-Germain,338,280,259,64,1,24,0,2,1,0,0,0.029047206,2,1,11,0,7,0,5,25,3,3,7,7,15.471302668292907,0.0058094411999999995,5
3026.0,Adrien Rabiot,Paris Saint-Germain,1642,1481,1337,334,39,176,1,8,14,5,1,0.7332403765,42,24,83,16,63,16,26,127,14,38,37,31,17.70413506300049,0.030551682354166665,24
3030.0,Wergiton do Rosário Calmon,Toulouse,2167,937,719,299,63,95,2,9,12,4,0,0.9869396939999999,41,24,158,31,101,31,43,165,71,70,30,44,15.942573192669045,0.02902434305172414,29
3032.0,Zinédine Machach,Toulouse,873,393,304,92,25,41,1,8,8,4,1,0.262306735,55,26,50,8,27,8,6,68,5,23,35,9,16.05532399189425,0.015799927133333332,15
3035.0,Steeve Yago,Toulouse,1457,627,505,278,15,97,0,3,1,0,0,0.044185184,6,3,52,8,45,8,26,76,59,44,22,15,20.63865870204064,0.002761574,16
3036.0,Alexis Blin,Toulouse,1445,789,623,266,24,95,0,10,13,2,0,0.5001265739999999,12,6,92,11,49,11,15,117,46,46,23,39,18.62876036009719,0.01684675902272727,22
3038.0,Andy Delort,Caen,3216,1025,573,292,187,106,2,37,143,62,12,14.2148594475,89,41,239,10,29,10,15,174,12,48,89,80,16.363398123089137,0.10819598361835316,36
3045.0,Ismaël Traoré,Angers,2987,1119,930,550,22,313,0,2,13,4,1,1.565477263,6,1,101,18,55,18,38,143,168,56,25,11,25.485892035880887,0.04084191699019608,34
3047.0,Benoît Assou-Ekotto,Saint-Étienne,1741,1076,784,551,74,300,0,11,11,1,0,0.2247748355,16,11,52,11,29,11,35,126,43,41,27,18,24.430268853501904,0.008696546349999999,20
3071.0,Pierrick Capelle,Angers,1261,540,400,145,51,73,0,16,27,10,4,2.1177800679999996,32,20,69,10,38,10,28,70,10,35,32,16,18.111456662956893,0.05173805359374999,24
3075.0,Javier Manquillo Gaitán,Marseille,2723,1823,1470,664,89,177,1,15,7,3,0,0.597755493,35,19,131,26,86,26,47,109,88,52,31,30,17.13117970647537,0.019282435258064515,31
3078.0,Abdoul Razzagui Camara,Angers,1488,467,330,103,61,45,0,16,29,11,2,2.1291155386000002,56,29,68,6,35,6,16,72,15,19,23,25,15.803569042161438,0.0600806677972549,17
3102.0,Yann Jouffre,Lorient,1809,1329,1061,424,164,299,5,32,38,8,2,2.2189601119999995,42,25,45,11,35,11,15,114,10,24,18,33,21.249899210623386,0.041754645261111105,27
3103.0,Milan Biševac,Lyon,464,295,273,116,3,73,0,0,0,0,0,0.0,2,2,14,0,8,0,5,20,21,7,5,2,23.50904991377078,0.0,5
3109.0,Malcom Filipe Silva de Oliveira,Bordeaux,482,204,147,34,51,37,0,8,10,5,1,0.6522370246,15,9,12,0,4,0,4,19,3,8,7,12,18.80745619304277,0.024377926145454542,11
3111.0,Gilles Sunu,Angers,2443,764,553,188,64,84,1,21,46,13,2,2.804661414,63,26,126,9,36,9,9,121,3,35,33,78,16.231697522409977,0.056918488372395826,32
3114.0,Emiliano Sala,Nantes,2022,605,394,130,70,40,3,27,60,21,6,5.2658532245,43,19,174,10,26,10,10,87,24,42,59,43,14.280810240996862,0.06002449050555554,30
3117.0,Lucas Tousart,Lyon,60,42,39,11,0,4,0,0,0,0,0,0.0,1,0,5,0,4,0,1,6,4,2,2,0,18.87343009890671,0.0,1
3118.0,Jordan Ferri,Lyon,2490,1848,1591,582,106,229,5,39,32,14,2,2.154472962,55,32,96,14,62,14,8,178,16,24,57,51,18.317725006538282,0.05432294879292929,33
3121.0,Moustapha Elhadji Diallo,Guingamp,1952,747,563,243,30,93,2,5,16,9,1,1.7605699329999998,15,11,124,15,58,15,29,114,67,69,53,35,18.37911661351055,0.04786149069047618,28
3122.0,Yannis Salibur,Guingamp,2370,728,447,191,219,128,5,22,78,22,7,3.2388991216,103,60,81,15,42,15,14,143,3,26,37,76,18.812972735851176,0.037336119122071416,30
3124.0,Jérémy Sorbon,Guingamp,3028,1248,1064,503,38,374,0,1,8,2,2,0.8946623915,6,4,97,19,67,19,49,149,155,66,22,43,24.896123981998265,0.015896268058823528,34
3136.0,Rémi Walter,OGC Nice,566,429,377,77,14,38,0,5,12,1,0,0.6732215379999998,12,10,26,2,19,2,2,48,6,14,8,6,15.886411905357143,0.03635070184848483,11
3138.0,Abdoulaye Touré,Nantes,214,93,75,38,3,14,0,1,2,0,0,0.034566569,8,6,9,2,6,2,3,14,6,3,5,2,19.9990279087935,0.00864164225,4
3140.0,François Bellugou,Lorient,2314,1361,1165,444,24,221,1,8,3,0,0,0.133919879,27,21,88,15,57,15,43,139,55,62,42,18,20.262083753914656,0.0021327983939393937,33
3141.0,André-Frank Zambo Anguissa,Marseille,320,176,139,67,10,32,0,2,4,2,0,0.19322853099999998,5,5,25,4,12,4,5,38,12,10,9,5,21.296118716418842,0.021469836777777775,9
3144.0,Léo Dubois,Nantes,2030,1166,848,504,117,290,0,20,11,2,0,0.332840107,31,15,104,21,68,21,35,130,55,44,24,12,22.71703354967522,0.013136993608695652,23
3150.0,Jaroslav Plašil,Bordeaux,2162,1226,1050,373,76,127,3,20,20,8,3,1.2315446003,45,23,112,7,60,7,18,120,31,45,22,37,17.225235597015807,0.03420350813333333,26
3151.0,Jules Iloki,Nantes,1019,399,269,94,89,50,1,16,17,2,1,2.5183287759999997,29,16,33,5,16,5,8,53,5,22,24,7,17.593010161162034,0.08797833129629629,18
3156.0,Rafael Pereira da Silva,Lyon,1484,1048,840,295,68,120,2,8,12,6,1,1.410665847,33,17,87,15,60,15,21,83,36,40,25,23,17.351473104914756,0.04153216712698412,21
3161.0,Chaouki Ben Saada,Troyes,839,527,388,199,92,114,1,16,24,11,1,1.851229917,34,22,24,7,16,7,3,61,5,23,10,16,22.72044254914919,0.06563110481372549,17
3162.0,Gnaly Maxwell Cornet,Lyon,1546,535,374,83,83,46,1,21,29,13,7,4.9384829195,43,17,84,11,29,11,9,56,7,22,25,24,14.92629008256493,0.08022642044523809,28
3166.0,Marco Verratti,Paris Saint-Germain,1062,1443,1336,418,72,161,3,16,2,2,0,0.0591940859999999,28,22,44,10,30,10,9,73,7,22,12,29,17.226168664853834,0.0017410025294117587,17
3168.0,João Filipe Iria Santos Moutinho,AS Monaco,2194,1513,1188,555,179,343,2,38,22,9,1,0.9014752340000001,24,20,80,8,42,8,33,129,23,41,32,32,21.228846013614547,0.025903080999999998,26
3174.0,Lévy Koffi Djidji,Nantes,1786,755,638,355,11,229,0,0,6,0,0,0.347109637,7,5,90,11,49,11,31,96,107,40,20,7,25.640942092136676,0.015777710772727275,22
3179.0,Nolan Roux,Saint-Étienne,2017,510,331,119,71,74,2,19,59,24,9,8.973847131,23,14,79,8,24,8,8,72,22,32,42,42,17.330056620248374,0.14724007523104055,27
3181.0,Lassana Diarra,Marseille,2142,1406,1207,499,36,243,1,18,10,1,1,0.3136409075,69,52,131,33,89,33,24,240,33,39,55,37,20.881027277688872,0.012063111826923077,26
3184.0,Enzo Crivelli,Bordeaux,1575,368,266,89,32,22,4,12,26,8,3,3.4229715822999998,23,12,163,4,12,4,5,42,15,22,43,21,14.24787411710386,0.06845819829567901,27
3185.0,Thomas Mangani,Angers,2538,1738,1287,695,225,410,4,57,33,14,5,5.691338943,39,20,119,13,63,13,20,162,37,64,34,29,21.195596391738906,0.11012646969696971,33
3189.0,Étienne Didot,Toulouse,1649,1203,834,555,116,241,2,21,13,2,0,0.3673328197,23,8,79,9,41,9,28,116,33,24,37,31,20.879019573640935,0.013825675197727273,22
3190.0,Gaëtan Laborde,Bordeaux,16,4,0,1,1,3,0,0,1,0,0,0.14287165,2,1,0,0,0,0,0,2,1,0,1,0,36.38087309808749,0.14287165,1
3191.0,Ramy Bensebaini,Montpellier,1371,776,582,321,36,156,0,0,11,4,2,0.4491511919,21,10,76,12,50,12,31,93,61,35,38,17,20.535184498773525,0.019751999145,20
3193.0,Bernardo Mota Veiga de Carvalho e Silva,AS Monaco,2306,1023,777,252,171,172,1,42,40,22,7,4.875112733,91,53,112,11,46,11,19,142,14,71,34,82,18.711725763121155,0.07716616868010753,31
3195.0,Mehdi Zeffane,Rennes,838,466,365,165,26,58,1,5,13,6,1,0.5714211517,11,3,50,5,28,5,16,50,9,24,8,10,16.978398701643833,0.019063258968888885,15
3196.0,Wahbi Khazri,Bordeaux,1621,763,503,203,211,205,7,48,41,18,5,5.319918556499999,50,27,70,12,39,12,14,93,8,46,28,40,21.59829788172676,0.12324958485,20
3200.0,Renaud Cohade,Saint-Étienne,1071,702,479,231,97,138,2,15,11,3,0,0.36118111799999986,16,4,93,12,53,12,7,80,7,28,28,6,18.949639374464894,0.011874357382352936,17
3203.0,Yoann Andreu,Angers,2781,1583,1201,613,94,255,1,10,5,2,0,0.2011785085,45,23,103,13,63,13,54,136,81,92,40,23,19.811453291727453,0.006489629306451613,31
3204.0,Almamy Touré,AS Monaco,780,464,330,233,42,77,2,6,10,4,3,1.5702818544,19,8,32,5,16,5,11,29,39,24,14,8,20.501767786612135,0.07037026855999999,10
3207.0,Pablo Jean Antoine Martínez,Gazélec Ajaccio,2214,1090,825,516,81,246,1,6,9,1,0,0.30230528999999995,14,11,89,11,58,11,45,104,109,60,28,29,22.568145618251627,0.009830652148148145,27
3210.0,Valère Germain,OGC Nice,3171,1101,805,158,118,96,6,38,66,36,14,10.297829388,57,24,175,6,32,6,15,89,45,43,20,45,15.310883534564805,0.12336746840350876,38
3211.0,Florent Balmont,Lille,1956,1333,1109,488,88,216,1,15,30,3,0,0.7536119600999998,30,15,51,11,38,11,18,133,11,27,42,59,19.692908196604687,0.018564716315432085,27
3213.0,Jimmy Briand,Guingamp,3030,1061,739,261,147,91,8,37,65,23,7,7.949827537,71,21,177,9,23,9,8,159,19,50,42,79,15.43752955908945,0.09842182728047617,35
3217.0,Jemerson de Jesus Nascimento,AS Monaco,294,110,84,61,9,17,0,2,1,0,0,0.061310697,2,0,10,2,8,2,3,8,19,6,6,3,21.649446591950646,0.01532767425,4
3218.0,Marcos Paulo Mesquita Lopes,"Lille, AS Monaco",655,267,195,67,46,43,1,13,23,10,2,2.004250012,25,17,41,9,20,9,5,25,2,13,9,21,17.879548700844385,0.07308843463095238,14
3220.0,Franck Tabanou,Saint-Étienne,591,352,242,148,34,63,0,4,4,0,0,0.0620861834,10,3,23,4,12,4,10,27,15,18,7,5,21.674649064475478,0.0068391605875,8
3229.0,Maxime Le Marchand,OGC Nice,2247,1489,1275,697,26,327,0,1,6,2,1,0.7643126316,10,7,80,9,38,9,33,112,108,50,37,11,22.313923629606556,0.029396639676923075,26
3230.0,Alassane Pléa,OGC Nice,1422,526,383,67,84,42,4,10,47,21,6,6.73061661,57,25,72,7,20,7,4,55,3,20,32,32,14.885191388194313,0.14871619826578947,19
3235.0,Ludovic Blas,Guingamp,654,220,147,76,37,44,2,5,11,4,1,0.9067112009999999,28,14,36,5,20,5,12,46,4,21,17,10,20.526176726248494,0.035588734999999996,13
3236.0,Sergi Darder Moll,Lyon,1499,971,789,320,75,150,1,21,31,8,2,2.7256820559999997,29,15,58,5,41,5,10,66,3,17,22,13,19.61480558434233,0.05577830955333332,25
3245.0,Thomas Lemar,AS Monaco,1844,949,693,268,177,204,3,25,36,9,5,2.4606713684,72,45,87,8,39,8,15,131,11,44,16,47,19.917603527104795,0.05300542741858974,26
3246.0,Guido Marcelo Carrillo,AS Monaco,1645,517,339,119,43,30,1,7,48,19,4,6.407229065,15,9,105,0,9,0,3,43,29,28,33,23,14.454586481388693,0.0877365385689655,29
3247.0,Fábio Henrique Tavares,AS Monaco,3124,1732,1382,675,118,316,4,21,28,16,6,5.4465427884999995,44,24,163,26,106,26,41,181,89,78,77,69,20.354949565237835,0.11047321555686274,34
3248.0,Hamari Traoré,Stade de Reims,2979,1812,1345,741,156,301,1,33,20,5,2,0.4942986723999998,55,34,161,33,94,33,85,201,90,109,51,31,19.809661424646613,0.008952748445959587,33
3250.0,Edson André Sitoe,Rennes,1318,587,495,260,7,148,0,1,5,1,0,0.35193807499999996,7,5,34,4,18,4,26,74,75,22,9,5,24.3846622981845,0.021996129687499998,16
3254.0,Florian Thauvin,Marseille,965,451,285,123,125,101,0,20,17,7,2,1.797939043,55,22,28,0,15,0,5,47,4,19,12,12,20.61588072324381,0.05824475128888888,15
3256.0,Nicolas Pallois,Bordeaux,1485,767,610,401,19,205,1,2,9,1,1,0.550997119,14,8,52,8,32,8,24,90,81,30,15,9,24.96729475344688,0.0291474165,16
3257.0,Steve Michel Mounié,Montpellier,36,8,7,1,0,0,0,0,0,0,0,0.0,0,0,3,0,0,0,0,1,2,1,0,2,15.559718328053624,0.0,1
3261.0,Benjamin Mendy,Marseille,1991,1357,1054,524,137,224,1,28,8,4,1,0.115999128,63,37,89,10,50,10,34,162,53,39,27,22,19.642093129367414,0.003945262695652174,23
3292.0,Abdoulaye Doucouré,Rennes,975,577,495,128,33,62,2,18,20,7,2,1.888473203,21,12,46,2,24,2,8,54,6,20,9,5,16.773197205265024,0.07887375818222223,15
3295.0,Thiago Emiliano da Silva,Paris Saint-Germain,2686,2467,2320,925,33,478,0,7,16,4,1,2.130133705,6,3,84,8,53,8,47,126,140,63,24,23,21.29414212193821,0.0561708135,30
3301.0,Nicolas Benezet,Guingamp,1257,545,343,155,173,128,4,35,23,7,4,2.2196607509999997,53,32,63,8,32,8,18,84,8,18,19,43,20.998263141806994,0.06145658519473683,19
3319.0,Yacine Bammou,Nantes,1569,689,497,150,62,93,1,14,43,12,4,2.9683548117,28,14,111,5,22,5,12,80,18,28,48,19,17.377635085244354,0.04743652897722221,30
3322.0,Jonas Lössl,Guingamp,3349,1115,612,1018,19,869,0,0,0,0,0,0.0,1,1,0,0,0,0,1,209,0,1,0,6,52.96316401246735,0.0,37
3348.0,Younousse Sankharé,Guingamp,2996,1368,1040,582,74,225,2,12,30,12,6,2.687653439,68,42,135,30,94,30,47,228,43,75,54,53,19.838452934373606,0.060288892682828284,33
3354.0,Benoît Guy Robert Costil,Rennes,2818,911,548,846,6,677,0,0,0,0,0,0.0,0,0,0,0,0,0,0,138,2,1,0,3,48.6308103895736,0.0,31
3356.0,Valentín Vada,Bordeaux,873,640,538,141,59,106,2,15,11,1,0,0.60849843,14,6,23,5,17,5,18,70,5,19,12,15,18.694273425390488,0.023540947933333334,15
3357.0,Baptiste Guillaume,Lille,561,125,72,38,10,6,0,2,10,3,0,0.6609258840000001,11,2,42,1,5,1,6,20,12,6,8,10,14.046703459523833,0.042043749222222225,9
3359.0,Jean Michaël Seri,OGC Nice,3181,2811,2413,768,179,504,6,48,51,19,3,3.8494332486,62,38,92,15,50,15,35,189,29,52,35,64,19.85906041123633,0.05292568034999999,38
3361.0,Clément Grenier,Lyon,1042,774,576,271,71,119,3,15,14,4,2,0.8272063275,31,13,31,8,23,8,10,58,9,18,27,25,19.145175049708325,0.027237292470588235,17
3363.0,Marcus Coco,Guingamp,1741,447,274,125,77,53,1,15,22,7,1,1.7121910322999996,87,39,137,17,45,17,22,107,10,44,71,54,16.58627263372981,0.04085079091607142,28
3364.0,Jonathan Martins-Pereira,"Guingamp, Troyes",2318,1569,1215,673,119,225,5,18,7,3,0,0.699953661,20,13,103,14,76,14,46,129,64,57,41,15,18.979313947453665,0.025924209666666666,27
3365.0,Valentin Rongier,Nantes,746,467,387,184,36,105,1,6,7,2,1,0.215470397,16,12,58,10,40,10,13,64,12,16,14,11,21.11088727853007,0.01773154223333333,10
3372.0,Rachid Ghezzal,Lyon,1632,990,699,253,202,188,7,38,55,23,8,4.8927179524,82,47,64,12,30,12,16,109,6,35,28,38,18.65413038241414,0.06022937992564102,26
3374.0,Andrea Raggi,AS Monaco,2643,1183,881,610,60,267,1,3,8,4,2,0.9179320369999999,3,1,66,9,37,9,41,85,110,57,16,21,23.299597830701924,0.023885315216666664,30
3375.0,Adrien Thomasson,Nantes,2569,1522,1121,439,203,247,5,44,39,11,2,2.4568809076,51,34,120,18,72,18,23,230,23,79,50,47,18.39442510200472,0.048350943056862744,34
3403.0,Alexandre Mendy,OGC Nice,394,122,91,12,7,12,0,3,10,4,1,1.4262700700000002,3,0,21,0,2,0,1,10,6,8,11,2,14.43986315906671,0.06789603591666667,12
3404.0,Youssouf Sabaly,Nantes,2561,1775,1369,644,143,254,1,26,13,4,2,0.457146342,70,47,135,22,79,22,43,179,85,59,54,42,18.360087547662577,0.015761433410714284,28
3405.0,François Kamano,Bastia,1442,404,274,68,49,40,0,16,41,12,3,3.725931834,71,31,84,9,21,9,6,96,4,28,31,36,15.672028594649197,0.05646485300036232,23
3406.0,Jérémy Toulalan,AS Monaco,2276,1473,1181,630,54,265,1,10,6,2,0,0.16778785699999998,23,14,126,26,76,26,36,148,62,71,30,35,21.082778898122502,0.00671151428,25
3408.0,Thomas Touré,Bordeaux,866,386,285,78,72,58,1,14,29,6,2,2.0883808305,53,29,61,11,34,11,9,68,6,15,15,21,17.91879454621048,0.04466648388148148,18
3413.0,Kévin Théophile-Catherine,Saint-Étienne,1920,1001,689,437,114,214,1,14,7,1,1,0.49226601070000003,22,15,93,5,30,5,17,100,68,52,29,22,22.386761419010195,0.023441238604761907,21
3414.0,Vincent Pajot,Saint-Étienne,1784,867,717,243,38,102,1,15,23,6,1,1.7950381289999997,19,8,94,10,46,10,29,97,52,44,41,30,17.102126560767307,0.038711923666666655,26
3420.0,Rémy Cabella,Marseille,2611,1595,1341,335,133,101,2,41,49,24,5,4.51916661,100,51,127,16,66,16,15,164,5,67,44,82,14.186996998719408,0.06697618703088234,34
3421.0,Bryan Dabo,Montpellier,2905,1707,1335,557,120,202,1,19,35,11,5,3.1783614749999995,119,57,109,17,66,17,40,209,43,62,64,122,17.527701200474212,0.04814971806018517,36
3423.0,Alexander Toft Søderlund,Saint-Étienne,853,164,104,29,19,9,2,7,20,5,2,3.277277862,10,8,58,4,6,4,0,20,3,10,21,14,14.00813288670395,0.07988739005128205,13
3424.0,Cheikh M''Bengue,Rennes,1922,1195,994,425,42,141,0,9,5,0,0,0.462598314,12,6,77,8,50,8,32,84,62,57,35,25,17.20000919076489,0.01604293147826087,23
3425.0,Morgan Amalfitano,Lille,979,461,341,114,77,70,0,20,14,9,2,1.770681077,32,19,33,4,13,4,18,66,3,26,12,10,18.143888917688116,0.07588469017857144,14
3431.0,Vincent Manceau,Angers,2428,1204,905,541,91,239,1,13,6,1,0,0.0645777064,17,9,75,8,50,8,36,102,72,51,15,20,21.50255084238858,0.002391766903703704,27
3432.0,Alexandre Letellier,Angers,1528,471,284,410,3,358,0,2,0,0,0,0.0,0,0,0,0,0,0,0,70,0,0,0,4,50.39965819431973,0.0,17
3433.0,Lassana Coulibaly,Bastia,713,245,173,77,13,27,0,4,10,4,0,0.22874606139999998,13,8,49,8,25,8,8,49,13,21,13,10,17.860199964933305,0.009845623866666667,12
3444.0,Danijel Subašić,AS Monaco,3243,971,574,880,16,728,0,1,0,0,0,0.0,3,3,0,0,0,0,1,150,1,2,0,2,50.6079700749441,0.0,36
3446.0,Djibril Sidibé,Lille,3383,2084,1643,718,155,242,3,34,41,14,4,2.8667099605999997,89,44,203,32,138,32,84,183,70,96,48,61,18.10606701813038,0.05012316491261261,37
3451.0,Alexandre Lacazette,Lyon,3058,1047,793,158,151,64,2,36,95,46,21,19.916084928,89,44,126,14,33,14,6,103,3,50,53,72,13.57463889728501,0.18641453765840335,34
3457.0,Michy Batshuayi Tunga,Marseille,3017,677,506,73,55,38,6,17,123,55,17,18.7061202483,58,34,145,1,14,1,4,102,11,40,66,47,13.61879489974398,0.13624949534335318,36
3481.0,Serge Aurier,Paris Saint-Germain,1836,1379,1163,325,81,148,1,8,23,5,2,2.4534541763,31,21,106,18,73,18,33,123,50,35,35,19,17.537696591275413,0.08455441139,20
3543.0,Steve Mandanda,Marseille,3304,1383,946,1157,9,824,0,0,0,0,0,0.0,0,0,0,0,0,0,0,188,0,1,3,5,40.71211189377795,0.0,36
3544.0,Grégory Sertic,Bordeaux,25,16,13,5,0,4,0,0,0,0,0,0.0,0,0,0,0,0,0,0,0,1,1,1,0,22.89118483744961,0.0,1
3546.0,Morgan Sanson,Montpellier,550,268,187,78,34,51,0,3,7,5,3,0.6668886629999999,14,5,23,4,15,4,8,34,5,17,9,16,19.58032500958554,0.04696206355,10
3549.0,Romain Thomas,Angers,3255,1309,1112,634,18,330,0,4,13,6,2,1.197153793,2,1,128,15,66,15,43,127,190,90,51,36,24.246800967659844,0.024456756666666666,36
3552.0,Benjamin Jeannot,Lorient,1810,671,494,136,47,69,1,16,63,23,7,6.586279329,31,17,138,5,23,5,8,65,16,15,41,33,15.53744113535224,0.0699780979222789,28
3553.0,Lacina Traoré,AS Monaco,822,188,102,56,37,13,1,8,18,7,3,3.5752345599999997,18,7,64,3,6,3,1,34,10,17,35,19,14.244989947452067,0.08964614173333332,15
3625.0,Sofiane Boufal,Lille,2370,1094,778,301,250,202,4,65,53,24,11,5.1446104085,223,136,107,29,64,29,7,160,8,49,68,73,18.296881522968494,0.06584245589712642,29
3639.0,Georges-Kévin Nkoudou Mbida,Marseille,2118,760,535,148,146,127,1,23,48,20,5,3.7698007455,99,46,81,12,42,12,9,153,5,49,30,66,18.328044399962117,0.06949902380771604,27
3672.0,Zlatan Ibrahimović,Paris Saint-Germain,2499,1360,1057,313,184,146,13,32,148,78,36,22.6984884001,37,20,41,9,17,9,7,100,25,21,26,35,16.148733991629506,0.1585070198705073,30
3673.0,Yassine Benzia,Lille,1352,427,299,84,42,31,0,15,37,15,5,3.5133622635999995,43,31,85,5,22,5,9,66,9,25,41,32,14.437202361345499,0.07414549730833332,22
3674.0,Vitorino Hilton da Silva,Montpellier,3246,1597,1176,1004,70,668,1,7,23,6,1,1.8295871209999999,16,9,133,14,66,14,61,209,193,75,31,31,29.56001650310958,0.034722476375000005,36
3676.0,Jérôme Roussillon,Montpellier,2690,1381,1062,424,127,193,2,20,16,6,3,1.5015426566,50,26,84,22,54,22,30,143,53,71,23,33,18.235855438092326,0.04306462910909091,33
3677.0,Bakary Adama Soumaoro,Lille,2357,980,837,351,14,139,0,1,13,4,1,1.250317569,7,5,65,9,34,9,32,121,131,62,30,19,19.533505205690037,0.03394450338095238,28
3679.0,Souleymane Camara,Montpellier,2022,595,415,122,59,63,6,14,47,24,7,6.7865699863,29,11,101,6,25,6,11,76,18,17,27,44,16.31768575912675,0.12328958802424242,33
3682.0,Paul Lasne,Montpellier,527,271,227,64,14,43,0,1,3,0,0,0.21151258100000003,7,4,20,4,10,4,9,22,2,13,10,12,17.311867031123015,0.026439072625000004,8
3735.0,Wesley Saïd,Rennes,10,5,3,1,0,0,0,1,0,0,0,0.0,1,1,0,0,0,0,0,1,0,0,0,1,9.62240440507815,0.0,1
3745.0,Lucas Rodrigues Moura da Silva,Paris Saint-Germain,2275,1287,1042,239,189,149,3,51,62,25,9,9.108824809,100,59,79,19,45,19,23,134,2,24,30,60,16.680919418142402,0.11164643569380951,35
3753.0,Pedro Filipe Teodósio Mendes,Rennes,1889,937,773,371,31,214,0,5,9,0,0,0.40082526799999996,21,15,69,9,40,9,32,101,99,49,29,36,23.607569490648718,0.015692862761904763,21
3761.0,Mike Maignan,Lille,291,92,65,68,2,45,0,0,0,0,0,0.0,2,2,0,0,0,0,0,20,0,0,0,0,42.37537625700192,0.0,4
3767.0,Ellyes Joris Skhiri,Montpellier,812,378,320,141,8,61,0,3,5,2,2,0.404754442,7,4,29,0,16,0,18,34,25,28,17,3,20.13063799263042,0.0404754442,10
3769.0,Wesley Lautoa,Lorient,1034,518,426,217,7,93,0,1,5,1,0,0.306520097,5,4,43,4,19,4,21,69,70,24,10,13,21.323693237904706,0.019094960346153846,13
3779.0,Cédric Yambéré,Bordeaux,2295,1074,894,399,29,216,0,2,21,7,3,1.9281112928,8,6,95,9,51,9,39,99,153,38,39,24,21.972352475943993,0.06435664362564103,26
3797.0,Ismaël Tiémoko Diomandé,"Saint-Étienne, Caen",701,339,284,103,4,55,0,7,5,0,0,0.0961325857,8,5,46,8,28,8,12,52,16,18,18,9,20.355432862114398,0.007325554905000001,10
3951.0,Mario Lemina,Marseille,340,209,176,71,9,32,0,3,6,1,0,0.378870854,15,9,16,3,9,3,3,21,5,4,8,4,19.537304167854128,0.05915546266666665,4
3955.0,Tiemoué Bakayoko,AS Monaco,1393,755,636,216,12,82,0,6,16,5,1,0.7697099974,27,15,87,20,54,20,30,99,26,31,36,22,17.541816439667915,0.02675609797941176,17
3956.0,David Luiz Moreira Marinho,Paris Saint-Germain,2130,1885,1723,706,51,398,1,5,14,5,1,1.140322829,14,7,55,7,35,7,35,101,78,46,23,19,22.58851611623536,0.030192808066666667,25
3980.0,Johny Placide,Stade de Reims,1613,545,300,500,5,411,0,1,0,0,0,0.0,0,0,0,0,0,0,0,103,0,0,0,5,50.11636014645206,0.0,19
4249.0,Wilfried Moimbé,Nantes,1345,652,449,302,70,150,1,9,8,3,0,0.165651044,17,5,46,2,30,2,34,76,46,26,22,28,21.935259877825025,0.011043402933333333,15
4253.0,Ole Kristian Selnæs,Saint-Étienne,173,103,89,36,2,13,0,3,2,0,0,0.029642625,0,0,8,1,6,1,0,10,2,3,2,1,20.697360771337554,0.00741065625,2
4254.0,Valentin Eysseric,"Saint-Étienne, OGC Nice",1804,963,652,259,227,215,4,39,39,8,6,3.9400662966999995,31,14,84,2,28,2,16,99,11,34,44,40,19.48958144934097,0.08387043020229883,29
4255.0,Jean-Victor Makengo,Caen,446,135,107,44,4,22,0,3,2,0,0,0.034257272,7,4,21,4,11,4,6,31,2,15,8,6,18.62522780777382,0.0034257272,10
4256.0,Jonathan Bamba,Saint-Étienne,292,110,85,24,7,10,0,2,9,2,1,0.671651535,5,3,8,1,3,1,1,13,1,10,6,3,15.509726728920509,0.051806794666666656,5
4257.0,Yoan Cardinale,OGC Nice,2303,716,491,601,4,405,0,0,0,0,0,0.0,1,1,1,0,0,0,0,121,0,1,0,8,39.96616562849478,0.0,26
4258.0,Ronaël Pierre-Gabriel,Saint-Étienne,335,217,167,84,12,29,0,2,0,0,0,0.0,2,1,19,2,16,2,11,26,10,10,7,5,18.98978765232742,0.0,5
4259.0,Stéphane Ruffier,Saint-Étienne,3359,1190,710,1032,12,773,0,1,0,0,0,0.0,0,0,2,0,0,0,0,175,1,2,2,3,44.093806904588156,0.0,37
4260.0,Romain Hamouma,Saint-Étienne,1629,584,384,138,135,98,3,31,38,12,3,3.5793889922,55,16,53,7,20,7,7,86,11,24,25,35,18.107168333704905,0.06732781188958332,24
4263.0,Loïc Perrin,Saint-Étienne,2151,1268,1094,606,23,250,1,6,17,8,3,2.7590197679999995,3,3,119,8,59,8,24,90,175,39,21,32,21.66728924034577,0.07259023741666665,24
4264.0,Vincent Koziello,OGC Nice,2750,1758,1585,325,54,105,6,26,14,6,3,1.1803852049999999,45,29,167,26,114,26,25,170,18,60,62,43,15.025117597590553,0.02662521839047619,35
4265.0,Oussama Tannane,Saint-Étienne,594,233,161,66,52,49,1,10,21,11,2,1.743027865,19,6,43,3,17,3,5,30,1,11,17,22,18.555472817577524,0.10650394855555555,9
4270.0,Jérémy Pied,OGC Nice,3047,2191,1672,744,191,310,3,28,21,4,0,0.7829367118,59,37,184,24,119,24,58,160,115,72,45,46,18.996752607658696,0.019765224578787877,33
4319.0,Edinson Roberto Cavani Gómez,Paris Saint-Germain,2296,806,676,92,69,91,5,18,86,45,19,17.340574777,26,15,39,2,20,2,13,66,7,29,30,21,16.32889701386445,0.1687625743864055,31
4325.0,Thiago Motta,Paris Saint-Germain,2309,2916,2674,806,58,338,1,13,12,2,1,2.040276273,24,16,100,13,60,13,21,87,33,39,34,36,18.23516622313021,0.06498840948387097,31
4326.0,Layvin Kurzawa,"Paris Saint-Germain, AS Monaco",1542,1114,949,233,62,82,5,13,20,6,4,3.053786086,42,24,68,10,52,10,35,90,42,40,23,13,16.308123506079,0.0699263250925926,18
4345.0,Lucas Ariel Ocampos,Marseille,799,270,187,64,37,22,0,6,22,5,1,2.123792151,38,15,37,7,19,7,6,49,4,23,11,17,15.135131120677356,0.07574980503921569,17
4349.0,Issa Diop,Toulouse,1903,769,567,382,15,209,0,3,6,2,1,0.7491175210000001,2,1,59,6,35,6,29,95,118,25,32,15,24.303239275731748,0.03193103019047619,21
4350.0,Yannick Cahuzac,Bastia,2516,1167,933,397,39,179,0,11,11,4,2,1.378218126,26,14,134,26,76,26,42,155,55,71,60,32,18.958943098421198,0.029675838877777774,30
4351.0,Bouna Sarr,Marseille,1041,522,378,122,90,70,0,15,16,6,2,1.355565105,65,26,53,4,22,4,6,51,5,22,24,23,17.84538562500146,0.031352507,23
4352.0,Issiaga Sylla,Gazélec Ajaccio,2763,1619,1140,647,177,316,4,25,23,3,0,0.8445495939999998,60,33,169,36,124,36,81,224,89,85,63,23,20.7194555052707,0.009364026302450973,34
4370.0,Javier Matías Pastore,Paris Saint-Germain,894,913,730,313,97,147,6,23,20,6,2,2.7049139425999997,36,21,22,4,15,4,2,62,0,20,10,17,18.595162966787314,0.08799962445625,16
4372.0,Marcos Aoás Corrêa,Paris Saint-Germain,1877,1766,1628,589,31,327,0,4,8,2,1,1.241808088,3,2,64,13,46,13,22,78,80,48,16,4,20.59527907897658,0.047761849538461534,26
4373.0,Mathieu Bodmer,OGC Nice,1401,925,779,417,39,184,1,8,4,2,1,0.451768965,2,2,63,9,37,9,16,67,61,15,27,11,20.909354804724874,0.025098275833333336,18
4375.0,Blaise Matuidi,Paris Saint-Germain,2024,1632,1473,396,73,122,6,19,16,9,4,2.016159588,33,19,92,15,61,15,22,97,17,47,43,34,16.462298397686556,0.06368197276666666,30
4377.0,Maxime Dupé,Nantes,622,232,141,205,1,161,0,0,0,0,0,0.0,0,0,0,0,0,0,0,43,0,0,0,3,45.60030113627622,0.0,7
4380.0,Guillaume Gillet,Nantes,1757,1026,867,367,39,178,0,9,22,5,1,1.2877077934999999,23,16,104,17,64,17,45,111,38,31,32,26,19.988519732560054,0.032450008210526314,19
4382.0,Kévin Malcuit,Saint-Étienne,628,333,224,143,35,60,1,2,2,0,0,0.041597597,9,7,40,8,30,8,12,53,22,13,14,12,21.33261098398238,0.005199699625,8
4383.0,Nicolas de Roussel de Préville,Stade de Reims,2975,1113,681,287,290,263,8,62,91,37,6,9.1870404949,124,53,150,20,50,20,20,186,9,46,67,103,20.326384994159085,0.08042632639378305,36
4386.0,Damien Da Silva,Caen,2525,969,796,471,20,295,0,3,18,4,2,2.336170505,10,7,121,16,69,16,47,142,223,60,23,21,25.932176903504708,0.05923693576785714,28
4390.0,Charles Traoré,Troyes,466,234,168,97,12,33,0,1,1,0,0,0.010682207,7,2,38,6,24,6,9,19,23,18,7,5,17.31712671595116,0.0021364414000000003,5
4410.0,Christophe Jallet,Lyon,1818,1572,1319,451,123,185,5,17,20,5,1,1.5275672359999999,27,17,105,19,83,19,21,87,57,34,21,11,18.14070058618379,0.03972914592028985,23
4411.0,Anthony Walongwa,Nantes,91,68,60,24,3,11,0,0,0,0,0,0.0,1,1,8,0,1,0,1,7,1,2,1,1,20.113107439840768,0.0,1
4413.0,Aloïs Confais,Troyes,1174,653,539,183,32,89,1,3,4,0,0,0.1014634402,12,8,65,7,37,7,18,86,27,29,24,21,18.878480470578705,0.007247388585714286,14
4417.0,Ola Toivonen,Rennes,21,3,2,0,0,0,0,0,1,1,0,0.0435603,0,0,2,0,0,0,0,1,0,0,0,0,7.761133826463134,0.0435603,1
4428.0,Mathieu Debuchy,Bordeaux,701,396,282,181,32,62,0,3,4,1,0,0.224086626,15,6,47,5,33,5,29,45,17,17,15,9,20.289396493678144,0.021578697125,8
4431.0,Kévin Monnet-Paquet,Saint-Étienne,2223,777,545,145,112,44,2,23,44,18,2,3.7059122509,77,38,143,15,36,15,14,162,14,63,26,26,14.73025501295878,0.07262011869555554,30
4432.0,Yohann Pelé,Marseille,177,70,60,54,0,20,0,0,0,0,0,0.0,0,0,0,0,0,0,0,10,0,0,0,0,28.786549585454466,0.0,2
4434.0,Thibault Giresse,Guingamp,1727,757,499,309,176,229,4,36,23,6,4,2.680103031,22,11,67,12,40,12,7,106,17,30,17,23,22.383830866789403,0.04785825382971014,23
4440.0,Kevin Trapp,Paris Saint-Germain,2977,877,742,616,1,354,0,0,0,0,0,0.0,0,0,0,0,0,0,0,102,1,1,1,3,30.99371231105433,0.0,34
4441.0,Billy Ketkeophomphone,Angers,2745,1015,716,244,147,144,7,29,59,21,5,4.0809757299,85,44,160,21,70,21,28,198,11,65,46,61,17.17085740733673,0.0494975008540476,35
4442.0,Maxime Poundjé,Bordeaux,1203,672,494,239,58,101,1,3,4,2,0,0.041347408,30,16,56,7,42,7,13,50,39,32,11,19,19.125076539667745,0.0031805698461538465,13
4443.0,Paul Baysse,OGC Nice,2635,1716,1492,737,16,339,0,0,14,6,0,1.6533127155,14,11,122,11,55,11,46,115,167,49,23,23,21.696159462221214,0.050587060695402294,29
4446.0,Soualiho Meïté,Lille,49,24,16,5,2,2,0,0,1,0,0,0.17611398,1,0,3,0,1,0,0,3,1,4,2,2,14.68078098328018,0.08805699,2
4447.0,Martin Braithwaite Christensen,Toulouse,3002,665,512,118,82,47,0,23,108,42,11,15.1408548925,79,37,126,4,16,4,10,119,20,37,38,44,14.576285792097893,0.14258221623171297,36
4450.0,Bakary Koné,Lyon,437,234,208,96,3,44,0,0,3,1,0,0.168132428,0,0,16,1,5,1,8,18,18,8,3,5,21.16991529663337,0.0336264856,5
4454.0,Farès Bahlouli,AS Monaco,175,100,72,26,13,17,0,4,6,2,1,0.22750651330000002,7,4,14,4,7,4,2,14,1,4,10,5,17.587955077787193,0.033586019859999997,5
4463.0,Mapou Yanga-Mbiwa,Lyon,2408,1719,1528,710,30,396,0,1,7,4,2,1.1120025329999998,15,8,89,14,45,14,45,120,98,34,33,36,22.82140715449377,0.028172389555555552,27
4464.0,Adama Traoré,AS Monaco,368,187,159,49,7,28,1,2,5,1,0,0.2756488205,4,3,17,1,6,1,7,23,3,9,9,8,19.178023711995014,0.020827013999999998,5
4465.0,Gabriel Boschilia,AS Monaco,138,61,46,19,3,8,0,1,2,0,0,0.5929969737,2,0,4,0,1,0,1,9,0,3,1,3,17.123628730308525,0.0741246217125,4
4469.0,Guy Adolphe N''Gosso Massouma,Angers,158,55,46,25,1,13,0,1,0,0,0,0.0,1,1,8,2,8,2,0,11,5,1,2,2,19.871024745232432,0.0,3
4473.0,Nicolas Janvier,Rennes,24,15,10,5,2,2,0,0,0,0,0,0.0,0,0,0,0,0,0,1,0,0,0,1,1,16.753626064781212,0.0,1
4474.0,Emmanuel Imorou,Caen,1220,645,437,330,81,108,1,9,2,1,1,0.770355478,9,4,39,6,24,6,27,63,42,57,12,21,19.92692320196605,0.051357031866666666,15
4475.0,Romain Danzé,Rennes,1628,1028,791,441,57,160,3,10,6,4,0,1.006241081,15,10,64,1,34,1,26,63,73,47,14,6,19.546913624211726,0.03673858213157895,19
4506.0,Nampalys Mendy,OGC Nice,3479,2991,2760,731,24,427,2,5,6,1,1,0.156830249,38,26,81,20,53,20,46,275,36,62,40,70,19.088974726588024,0.0036696106052631575,38
4508.0,Julian Palmieri,Bastia,2925,1578,1149,685,128,293,2,18,17,7,2,1.2185576093,76,45,168,26,97,26,65,157,73,74,48,50,20.507782533651735,0.028991549398484844,33
4509.0,Jérôme Prior,Bordeaux,1002,379,207,350,3,315,0,0,0,0,0,0.0,0,0,0,0,0,0,0,56,0,0,0,1,50.73436740512364,0.0,12
4539.0,Michaël Jordan Nkololo,Caen,558,218,160,68,18,26,0,8,10,3,0,0.694283007,18,8,29,2,8,2,9,48,3,14,15,14,19.142427438004106,0.034376858077777774,15
4542.0,Pablo Nascimento Castro,Bordeaux,1361,657,536,305,14,178,0,2,9,3,1,1.261591042,2,1,52,5,26,5,24,62,109,18,19,8,24.92299484377879,0.0508654625,16
4545.0,Prince Oniangué,Stade de Reims,2151,889,740,276,23,132,1,7,32,13,4,3.2661722872,8,4,85,9,31,9,23,97,41,39,21,20,18.64681603717186,0.07183847094814814,27
4547.0,Ludovic Butelle,Angers,1744,537,334,468,4,405,0,0,0,0,0,0.0,1,1,0,0,0,0,0,100,1,0,0,4,49.61058964646399,0.0,19
4599.0,Quentin Cornette,Montpellier,158,40,27,10,7,5,0,1,4,1,0,0.25728965000000004,11,3,6,2,2,2,4,10,0,4,6,5,17.447583740559587,0.0450279052,5
4601.0,Robert Berič,Saint-Étienne,680,171,124,31,17,15,0,5,16,6,3,2.624841647,12,5,54,1,6,1,0,16,5,11,11,16,13.463016408502384,0.10923248237999998,10
4602.0,Yoann Gourcuff,Rennes,612,390,339,107,21,49,0,12,10,3,2,0.9261229020000001,9,7,17,7,11,7,7,49,2,10,6,13,16.789077053343828,0.03341926372916667,12
4628.0,Diego Armando Valentin Contento,Bordeaux,2172,1261,976,502,103,217,0,15,13,5,2,1.0451505829999999,17,11,112,7,66,7,36,103,70,39,19,40,19.930407984824544,0.041532583430555554,24
4669.0,William Jean Rémy,Montpellier,2446,1274,991,529,47,256,1,8,15,3,0,0.7009861861000001,39,23,105,22,72,22,34,205,76,59,38,52,22.056293625891445,0.0146778953125,28
4723.0,Mickaël Le Bihan,OGC Nice,142,49,38,11,8,3,1,2,7,3,1,0.880503492,8,4,9,1,1,1,0,7,0,4,1,0,15.562364218926604,0.16547128308333334,3
4766.0,Neal Maupay,Saint-Étienne,542,123,87,14,20,9,2,4,14,3,1,1.0593281509999999,8,3,30,0,6,0,1,24,1,11,19,1,14.638013450376665,0.030818954884615377,13
4776.0,Enock Kwateng,Nantes,28,8,7,3,0,1,0,0,0,0,0,0.0,0,0,3,0,2,0,1,2,2,1,0,1,17.130262786215663,0.0,2
4799.0,Sloan Privat,Guingamp,1286,302,182,72,46,20,1,9,35,15,7,7.360999041,9,7,97,3,4,3,2,28,6,9,30,32,14.141040357089073,0.12785070205666665,25
4802.0,Florentin Pogba,Saint-Étienne,1896,986,780,468,32,284,1,4,10,0,0,0.372243037,10,7,69,9,25,9,33,111,133,47,17,9,24.3890868300786,0.016184479869565217,23
4803.0,Mathieu Gorgelin,Lyon,90,31,15,25,0,20,0,0,0,0,0,0.0,0,0,0,0,0,0,0,6,0,1,0,0,45.93349154244101,0.0,1
4823.0,Milan Gajić,Bordeaux,590,289,205,116,24,44,0,5,2,1,1,0.1505009159999999,4,1,18,3,7,3,5,12,16,18,4,5,19.676665977215325,0.008361161999999988,9
4839.0,Issam Ben Khémis,Lorient,20,10,6,4,0,4,0,1,0,0,0,0.0,0,0,0,0,0,0,0,3,0,0,2,0,27.090182300422207,0.0,1
4895.0,Henri Bedimo Nsamè,Lyon,1264,872,713,280,50,112,0,6,6,3,0,0.0654899506,25,14,29,8,25,8,11,72,14,17,12,21,19.73947761061211,0.003638330588888889,18
4900.0,Paul-Georges Ntep de Madiba,Rennes,933,416,266,101,102,69,3,17,21,8,2,2.9395300576,65,28,26,6,15,6,1,46,5,7,8,26,18.13783152376094,0.09254735558690474,14
4906.0,Arnold Bouka Moutou,Angers,1270,569,393,206,56,99,0,9,7,5,2,1.1950594360000002,35,13,47,2,23,2,22,64,32,50,10,20,19.427596292151737,0.035116407111111116,21
4909.0,Jeremie Boga,Rennes,1001,321,262,46,33,16,0,12,21,11,3,2.4550633887,58,36,24,1,5,1,2,41,0,12,6,20,13.740598199767929,0.06665903501346154,26
5110.0,Henri Saivet,Bordeaux,1589,1014,802,381,57,185,0,13,29,5,2,1.1471293,28,15,89,12,61,12,17,147,24,37,22,33,20.52628449560849,0.02605694874074074,18
5209.0,Raphaël Adelino José Guerreiro,Lorient,2551,1593,1295,532,110,218,2,18,41,13,3,2.3781179511999997,75,50,68,13,48,13,61,150,45,53,16,28,17.763293689964556,0.04705079279595959,33
5219.0,Romain Saïss,Angers,3162,1689,1343,779,75,339,1,13,26,7,2,2.3011741323,28,19,131,11,81,11,47,191,134,70,54,32,22.070944036096225,0.037686813618095234,35
5476.0,Benjamin Pavard,Lille,649,292,222,126,13,53,0,4,4,1,0,0.263033598,5,2,26,5,16,5,21,32,19,12,13,5,19.80656010553073,0.02391214527272727,11
5477.0,Ousmane Dembélé,Rennes,1976,712,480,175,154,135,5,36,56,27,12,6.7403272358,138,79,60,7,25,7,14,101,4,32,5,37,18.466837938969284,0.14071031507133333,25
5480.0,Corentin Tolisso,Lyon,2676,1974,1679,611,87,296,5,30,62,12,5,4.6832472141,26,13,140,14,73,14,34,209,49,50,44,41,19.461248989259186,0.05561193827474746,33
5492.0,Samuel Yves Umtiti,Lyon,2730,1946,1704,907,17,441,0,2,16,1,1,1.764894615,12,9,78,10,43,10,35,192,153,53,25,32,23.62240766801887,0.04811899579555556,30
5615.0,Isaac Kiese Thelin,Bordeaux,321,68,42,18,7,2,0,1,6,1,0,0.831715981,3,0,23,1,4,1,1,9,1,6,7,2,13.636289414810602,0.10138940335714286,7
5653.0,Mouez Hassen,OGC Nice,1085,335,189,287,2,210,0,0,0,0,0,0.0,0,0,0,0,0,0,0,55,0,1,1,4,44.64216681621308,0.0,13
5656.0,Syam Ben Youssef,Caen,1504,508,368,302,14,173,1,3,6,3,3,1.897235769,5,3,80,9,51,9,29,68,122,34,24,10,26.471611715665226,0.10540198716666666,18
5667.0,Kamil Grosicki,Rennes,1574,651,415,150,164,107,3,23,52,24,9,4.4065556097,49,24,41,3,15,3,6,64,14,20,18,7,17.310712694949565,0.06763500802656248,32
5676.0,Cheikh N''Doye,Angers,2850,1136,759,401,85,136,2,24,71,15,9,6.920766968,28,12,173,16,62,16,24,157,91,52,85,52,17.864083332262307,0.08504572221848958,32
5692.0,Juan Fernando Quintero Paniagua,Rennes,827,613,488,190,83,129,2,12,16,5,1,0.7247189373999999,40,20,9,1,3,1,4,45,2,7,0,9,20.382443635173136,0.027367561183333333,12
5726.0,Khalid Boutaïb,Gazélec Ajaccio,1901,679,473,150,90,51,1,26,51,15,5,5.473105353,24,12,201,17,47,17,14,84,19,40,49,31,14.642436468276692,0.08930756565747125,29
5727.0,Nabil Dirar,AS Monaco,1565,751,500,219,149,138,8,20,21,10,2,2.302339887,44,21,85,13,38,13,18,112,12,31,37,32,18.525796023150725,0.07378024397083333,20
6284.0,Kolbeinn Sigþórsson,Nantes,1738,564,400,118,47,25,0,11,34,10,3,4.0056632884,30,20,148,6,19,6,5,57,37,28,41,32,13.490006021789245,0.10196834595705129,26
6335.0,Lamine Gassama,Lorient,2741,1583,1236,673,91,265,1,15,0,0,0,0.0,44,26,91,22,67,22,53,191,80,47,36,75,19.688325240545097,0.0,31
6352.0,Ricardo Domingos Barbosa Pereira,OGC Nice,2349,1687,1367,469,107,181,4,11,4,2,0,0.239910915,72,38,157,27,104,27,53,113,74,92,27,44,17.518431931585667,0.009227342884615384,26
6600.0,Claudio Beauvue,Lyon,1321,341,235,60,38,22,2,12,64,24,5,6.1024952339,16,8,76,1,11,1,3,42,7,15,18,24,14.878227107590215,0.08033334695322053,19
6648.0,Aïssa Mandi,Stade de Reims,2920,1393,1158,667,32,426,1,4,20,9,5,3.1976906734,8,7,106,9,49,9,45,145,193,61,24,24,25.578481648106372,0.0613832578484375,32
6661.0,Ryad Boudebouz,Montpellier,3328,2255,1602,734,499,604,11,107,54,10,2,3.1392134858999996,130,70,118,18,53,18,19,182,11,59,30,52,21.11400886741183,0.0519865082114035,38
6716.0,Sébastien Corchia,Lille,2680,1242,866,432,162,162,2,22,22,8,2,0.8299007905,41,20,124,11,75,11,38,116,78,88,36,61,18.05476548023495,0.017480407499999996,33
6723.0,Wissam Ben Yedder,Toulouse,2944,981,685,258,141,87,5,22,94,49,17,18.911515287,51,24,144,10,21,10,17,153,2,38,24,53,15.441883382530152,0.1865499982104762,35
6739.0,Diego Alejandro Rolan Silva,Bordeaux,2099,871,698,167,85,65,4,15,45,17,5,7.774437892,103,49,131,16,38,16,15,135,8,50,32,50,15.49405321706573,0.13443640459444445,30
6863.0,Mauro Wilney Arambarri Rosa,Bordeaux,156,71,56,17,3,11,0,1,2,0,0,0.186556496,2,1,5,0,2,0,2,14,1,2,7,0,18.742069531382693,0.046639124,4
6979.0,Stephan El Shaarawy,AS Monaco,675,279,232,44,20,16,0,7,28,10,0,1.8238802149,23,9,23,2,8,2,4,31,2,8,6,3,14.86972233437323,0.057801976981944427,12
6982.0,Maxime Gonalons,Lyon,2968,1929,1727,682,18,394,0,9,23,5,0,1.2729163510000001,31,24,172,24,106,24,57,210,68,71,56,64,21.734346498896517,0.02444597852525252,33
7130.0,Cheick Tidiane Diabaté,Bordeaux,1377,371,234,86,29,26,1,7,36,12,9,5.021301164,20,9,105,2,6,2,3,38,24,15,19,28,15.227915311790087,0.13460154965277776,18
7190.0,Denis Bouanga,Lorient,198,45,27,11,7,4,0,3,7,1,1,0.4148048849999998,5,2,6,2,3,2,3,10,1,6,3,3,14.116399761398478,0.034723857999999934,3
7193.0,Paul Bernardoni,"Bordeaux, Troyes",1897,674,329,627,7,516,0,1,0,0,0,0.0,0,0,0,0,0,0,0,118,1,0,0,3,50.107859799627555,0.0,21
7197.0,Steven Moreira,Rennes,1270,775,582,276,54,94,0,9,2,0,0,0.031993478,15,5,46,6,27,6,26,79,23,30,15,5,16.947995543972922,0.001999592375,16
7198.0,Franck Honorat,OGC Nice,132,54,29,8,9,4,0,2,2,2,0,0.08587956199999999,7,0,7,0,1,0,0,4,2,0,6,1,16.757912553649945,0.014313260333333333,6
7199.0,Vincent Le Goff,Lorient,1828,1241,1010,516,41,173,0,9,7,3,0,0.3429588316,17,13,70,5,34,5,29,104,48,62,21,15,19.825514253915063,0.011902000540740741,27
7200.0,Fabien Lemoine,Saint-Étienne,2396,1576,1316,519,67,265,1,14,19,3,0,0.4460032679999998,38,16,119,19,78,19,25,158,33,60,59,31,19.941311510030644,0.009110386688172038,31
7207.0,Férébory Doré,Angers,624,192,146,53,17,10,0,5,11,1,0,0.9501574639999999,39,23,21,2,6,2,9,39,7,11,23,11,15.3980990166209,0.0441411565185185,9
7211.0,Zargo Touré,Lorient,2601,1084,941,489,23,195,0,2,11,6,4,0.7019949409999999,9,7,83,9,30,9,34,113,177,59,21,14,20.724049447648017,0.014867889666666665,29
7212.0,Mohamed Saïd Benrahma,"Angers, OGC Nice",460,157,114,41,23,22,0,6,11,6,3,0.446087528,25,11,26,7,19,7,9,26,1,9,13,5,16.517641527349873,0.0197990436,20
7225.0,Aldo Kalulu Kyatengwa,Lyon,169,50,40,6,11,4,0,1,2,1,1,1.01307572,8,2,6,0,1,0,2,9,1,3,1,2,12.650683805408649,0.16884595333333333,6
7230.0,Grégory Bourillon,Angers,527,227,164,119,7,45,0,2,3,1,1,0.10239244400000001,2,1,42,9,25,9,6,22,17,18,10,6,21.246629443067114,0.012799055500000002,8
7237.0,Chaker Alhadhur,Caen,805,397,322,155,15,34,0,4,1,0,0,0.043410834,6,4,62,8,39,8,28,44,12,29,16,8,17.111007535355135,0.0043410834,10
7269.0,Nicolas Douchez,Paris Saint-Germain,91,33,30,19,0,8,0,0,0,0,0,0.0,0,0,0,0,0,0,0,4,0,0,0,0,24.984970287243275,0.0,1
7282.0,Jean-Louis Leca,Bastia,2893,1137,560,1045,8,922,0,0,0,0,0,0.0,0,0,0,0,0,0,0,179,1,1,1,8,52.46844995109212,0.0,33
7283.0,Thiago Xavier Rodrigues Corrêa,Troyes,1069,447,347,172,7,85,0,2,13,5,2,1.839662152,4,2,73,9,38,9,16,57,67,39,32,12,21.255588546044653,0.07780406607777778,15
7301.0,Lossémy Karaboué,Troyes,2313,1440,1142,456,118,202,2,26,24,6,0,1.0910961593,62,34,78,9,39,9,31,178,47,40,27,43,18.61195130935776,0.015957459026666662,30
7303.0,Lenny Nangis,"Lille, Caen",520,152,95,37,29,22,2,2,10,3,0,0.36465313329999993,18,8,30,3,16,3,8,28,4,13,17,4,19.060041687633003,0.021120045220833324,12
7308.0,Laurent Dos Santos,Guingamp,609,266,171,152,19,59,0,2,1,1,0,0.0068257097,7,5,31,5,21,5,10,21,28,13,7,3,25.147417886012942,0.0008532137125,8
7322.0,Romain Del Castillo,Lyon,27,10,7,2,1,1,0,0,1,0,0,0.09458613,2,2,1,0,0,0,0,2,0,0,1,0,14.46955825581872,0.09458613,1
7323.0,Olivier Boscagli,OGC Nice,800,527,437,218,16,116,0,2,2,1,1,0.343099818,5,3,30,5,21,5,11,27,53,16,10,19,21.350699565135855,0.015595446272727272,11
7336.0,Jimmy Cabot,"Lorient, Troyes",1507,747,530,198,116,112,3,24,31,15,4,2.267133443,101,47,71,12,43,12,15,131,1,39,22,23,17.78683045414199,0.04632479560185185,27
7337.0,Mohamed Lamine Yattara,Angers,961,269,180,48,27,16,1,4,19,5,2,1.3710595032,35,15,69,3,16,3,4,42,4,16,28,17,13.91836774005728,0.03580750412631578,19
7338.0,Romain Philippoteaux,Lorient,1430,593,413,156,72,73,3,11,14,4,0,0.46799013899999997,70,37,35,5,23,5,17,86,9,25,29,14,17.87684605987955,0.013771313785714287,28
7344.0,Jordan Adéoti,Caen,1710,606,461,263,16,134,0,3,8,3,0,0.671281624,22,11,81,9,58,9,28,126,52,53,29,23,20.958895347679864,0.021694155620689656,29
7346.0,Lindsay Rose,"Lorient, Lyon",1008,462,366,224,7,110,0,1,6,4,0,0.41620764,5,3,44,3,19,3,14,42,71,25,14,7,23.78003208082879,0.03783705818181818,11
7347.0,Pierre-Yves Polomat,Saint-Étienne,926,546,413,214,38,102,0,6,5,1,0,0.19198509260000002,10,4,49,3,33,3,21,59,35,29,13,12,20.564992743811896,0.014768084046153847,13
7349.0,Gaël Danic,Bastia,2733,1233,752,433,264,374,3,46,41,21,5,3.7210177017999997,65,38,105,6,51,6,22,152,10,60,39,32,24.189782238599168,0.057401138111851845,36
7350.0,Birama Touré,Nantes,1843,979,770,435,53,244,2,10,14,3,0,0.3290749004999999,13,9,82,14,44,14,36,161,36,59,29,26,22.40642951125852,0.011756204923913039,23
7355.0,Olivier Michel Kemen,Lyon,109,77,65,19,0,12,0,1,0,0,0,0.0,0,0,1,0,0,0,4,1,1,0,3,3,19.049327957662342,0.0,2
7363.0,Diego Rigonato Rodrigues,Stade de Reims,1480,728,447,264,166,190,3,25,36,8,3,2.8821764313,34,13,71,10,37,10,16,75,17,29,40,41,21.735614713013057,0.061549986087971006,23
7365.0,Rémi Mulumba,Lorient,163,96,78,31,2,13,0,0,4,2,0,0.25609170400000003,0,0,4,0,2,0,3,18,3,6,12,6,16.552136789963523,0.026329089833333333,6
7367.0,Grejohn Kyei,Stade de Reims,754,161,109,29,20,17,2,6,20,8,3,3.654976385,26,20,48,0,8,0,2,25,4,7,20,14,14.304060961073919,0.123780607875,16
7369.0,Aly Ndom,Stade de Reims,351,177,142,51,9,26,0,5,4,1,0,0.23734676999999998,7,7,15,0,7,0,4,21,8,7,7,4,17.451510839989343,0.03390668142857143,7
7375.0,Theoson Jordan Siebatcheu,Stade de Reims,901,229,157,43,26,10,1,6,29,8,3,3.180986468,27,13,79,8,22,8,3,50,3,18,30,8,14.11347463516035,0.08561591460000001,25
7376.0,Yoann Court,Troyes,977,382,271,87,67,68,0,12,22,7,0,1.7833540371,35,23,44,9,27,9,10,53,6,37,21,27,17.609810238400545,0.031017271801449274,23
7389.0,Amos Youga,Gazélec Ajaccio,1147,553,385,234,54,129,1,9,13,1,0,0.4645171858,15,11,48,5,25,5,12,95,20,27,41,16,23.41934780838173,0.021044977325000002,16
7392.0,Pape Abdou Paye,Lorient,698,370,286,142,28,69,0,3,2,1,0,0.045223396,5,1,27,4,21,4,9,19,29,22,9,16,19.55174543825526,0.0045223395999999996,10
7406.0,Julien Bègue,Guingamp,50,17,8,4,5,0,0,0,2,1,0,0.481059667,4,3,1,0,0,0,0,6,0,1,1,2,12.231818490241336,0.08017661116666668,3
7415.0,Jessy Pi,Troyes,3170,1660,1317,677,78,518,0,26,54,16,3,1.7908639616999997,59,39,134,21,93,21,59,237,57,84,36,13,24.86171697978851,0.028752749655555552,36
7428.0,Alexandre Coeff,Gazélec Ajaccio,1954,1147,842,545,89,283,1,17,8,2,0,0.18409109270000001,12,8,92,14,66,14,48,102,63,46,26,14,22.825525759517404,0.008003960552173913,23
7430.0,Kévin Mayi,Gazélec Ajaccio,980,276,183,56,38,13,1,5,30,11,3,2.682153048,31,9,38,7,19,7,7,54,6,17,14,10,14.98789002728401,0.06289206939015152,22
7432.0,Valentin Lavigne,Lorient,166,59,35,11,9,5,0,0,2,1,0,0.11412492799999999,9,3,5,1,1,1,2,7,0,4,5,5,17.30543206194908,0.01902082133333333,6
7435.0,Anthony Weber,Stade de Reims,1653,782,660,386,13,219,0,3,5,2,1,0.46269880399999996,8,7,67,3,29,3,27,53,97,44,12,17,24.557677213616007,0.024352568631578947,19
7438.0,Hassane Kamara,Stade de Reims,36,8,6,1,1,1,0,0,1,0,0,0.0051285247,0,0,2,0,1,0,0,3,0,0,1,1,16.40744507004893,0.00256426235,2
7441.0,Marvin Martin,Lille,438,226,175,100,30,49,1,6,5,1,0,0.236590821,11,9,29,4,13,4,5,38,3,9,6,11,20.764782116386055,0.0236590821,10
7442.0,Jérémy Clément,Saint-Étienne,2261,1310,1124,419,21,137,1,9,1,0,0,0.02307499,9,4,116,21,85,21,34,110,51,55,50,17,18.376745369448642,0.0008874996153846154,26
7443.0,Nolan Mbemba,Lille,66,33,30,8,1,5,0,1,0,0,0,0.0,1,1,1,0,1,0,2,3,0,0,2,2,17.44999867934243,0.0,1
7444.0,Alaeddine Yahia,Caen,2243,727,528,397,36,213,0,4,16,5,1,1.68735212,3,1,99,6,36,6,16,93,178,48,34,38,26.101449086575563,0.05514944173076922,26
7469.0,Salvatore Sirigu,Paris Saint-Germain,228,93,78,65,1,40,0,0,0,0,0,0.0,0,0,0,0,0,0,0,10,0,0,0,0,32.05111910901072,0.0,3
7472.0,Nicolas Alexis Julio N'Koulou Ndoubena,Marseille,2995,1646,1450,554,20,379,0,1,12,1,0,0.9184606829999999,17,10,128,16,62,16,59,192,182,56,34,31,23.599978457114677,0.0234557925,33
7483.0,Mana Dembélé,Guingamp,447,101,57,21,12,6,0,3,14,3,0,1.293457216,4,1,38,2,7,2,0,9,2,9,15,6,14.910785057735467,0.0629790007121212,11
7485.0,Djamel Bakar,Montpellier,207,61,43,9,10,4,0,3,6,3,0,0.481842567,4,2,9,0,0,0,0,8,1,4,4,0,14.960579020133125,0.0752852117,5
7488.0,Thomas Ayasse,Troyes,1024,550,419,191,22,112,0,4,11,4,1,0.565407592,5,3,74,5,41,5,17,54,46,28,29,11,20.27227716366894,0.029948993153846155,13
7498.0,Mickaël Tacalfred,Stade de Reims,1192,597,491,291,23,173,0,2,4,1,0,0.20033757570000002,5,3,57,4,30,4,22,54,52,23,19,8,24.282910086658823,0.012908277656666666,15
7509.0,Geoffrey Jourdren,Montpellier,630,229,121,213,1,182,0,0,0,0,0,0.0,0,0,0,0,0,0,0,43,0,2,1,1,51.05030000933041,0.0,7
7510.0,Zakarie Labidi,Lyon,27,9,6,2,0,0,0,0,2,1,0,0.20913061700000002,0,0,1,0,1,0,0,0,0,0,0,0,10.675243674300404,0.10456530850000001,2
7515.0,Jules Goda,Gazélec Ajaccio,225,92,58,79,0,63,0,0,0,0,0,0.0,0,0,0,0,0,0,0,22,0,0,0,1,45.399625516776496,0.0,3
7525.0,Gaëtan Perrin,Lyon,25,5,5,1,1,0,0,1,1,0,0,0.17113394,0,0,0,0,0,0,0,1,0,0,0,1,9.59849494947981,0.17113394,1
7552.0,Clément Chantôme,Bordeaux,2198,1529,1347,435,27,236,0,12,14,2,1,0.975123052,16,10,109,19,67,19,31,148,53,42,39,52,19.230144952014804,0.0297877023,25
7560.0,Jonathan Brison,Saint-Étienne,452,260,205,113,20,40,0,2,1,0,0,0.005670615,4,2,28,3,15,3,6,22,15,8,9,12,19.269398305789036,0.0009451025,6
7567.0,Maxime Barthelmé,Lorient,1274,657,466,189,119,109,4,24,20,7,0,1.4009503469999998,59,25,57,13,30,13,13,90,10,25,23,27,17.219970803432307,0.03927737272101448,23
7590.0,Joris Marveaux,Montpellier,447,273,219,108,6,47,0,0,4,2,1,0.52557438,4,3,25,2,15,2,2,25,10,11,7,5,20.220786803507135,0.04221176944444445,9
7595.0,Dorian Caddy,OGC Nice,240,68,51,8,7,5,0,0,8,3,0,1.6958665259999999,6,3,15,3,7,3,2,3,4,5,6,0,18.61613930890045,0.1215853478,5
7603.0,Jérémie Bréchet,Gazélec Ajaccio,1865,845,704,439,17,231,0,1,1,0,0,0.012659233,2,2,50,5,31,5,28,75,91,31,10,14,24.72973879445365,0.0005754196818181819,22
7607.0,Abdoulaye Keita,Bastia,32,19,12,6,2,4,0,0,0,0,0,0.0,3,1,1,0,0,0,1,3,1,0,0,0,24.079218895748756,0.0,2
7615.0,Abdul Majeed Waris,Lorient,1700,379,291,53,43,8,3,14,55,25,11,10.1675502006,47,23,62,6,13,6,3,59,2,9,19,42,12.480541659789893,0.1755014098642857,21
7616.0,Arnold Mvuemba,Lyon,289,275,253,77,7,48,0,3,4,1,0,0.1447190549999998,1,1,9,1,7,1,1,21,1,4,6,2,20.140869585327266,0.01447190549999996,5
7635.0,Gaëtan Charbonnier,Stade de Reims,1288,572,405,158,75,65,1,18,22,9,4,1.7813018868,47,21,90,5,21,5,12,86,7,28,23,22,17.50683034182111,0.03531939959444444,21
7638.0,Gautier Lloris,OGC Nice,64,47,42,13,0,11,0,0,0,0,0,0.0,0,0,1,0,0,0,3,2,5,1,2,0,18.29870751382564,0.0,1
7641.0,Johann Carrasso,Stade de Reims,913,271,131,254,2,213,0,0,0,0,0,0.0,0,0,0,0,0,0,0,35,0,0,2,2,49.39427751480322,0.0,10
7685.0,Mory Koné,Troyes,245,119,101,58,0,34,1,0,0,0,0,0.0,1,1,8,1,5,1,1,8,6,4,1,1,24.96693772550404,0.0,3
7707.0,François Clerc,Saint-Étienne,886,544,404,255,37,90,1,6,5,1,0,0.12199701049999999,6,5,43,3,28,3,8,40,35,18,5,5,20.41226480145316,0.009069321125,10
7721.0,John Tshibumbu,Gazélec Ajaccio,1083,303,199,63,29,24,0,6,32,8,3,3.78778707,9,4,79,3,14,3,6,48,2,18,25,26,14.779500481587258,0.08401870029583333,20
7726.0,Jeff Louis,Caen,715,185,142,44,16,21,0,6,19,5,1,1.6752760538,22,14,24,5,9,5,3,41,7,15,20,22,16.894225291073543,0.04440414642239582,16
7766.0,Walid Mesloub,Lorient,2176,1657,1320,575,160,393,4,60,22,8,1,0.9441201239999997,45,26,66,11,36,11,12,142,19,32,35,37,21.99781619141695,0.01875845594827585,29
7791.0,Seko Fofana,Bastia,2288,1131,970,280,38,166,2,13,33,8,1,1.8339390181000002,73,42,72,18,38,18,24,185,21,43,48,37,18.572115413500484,0.0341711537860215,31
7808.0,Roderic Filippi,Gazélec Ajaccio,1936,782,620,375,17,249,0,4,15,4,2,1.1057262659999998,3,3,110,12,57,12,52,93,143,40,30,28,26.32082067672627,0.03299770466666666,24
7815.0,Antoine Devaux,Stade de Reims,2868,1398,1130,457,71,201,1,20,23,9,1,1.939471843,23,19,140,23,81,23,33,203,38,66,54,39,18.827522664537284,0.03785244643939394,33
7817.0,Frédéric Bulot,Stade de Reims,1031,518,386,125,69,75,0,12,19,7,1,0.979801512,18,12,28,2,10,2,4,55,4,13,7,14,17.014913548370302,0.04745728243333333,15
7857.0,Brice Dja Djédjé,Marseille,1522,1151,928,377,77,156,0,7,10,4,0,0.4230905993,29,16,41,8,21,8,24,98,35,24,23,32,17.88234718903608,0.012957182094736841,19
8277.0,Wallace Fortuna dos Santos,AS Monaco,2280,995,762,545,22,281,0,3,13,5,1,0.9859605334,5,5,61,8,28,8,34,105,126,51,37,15,25.943781148187213,0.030241852438461538,26
8385.0,Ludovic Lamine Sané,Bordeaux,930,517,432,221,11,93,0,2,3,1,0,0.137039158,2,2,35,4,21,4,11,53,46,16,9,8,21.303048609062834,0.011419929833333333,12
8469.0,Jean-Christophe Bahebeck,Saint-Étienne,777,268,171,64,62,44,0,8,27,6,1,2.9816861247,25,13,41,3,19,3,5,44,7,22,13,10,17.26661314840903,0.08830049831555555,15
8510.0,Jean-Kévin Augustin,Paris Saint-Germain,443,105,91,8,7,7,0,2,9,5,1,1.469670231,15,6,12,3,4,3,4,16,5,10,7,7,15.046971086247435,0.12767593845454545,11
8515.0,Benjamin Stambouli,Paris Saint-Germain,1469,1310,1201,318,16,128,0,5,3,0,0,0.33098133799999996,11,3,77,16,51,16,30,90,21,46,20,20,16.986601100031734,0.013790889083333332,24
8572.0,Karim Rekik,Marseille,2080,1343,1218,522,19,213,1,6,5,1,1,0.478671449,4,3,77,7,36,7,26,107,95,45,21,29,21.413039283737373,0.015455772145833333,24
8672.0,Gélson da Conceição Tavares Fernandes,Rennes,2982,1564,1377,354,16,127,1,8,9,2,1,0.928869835,16,12,165,32,129,32,35,179,39,83,70,22,17.05631266321379,0.019620943621212122,33
8677.0,Marcel Tisserand,Toulouse,2890,1340,1008,574,85,326,0,14,10,5,1,1.287945523,25,11,131,10,77,10,40,167,183,63,45,24,23.53020183718322,0.03336718466666666,33
8981.0,Antoine Rabillard,Marseille,88,20,13,5,3,2,0,0,3,2,1,0.952378216,4,2,9,0,1,0,0,8,0,2,5,1,19.402324447935253,0.17030537433333334,3
9102.0,Serhou Guirassy,Lille,307,101,63,17,16,1,0,2,5,3,0,0.5507218559999999,0,0,16,0,0,0,0,5,8,5,8,8,11.865398297508998,0.05226577049999998,6
9554.0,Steven Fletcher,Marseille,773,262,188,71,28,23,2,11,19,7,2,2.735807509,14,8,56,1,8,1,3,22,8,15,16,16,15.031874755454261,0.08190560213749999,12
9897.0,Kévin Soni,Bordeaux,90,24,17,8,2,1,0,0,1,0,0,0.00997543,1,0,8,0,4,0,1,3,2,0,6,1,13.305956753578933,0.004987715,2
9931.0,Hélder Wander Sousa Azevedo Costa,AS Monaco,1315,357,241,77,64,40,2,11,24,9,3,3.5457455369999997,47,17,90,12,30,12,14,75,11,40,33,33,17.274659510463383,0.10820441992391303,23
10036.0,Jacques-Alaixys Romao,Marseille,1286,833,703,266,28,107,1,6,9,3,1,0.47856353799999996,9,5,75,7,54,7,30,81,32,29,36,24,18.4695740755698,0.018286030727272726,22
10330.0,Gadji Celi Carmen Junior Tallo,Lille,1145,319,250,49,35,22,2,7,35,8,0,2.5246846716999998,35,23,93,4,6,4,2,61,10,16,39,20,14.786794785980119,0.05151381696468253,21
10448.0,Adam Ounas,Bordeaux,1249,465,323,116,82,71,1,20,44,21,5,3.6227439773,65,36,61,9,33,9,11,94,5,29,24,28,18.689877201539154,0.10538442360916664,20
10461.0,Alexis Alégué Elandi,Nantes,97,22,16,3,2,3,0,1,3,2,1,0.580320793,2,1,2,0,1,0,0,4,1,2,2,1,12.457208715813474,0.10050306599999997,3
10522.0,Mehdi Mostefa Sbaa,"Bastia, Lorient",1948,964,752,383,27,212,0,10,9,1,0,0.2378846392,11,4,74,9,40,9,22,86,47,44,41,17,21.451432418570853,0.006939320203999999,25
10616.0,Mohamed Larbi,Gazélec Ajaccio,2240,1123,845,303,150,183,3,42,42,18,8,4.1007459197,58,32,87,14,42,14,12,164,13,35,23,17,19.167557233820197,0.08359328346666665,29
10746.0,Ermir Lenjani,"Nantes, Rennes",1511,668,428,281,132,183,1,24,21,5,1,1.391125735,17,8,45,4,18,4,9,74,32,29,24,24,22.20412563691187,0.04262397221428571,21
10805.0,Ricardo Alberto Silveira de Carvalho,AS Monaco,2931,1419,1248,658,12,310,0,3,8,5,2,0.637028036,2,2,99,7,47,7,40,105,140,69,26,16,22.61268552564382,0.01798993165151515,33
10936.0,Lorik Agim Cana,Nantes,1766,763,601,388,28,256,0,2,9,1,0,0.400955827,6,4,74,9,27,9,20,76,120,38,24,10,25.94643282222443,0.01909313461904762,21
10977.0,Jérémy Livolant,Guingamp,13,3,3,1,1,0,0,1,0,0,0,0.0,1,0,1,0,1,0,0,1,0,0,0,0,19.395093318466035,0.0,1
11332.0,Ibrahim Amadou,Lille,1705,848,692,298,25,161,0,5,13,3,1,1.0679665736000001,12,6,104,8,57,8,29,90,64,42,28,14,20.711487878016605,0.04019323422333333,20
11540.0,Óscar Guido Trejo,Toulouse,2229,1301,929,393,229,206,4,50,43,12,4,3.1683144601,100,56,137,27,75,27,17,192,7,33,58,63,17.52731772912677,0.040984192194141414,33
11603.0,Mario Pašalić,AS Monaco,1027,441,346,123,26,52,0,7,20,7,3,2.334891516,15,11,56,4,16,4,12,49,11,25,18,3,18.032335425071892,0.10014667946875,16
12351.0,Alejandro Bedoya,Nantes,2103,903,722,195,93,84,3,23,46,18,3,5.3722539949999994,19,11,116,8,39,8,15,97,24,37,51,18,16.54924324783557,0.07832635129166665,28
13286.0,Lamine Koné,Lorient,1566,647,531,290,13,158,0,2,11,3,0,0.828313179,10,6,35,6,17,6,22,80,98,19,14,15,24.5098162070006,0.037367327916666665,18
13592.0,Alexandre Raineau,Caen,323,183,138,82,8,17,0,1,0,0,0,0.0,4,1,23,4,18,4,5,15,27,7,8,5,16.748848819301255,0.0,5
13634.0,Stéphane Sparagna,Marseille,242,181,154,58,7,45,0,0,3,0,0,0.29665990600000003,2,2,17,3,14,3,1,16,14,2,6,1,23.064329785927402,0.0404362422,5
13730.0,Matthieu Saunier,Troyes,2325,1039,884,567,13,346,0,3,8,1,0,0.7586661749999999,12,10,99,14,52,14,40,157,157,63,18,14,26.5338429440106,0.022484466423076922,26
13731.0,Eddy Maanane,Stade de Reims,18,4,2,1,0,1,0,0,0,0,0,0.0,0,0,2,0,0,0,0,0,1,0,0,0,16.19864434250204,0.0,1
15296.0,Romain Alessandrini,Marseille,1245,559,373,155,138,94,4,13,58,19,5,4.1722078441,73,25,45,6,19,6,11,81,4,25,15,28,18.18269547054706,0.06403657008257575,22
15689.0,Floyd Ayité,Bastia,2603,843,616,205,100,108,2,29,69,18,7,5.6761424556,82,38,195,15,33,15,11,132,8,52,55,60,17.041441398168534,0.0715207163548387,31
15796.0,Babacar Gueye,Troyes,621,181,135,27,16,13,2,6,14,5,1,1.704516195,4,1,35,2,3,2,0,19,7,12,9,6,13.90656192787289,0.06348044719696967,11
15996.0,Éderzito António Macedo Lopes,Lille,1108,327,237,55,20,16,4,4,31,19,6,4.012670844,20,12,100,1,4,1,4,23,13,19,26,38,13.491094772066374,0.1318940173076923,13
16014.0,Jean Pierre Nsamé,Angers,68,22,15,1,0,0,0,0,1,0,0,0.02464052,1,1,0,0,0,0,0,4,1,0,4,1,11.169016427077464,0.00616013,4
16056.0,Niklas Hult,OGC Nice,817,445,342,108,40,42,0,8,5,2,1,0.8764488450000001,11,4,49,6,33,6,20,47,16,16,17,12,16.515807568364373,0.04198143519230769,13
16271.0,Florian Raspentino,Bastia,533,121,77,18,12,8,0,1,8,2,1,1.157838101,7,2,48,1,5,1,4,18,4,11,14,5,16.104743642399068,0.07111551877272727,11
16418.0,Adrien Regattin,Toulouse,1543,942,633,290,213,263,3,35,33,12,1,0.9897005804,57,21,62,9,29,9,19,121,11,32,24,53,21.720883175363102,0.015708007914784942,31
16430.0,Uroš Spajić,Toulouse,1086,438,346,229,3,113,0,0,5,0,0,0.712453757,2,1,43,3,18,3,13,26,66,20,17,13,24.62461122604189,0.054804135153846155,13
16462.0,Hatem Ben Arfa,OGC Nice,2894,1416,1060,345,233,263,6,28,92,35,17,9.7872249895,189,115,56,5,17,5,7,141,5,29,31,53,19.311691106145823,0.08494237357450977,34
16503.0,Pedro Henrique Konzen Medina da Silva,Rennes,1219,423,290,91,63,72,1,11,37,10,3,3.8961184082,32,14,59,4,28,4,16,49,10,30,41,32,19.637507247974263,0.09964899404924242,22
16522.0,Tongo Hamed Doumbia,Toulouse,1931,983,821,274,54,93,1,12,32,14,1,3.431311861,26,18,135,20,58,20,22,143,30,47,45,41,17.171073477278668,0.06643480847,25
17617.0,Christopher Maboulou,Bastia,246,60,39,18,5,5,0,2,3,0,0,0.213571822,4,1,23,3,5,3,2,10,3,6,4,6,13.071274669409132,0.030510260285714286,7
18162.0,Chris Mavinga,Troyes,1514,658,523,248,39,88,0,6,9,1,0,0.7703624941999999,18,13,52,4,34,4,21,47,66,41,24,12,19.380861619272622,0.03561990994035087,19
18243.0,Ivan Ricardo Neves Abreu Cavaleiro,AS Monaco,507,154,113,24,26,18,0,5,12,3,1,1.6036714815,19,6,28,1,15,1,3,27,1,10,13,9,15.59540802895436,0.060369641916666654,9
18783.0,Omenuke Mfulu,Stade de Reims,385,212,171,79,6,27,0,3,4,0,0,0.15228952,7,5,19,2,12,2,4,25,9,11,9,7,17.894112787176248,0.007210821000000001,10
18868.0,Mathieu Valbuena,Lyon,1869,1319,1033,345,267,252,5,65,41,14,1,2.5385898013999997,56,38,79,12,25,12,4,104,2,26,31,58,18.620427021029197,0.053165732866666655,26
18874.0,Mauricio Aníbal Isla Isla,Marseille,1845,1246,1045,468,63,183,1,18,8,4,2,0.912109442,10,9,94,21,59,21,31,109,25,37,18,21,18.463639980127134,0.0369400895942029,23
18921.0,Joris Gnagnon,Rennes,215,82,70,24,3,13,0,1,3,1,0,0.075424141,1,0,10,3,6,3,3,9,7,1,4,4,18.437032615055564,0.00502827606666666,5
18953.0,Vágner Silva de Souza,AS Monaco,793,201,139,41,20,21,0,7,25,13,4,7.539128626,30,9,49,1,11,1,1,39,14,19,9,9,15.802480504427526,0.2160278783888889,12
19047.0,Fábio Alexandre da Silva Coentrão,AS Monaco,1116,702,523,271,76,125,2,9,10,4,3,0.761955589,21,11,51,6,24,6,14,57,25,31,19,24,20.005977459351406,0.04801319293333333,15
19395.0,Marvin Gakpa,Lorient,51,38,31,13,0,8,0,1,1,1,0,0.01204063,3,3,3,1,3,1,1,3,0,2,0,2,20.00505644957809,0.004013543333333334,3
19813.0,Rolando Jorge Pires da Fonseca,Marseille,1664,925,800,407,6,239,0,2,7,2,1,0.638590141,5,2,58,7,29,7,37,74,89,31,17,15,24.87241567156281,0.03080402105263158,19
20027.0,Mevlüt Erdinç,Guingamp,887,170,123,23,22,11,0,4,18,7,4,2.876995114,11,3,42,0,1,0,4,16,5,11,8,11,12.752947920647623,0.11476280548666666,15
20039.0,Anthony Martial,AS Monaco,209,59,43,8,9,1,1,3,1,0,0,0.5783524,7,4,12,0,2,0,0,7,2,3,1,4,12.700188438044805,0.19278413333333333,3
20048.0,Gregory van der Wiel,Paris Saint-Germain,1410,1113,962,220,58,114,3,10,8,4,2,1.151667199,16,7,51,6,39,6,30,73,23,27,18,13,16.768425079113896,0.03843317247058824,17
20199.0,Lars Christian Jacobsen,Guingamp,2791,1187,862,548,82,201,2,12,3,1,0,0.11938527,15,5,73,6,42,6,20,75,78,52,19,17,20.277155529153326,0.0037307896875,32
21792.0,Robin Maulun,Bordeaux,53,41,35,11,5,6,0,1,1,0,0,0.025926275,1,1,5,0,5,0,0,6,0,2,1,0,17.181105172713796,0.025926275,1
22111.0,Dennis Appiah,Caen,3493,1551,1038,775,167,251,1,29,10,4,1,0.6953719209999999,67,30,194,25,140,25,58,187,114,107,39,13,19.99602079227041,0.016219877223684207,38
22130.0,Mauro Daniel Goicoechea Furia,Toulouse,740,246,118,233,1,185,0,0,0,0,0,0.0,0,0,0,0,0,0,0,37,0,0,1,2,50.90266138381394,0.0,9
22587.0,Didier Ndong Ibrahim,Lorient,3111,1757,1523,422,45,266,0,10,33,7,2,1.6210633846,60,34,191,19,105,19,51,201,54,66,80,43,19.366713076278295,0.028996075145588232,34
23203.0,Stopilla Sunzu,Lille,935,412,332,167,11,96,0,2,10,2,1,0.5672449479999999,1,0,62,7,33,7,15,29,70,14,22,6,23.988514366556146,0.023658772319444434,12
23315.0,Yohan Mollo,Saint-Étienne,21,10,7,6,2,2,0,0,1,0,0,0.017318629,0,0,0,0,0,0,1,1,0,1,0,1,22.390750384512735,0.017318629,1
23329.0,Abdelhamid El Kaoutari,Stade de Reims,644,309,239,151,13,71,0,2,2,0,0,0.097518619,4,2,25,2,12,2,6,31,32,13,6,8,22.971938226889403,0.013931231285714286,7
23761.0,Alhassane Bangoura,Stade de Reims,440,159,112,31,37,14,1,7,16,4,1,1.1057219765,28,14,18,3,8,3,3,35,0,7,11,4,15.834515447180388,0.04401750673333333,10
23784.0,Nill De Pauw,Guingamp,363,141,88,43,16,28,0,3,9,3,0,0.288404121,4,2,17,3,8,3,5,24,7,8,8,2,16.085486937468527,0.028148308666666663,9
23835.0,Yaw Yeboah,Lille,103,41,27,12,7,7,0,2,0,0,0,0.0,4,2,4,0,0,0,1,5,0,2,2,1,24.40848003832825,0.0,3
23850.0,Mathieu Peybernes,Bastia,2068,782,559,366,21,241,0,0,0,0,0,0.0,10,6,79,13,49,13,43,95,118,48,12,34,26.172988762481314,0.0,25
23933.0,Abdelaziz Barrada,Marseille,1480,1051,775,312,220,241,6,56,26,7,1,3.6303918044000003,30,20,65,11,38,11,16,80,15,25,26,28,20.209715580021683,0.074786348875,24
24021.0,Paul Nardi,AS Monaco,179,44,36,29,0,23,0,0,0,0,0,0.0,0,0,0,0,0,0,0,5,0,0,0,0,33.82835521772854,0.0,2
24469.0,Jesper Hansen,Bastia,310,114,47,106,2,88,0,0,0,0,0,0.0,0,0,0,0,0,0,0,14,0,0,0,0,51.19973433231812,0.0,4
24646.0,Rafidine Abdullah,Lorient,587,413,349,128,9,69,0,5,6,2,1,0.215261884,14,8,36,3,25,3,14,38,13,16,26,4,19.028304376781403,0.013505843333333328,11
25199.0,Lucas Silva Borges,Marseille,1055,747,625,273,35,130,0,9,12,1,0,0.491567809,20,12,44,6,27,6,6,70,14,24,22,6,20.458526339153476,0.02076361905263158,19
25377.0,Rémy Riou,Nantes,2825,1054,662,967,11,790,0,2,0,0,0,0.0,0,0,0,0,0,0,0,179,2,2,1,5,47.7158669029239,0.0,31
26481.0,Sébastien Squillaci,Bastia,2599,836,690,395,10,193,1,2,11,5,2,1.384402761,1,1,81,6,46,6,22,67,212,50,17,19,23.108880522365663,0.03153392649444444,30
26613.0,Maxwell Scherrer Cabelino Andrade,Paris Saint-Germain,2167,1714,1535,401,94,151,3,22,10,5,3,1.092991877,25,13,64,14,44,14,22,90,39,36,14,11,17.11489486134382,0.039184177611111114,27
26752.0,Mouhamadou Dabo,Troyes,1073,531,433,181,24,79,0,4,6,1,0,0.15742573199999998,17,14,44,2,25,2,12,67,44,27,17,13,18.504999132551916,0.00722048782222222,15
26775.0,Thievy Guivane Bifouma Koulossa,Stade de Reims,968,272,189,41,52,13,1,8,18,8,4,3.351390091,33,15,73,4,12,4,2,71,1,14,20,19,13.080425693916728,0.15930288558333333,14
27014.0,Deniz Hümmet,Troyes,148,32,22,8,3,2,0,2,1,1,0,0.055601783,1,0,11,0,1,0,1,2,0,4,4,0,14.214021178966204,0.01390044575,4
27558.0,Elderson Uwa Echiejile,AS Monaco,1601,880,633,369,75,155,1,8,6,1,0,0.48716382799999997,23,15,74,11,45,11,16,87,57,44,28,16,20.068909399181344,0.02706465711111111,18
28357.0,Thomas Vincensini,Bastia,124,47,18,45,1,42,0,0,0,0,0,0.0,0,0,0,0,0,0,0,10,0,0,0,1,59.64954176797666,0.0,2
29057.0,Renato Civelli,Lille,2820,1269,905,714,48,407,0,5,17,1,0,1.887179013,7,7,102,12,47,12,36,142,149,60,30,26,26.336190575744855,0.041586182557291664,32
29133.0,Brayan Andrés Perea Vargas,Troyes,535,132,90,19,11,4,0,3,6,2,0,0.8303618039999999,10,5,50,0,4,0,0,13,7,8,24,9,12.574249467694033,0.038707776166666666,12
29714.0,Yacouba Sylla,Rennes,1537,887,732,293,33,225,1,8,11,4,0,0.4381007158,28,22,81,11,49,11,21,116,42,28,39,21,22.88549623653487,0.01722022149,20
29875.0,Axel Ngando,Bastia,1216,532,426,157,44,70,1,15,14,4,2,1.6631719550000001,30,23,70,5,29,5,11,71,6,21,28,28,17.815217671065504,0.06987572341666667,20
30182.0,Dorian Lévêque,Guingamp,1225,613,423,278,35,131,0,0,8,3,1,0.5092246579999999,17,10,56,13,42,13,13,69,35,31,19,20,21.873169531029422,0.020586233357142856,14
30255.0,Mustapha Yatabaré,Montpellier,1447,468,336,83,48,33,1,6,33,15,4,6.0994103840000005,21,7,102,3,17,3,5,63,6,25,40,28,14.192452186061246,0.12698986047222222,27
30291.0,Atila Turan,Stade de Reims,755,338,228,142,45,78,0,3,12,3,2,0.9001660735,12,8,21,3,13,3,11,46,19,6,8,3,22.28299528001633,0.032098235850000004,10
30315.0,Moryké Fofana,Lorient,121,61,52,9,9,3,0,1,0,0,0,0.0,11,5,4,1,4,1,1,6,0,0,2,4,15.629706353331883,0.0,6
30338.0,André Biyogo Poko,Bordeaux,1936,899,623,353,89,141,1,16,23,3,0,1.6566503123,63,33,138,28,99,28,46,133,55,55,47,27,18.931789446057984,0.03297758813733333,25
30447.0,Jean-Armel Kana-Biyik,Toulouse,1487,677,578,266,20,130,0,5,9,2,2,0.9253386469999998,6,4,47,5,18,5,18,57,90,17,12,17,21.490268013480716,0.031787666277777765,18
31039.0,Yroundu Musavu-King,Lorient,185,67,53,24,0,8,0,0,0,0,0,0.0,3,3,3,1,2,1,8,8,11,6,2,2,20.43304839174469,0.0,2
31174.0,Jean-Daniel Akpa Akpro,Toulouse,2612,1147,839,346,106,123,4,18,20,6,1,1.2426504442,67,38,204,40,132,40,41,174,42,79,67,50,17.25753472022934,0.029986800390322577,31
31625.0,Johan Martial,Troyes,569,228,173,117,0,47,0,1,1,0,0,0.06320845,5,3,33,4,19,4,13,30,41,16,6,1,23.769781094784367,0.009029778571428572,7
31681.0,Olivier Veigneau,Nantes,170,109,76,52,10,20,0,2,0,0,0,0.0,3,2,10,1,5,1,3,11,3,4,0,1,22.00543936565022,0.0,2
31687.0,Adryan Oliveira Tavares,Nantes,1420,613,415,162,134,131,2,26,29,13,3,2.44785689,70,33,82,12,41,12,6,87,5,20,14,40,19.8250984570295,0.05442764123043478,23
31711.0,Abdoulaye Sadio Diallo,Bastia,734,380,290,116,52,82,2,18,16,7,2,0.4250823066999999,30,15,46,6,12,6,6,60,10,15,19,30,20.09518374910028,0.012339759064999992,15
31911.0,Damjan Đoković,Gazélec Ajaccio,2368,1263,865,473,214,377,4,45,41,9,2,2.5288108425,7,4,85,14,46,14,20,128,52,46,64,19,23.857905064379263,0.030367641311616154,33
33178.0,Benjamin Moukandjo Bilé,Lorient,2266,696,494,174,98,98,2,20,57,26,13,10.8100852735,67,35,148,7,17,7,9,81,14,24,32,35,17.6529421785121,0.15402293140913978,31
34539.0,Hervin Scicchitano Ongenda,Paris Saint-Germain,354,273,235,41,24,31,1,5,5,3,1,0.673209749,5,2,8,0,2,0,3,18,0,13,5,10,17.380334251646016,0.12716194593333333,5
34565.0,Anthony Mounier,Montpellier,277,120,80,27,17,17,0,1,2,2,0,0.19230872300000001,14,6,7,1,5,1,7,19,1,5,1,6,17.136338650545028,0.06410290766666667,3
34762.0,Anthony Ribelin,Montpellier,57,23,16,3,2,2,0,1,0,0,0,0.0,1,0,2,0,0,0,0,3,0,2,1,0,13.321717497336197,0.0,1
34953.0,Denis Petrić,"Angers, Troyes",989,325,187,282,3,224,0,0,0,0,0,0.0,0,0,0,0,0,0,0,53,1,0,0,3,46.260052949501954,0.0,11
34976.0,Jean Carlos Francisco Deza Sánchez,Montpellier,181,65,47,12,9,10,0,0,4,1,0,0.1647529136,6,5,4,0,0,0,1,9,0,6,3,5,18.83471015926042,0.016475291359999998,5
36553.0,Matthieu Dreyer,Troyes,1286,446,293,390,2,281,0,1,0,0,0,0.0,0,0,0,0,0,0,0,75,1,0,0,2,41.72403968174148,0.0,14
38413.0,Vassiriki Abou Diaby,Marseille,135,93,79,31,2,9,0,1,0,0,0,0.0,7,7,4,0,2,0,2,12,1,1,3,1,18.998796270765965,0.0,3
40407.0,Steed Malbranque,Lyon,405,263,213,52,16,27,1,5,5,1,0,0.397076624,3,1,14,3,12,3,2,28,0,9,2,7,16.708246982061763,0.03412306877777778,9
40431.0,Aleksandar Pešić,Toulouse,628,135,82,25,26,6,1,4,14,3,2,1.314168067,5,2,52,1,5,1,1,20,2,13,13,16,13.595850111886595,0.0378828279625,20
40484.0,Vincent Enyeama,Lille,3148,1094,650,965,6,769,0,1,0,0,0,0.0,0,0,0,0,0,0,0,178,2,3,1,4,46.16581813823849,0.0,35
40485.0,Ryan Isaac Mendes da Graça,Lille,100,42,32,13,5,4,0,0,1,0,0,0.022938458,6,1,15,2,8,2,1,6,0,2,3,2,15.304638216708161,0.007646152666666666,3
40486.0,Éric Bauthéac,Lille,2212,992,657,258,183,188,1,27,54,12,2,4.207198258,56,23,104,21,57,21,21,128,24,39,40,31,18.96460662450679,0.06517111203086419,27
40509.0,Kermit Romeo Erasmus,Rennes,42,22,19,3,2,0,0,3,0,0,0,0.0,0,0,2,0,0,0,0,1,0,2,0,0,15.136918154088168,0.0,2
40517.0,Gilles Cioni,Bastia,1499,683,458,373,56,162,0,5,3,0,0,0.0395708674,4,3,52,4,21,4,27,49,42,26,16,9,24.185208164525125,0.0020826772315789472,19
40518.0,Abdoulaye Traoré,Bordeaux,370,225,192,56,4,35,0,1,1,0,0,0.004232188,2,2,10,3,9,3,5,25,2,2,7,7,18.165371739796075,0.0006045982857142857,7
40521.0,Franck Signorino,Stade de Reims,2625,1427,1057,579,71,167,2,10,1,0,0,0.016091244,27,13,99,8,51,8,34,116,118,80,29,36,18.174617753305377,0.0005548704827586207,29
40522.0,Rio Antonio Zoba Mavuba,Lille,2849,1445,1196,547,32,272,0,12,11,4,0,0.4643498595,24,12,107,21,65,21,32,187,25,48,26,65,20.66890466808189,0.011795397707142857,35
40523.0,Marko Baša,Lille,1354,633,559,261,16,145,0,1,15,3,0,1.215898837,5,2,23,4,12,4,15,62,67,26,15,25,21.717748785277525,0.04290706398888888,15
40524.0,Franck Béria,Lille,59,42,34,3,7,0,0,1,0,0,0,0.0,1,1,2,0,1,0,1,2,0,3,2,0,13.11585811777044,0.0,1
40526.0,François Pantxi Sirieix,Toulouse,80,50,34,22,6,9,2,1,0,0,0,0.0,1,0,4,0,1,0,0,2,0,1,1,2,19.594416446848403,0.0,4
40527.0,Brou Benjamin Angoua,Guingamp,1255,478,369,208,16,111,0,1,4,2,1,0.46279824999999997,1,1,45,7,24,7,18,45,77,21,22,5,23.481232757767767,0.0204960859375,16
40528.0,Florian Marange,Bastia,1636,950,701,443,48,193,1,3,2,0,0,0.038430068000000005,4,1,84,9,48,9,24,70,80,43,27,7,22.17765007686758,0.001746821272727273,22
40530.0,Jamel Saihi,Montpellier,616,409,335,168,15,58,0,8,7,2,0,0.255064039,11,6,33,6,19,6,16,48,8,10,15,4,19.229590864881413,0.019313262583333334,12
40531.0,Erwin Koffi,Lorient,92,61,47,27,1,9,0,1,0,0,0,0.0,0,0,5,1,2,1,3,5,2,0,0,0,19.678374465417832,0.0,1
40533.0,Cédric Carrasso,Bordeaux,1719,581,350,519,5,423,0,0,0,0,0,0.0,0,0,0,0,0,0,0,99,0,2,0,1,45.420104571089105,0.0,20
40536.0,Issiar Dia,Gazélec Ajaccio,356,120,80,31,14,14,0,3,6,0,0,0.390406554,14,9,18,1,4,1,0,17,0,0,2,8,17.802968739135693,0.0327405545,9
40641.0,Pavle Ninkov,Toulouse,529,266,187,122,31,69,1,3,1,0,0,0.03586977,6,1,29,4,19,4,10,34,17,12,8,3,23.58726067261994,0.00398553,9
40645.0,Laurent Pionnier,Montpellier,2198,682,383,630,11,510,0,2,0,0,0,0.0,1,1,1,0,1,0,0,127,1,1,1,4,49.066541852849916,0.0,25
40697.0,Mounir Obbadi,Lille,2367,1708,1441,600,101,294,4,48,31,6,1,2.261298926,37,27,99,14,74,14,34,179,23,54,51,29,19.87576113113967,0.041540749138888874,30
40698.0,Nicolas Seube,Caen,2190,811,631,364,18,138,1,10,15,1,0,0.6529438409999999,10,6,133,25,97,25,27,123,54,72,51,31,20.121338755936144,0.018191155489583333,32
40699.0,Sylvain Armand,Rennes,3043,1742,1435,916,66,523,1,12,14,4,1,2.410862464,15,14,93,11,57,11,56,197,163,56,24,18,25.807691400696864,0.031102276352941174,34
40700.0,Mamadou N''Diaye,Montpellier,146,83,68,21,3,12,1,1,2,0,0,0.050851088,3,2,5,1,4,1,2,8,7,4,2,0,17.19943908082131,0.004237590666666667,6
40701.0,Jordan Leborgne,Caen,678,240,174,102,18,51,1,7,8,5,0,0.3998364309999999,14,7,25,4,15,4,10,53,8,19,7,15,20.65734449487619,0.0146936251025641,13
41041.0,Jonathan Correia Da Fonseca,OGC Nice,238,159,138,33,6,14,0,0,0,0,0,0.0,5,4,8,0,5,0,5,8,6,8,2,2,18.013903646490586,0.0,4
41385.0,Ali Nadhoim Ahamada,Toulouse,538,122,61,109,3,93,0,0,0,0,0,0.0,0,0,0,0,0,0,0,32,0,0,0,0,47.99744930482982,0.0,6
42422.0,Dušan Veškovac,Troyes,1056,506,441,194,4,127,0,0,1,0,0,0.045604598,0,0,36,4,19,4,19,38,80,27,8,9,23.66488523883208,0.003800383166666667,12
42427.0,Simon Pouplin,OGC Nice,35,15,7,14,0,13,0,0,0,0,0,0.0,0,0,0,0,0,0,0,3,0,0,0,0,50.53899071257034,0.0,1
42428.0,Jonathan Ligali,Montpellier,525,165,91,157,1,130,0,0,0,0,0,0.0,0,0,1,0,1,0,0,28,0,2,1,0,51.56920467878937,0.0,6
42430.0,Nicolas Maurice-Belay,Bordeaux,1299,780,625,194,77,77,2,15,11,3,1,0.5554417989999999,23,16,43,8,25,8,8,73,8,27,15,24,16.170142301392097,0.028909991558823525,17
43896.0,Thomas Henry,Nantes,34,6,4,3,0,0,0,0,0,0,0,0.0,1,0,3,0,0,0,0,2,0,1,2,2,18.289150622831286,0.0,2
44065.0,William Matheus da Silva,Toulouse,1281,649,455,277,63,96,1,7,0,0,0,0.0,15,7,58,7,34,7,12,64,43,31,14,27,18.792501802574865,0.0,14
44955.0,Aïssa Bilal Laïdouni,Angers,90,51,41,15,2,6,0,1,0,0,0,0.0,1,0,3,0,3,0,3,6,5,1,1,1,17.332297910656102,0.0,1
45415.0,Paul Guerin,Gazélec Ajaccio,140,48,21,44,1,42,0,0,0,0,0,0.0,0,0,0,0,0,0,0,8,0,0,0,0,58.52891951327,0.0,2
45685.0,Sébastien Antoine Luc Salles Lamonge,Rennes,117,98,76,24,12,19,0,3,3,1,0,0.395734703,3,1,6,0,1,0,1,5,0,0,5,2,20.247529622226306,0.13191156766666667,3
45688.0,Hamadou Karamoko,Lorient,268,86,72,37,1,20,0,0,0,0,0,0.0,0,0,9,3,7,3,4,11,10,4,2,0,23.294131225389105,0.0,3
46801.0,Jaba Kankava,Stade de Reims,2397,1219,994,432,48,189,1,14,11,4,0,0.47038966449999997,25,15,141,28,97,28,41,215,64,83,47,51,19.478447836916512,0.015548776435185185,27
90746.0,Alassane Touré,Gazélec Ajaccio,967,500,372,197,48,99,0,7,7,2,1,0.28780649599999997,23,16,49,14,39,14,17,62,18,20,26,21,21.385127059614547,0.012458615625,12
91209.0,Franck Hery,Guingamp,272,119,96,58,1,41,0,0,0,0,0,0.0,0,0,5,1,3,1,6,19,12,7,1,6,26.839994563532105,0.0,3
95699.0,Alexi Peuget,Stade de Reims,681,399,307,132,22,82,0,4,6,2,0,0.21843522299999998,4,3,43,3,28,3,12,40,16,25,18,11,21.2348549552227,0.019857747545454545,11
106664.0,Sibiri Alain Traoré,Lorient,32,21,13,7,4,4,0,1,0,0,0,0.0,0,0,1,0,0,0,1,3,0,0,0,3,19.294008299434715,0.0,2
106683.0,Saïdi Ntibazonkiza,Caen,602,160,103,51,23,23,0,10,21,7,1,1.6857340499999998,27,12,25,5,17,5,5,46,2,22,12,18,17.230261048123687,0.04871761221666665,12
131849.0,Antoine Conte,Stade de Reims,940,484,379,225,21,93,0,2,9,2,0,0.260906515,6,3,26,7,18,7,12,64,37,19,12,4,21.75671860589787,0.015018245954545454,11
134561.0,Wallyson Teixeira Mallmann,OGC Nice,763,499,409,117,25,75,2,7,15,5,0,0.8957522738999999,18,10,34,7,14,7,6,54,7,20,21,24,18.34939489630917,0.027144721056249998,16
141742.0,Youssef Ben Ali,Toulouse,14,13,10,2,3,1,0,0,0,0,0,0.0,1,1,1,0,0,0,0,3,0,0,0,0,13.891697446375368,0.0,1
146696.0,Paulin Puel,OGC Nice,178,53,36,9,4,5,0,1,2,1,0,0.067569857,5,0,6,2,3,2,2,3,0,2,1,0,14.589636269686396,0.005630821416666667,6
148132.0,Quentin Othon,Troyes,605,351,269,147,19,65,0,1,3,1,1,0.0472800845,0,0,32,3,24,3,10,20,20,9,2,1,20.921642057178456,0.0035451846875,8
170152.0,Mahamadou Bamba N''Diaye,Troyes,18,2,2,1,0,1,0,0,0,0,0,0.0,0,0,2,0,0,0,0,0,2,0,0,0,27.16685446191222,0.0,1
175093.0,Hicham M''Laab,Nantes,18,11,9,1,2,2,0,0,0,0,0,0.0,1,0,1,0,1,0,0,0,1,1,0,2,16.47385668742584,0.0,1
310534.0,Louis Poggi,Gazélec Ajaccio,710,150,85,52,30,36,1,2,10,3,0,0.881059503,6,3,33,0,13,0,7,28,12,19,5,6,21.48696863284619,0.03116756325,13
351521.0,Ezequiel Iván Lavezzi,Paris Saint-Germain,420,233,183,46,41,30,0,8,12,6,2,1.202188985,6,2,16,4,10,4,1,14,0,2,6,11,16.703647022530806,0.07302639225,12
388167.0,Mohamed Ilyes Salah Chaïbi,AS Monaco,13,4,4,0,0,0,0,0,0,0,0,0.0,0,0,1,0,0,0,0,0,0,1,0,0,11.654034632963416,0.0,1
401194.0,François Modesto,Bastia,2396,1004,750,530,30,357,0,6,8,1,0,0.43473512299999995,5,2,106,13,45,13,41,91,150,54,31,11,26.97222220823545,0.011966822089285714,28
401453.0,"David N""Gog",Stade de Reims,788,222,147,37,22,23,0,8,19,12,3,3.2450208459999996,17,9,75,3,12,3,2,24,5,12,22,18,14.121119161630684,0.11721304762051281,13
401453.0,David N'Gog,Stade de Reims,76,16,8,4,2,2,0,0,2,0,0,0.109431543,2,0,8,0,1,0,0,3,0,0,1,2,16.417102872923596,0.0547157715,1
401454.0,Kossi Agassa,Stade de Reims,914,336,218,306,4,240,0,0,0,0,0,0.0,0,0,0,0,0,0,0,50,1,0,0,2,47.7898299437285,0.0,11
401455.0,Mohamed Fofana,Stade de Reims,1000,378,323,147,3,80,1,0,3,1,0,0.487096861,3,1,35,2,13,2,22,37,66,17,8,4,21.925742498775108,0.04059140508333333,12
401467.0,Florent Chaigneau,Lorient,175,61,30,55,4,48,0,0,0,0,0,0.0,0,0,0,0,0,0,0,14,0,0,0,0,52.09859537499584,0.0,2
401468.0,Moustapha Bayal Sall,Saint-Étienne,2300,1207,971,571,48,391,0,3,14,5,3,1.7726977443999998,8,5,84,14,57,14,18,154,173,43,39,21,26.496962150773065,0.045350574846296295,27
401470.0,Fabien Camus,Troyes,2341,1174,828,326,207,247,1,40,65,21,5,4.489198002999999,51,25,84,14,40,14,23,128,6,31,28,24,20.02577340377813,0.05330336359558822,34
401471.0,Henri Bienvenu Ntsama,Troyes,182,34,26,5,3,2,0,0,3,0,0,0.390321643,1,0,16,0,0,0,0,5,0,0,2,0,12.674085865428898,0.06505360716666667,6
401472.0,Carlos Eduardo de Castro Lourenço,Troyes,637,285,234,130,7,78,0,2,3,2,0,0.220577044,6,5,24,3,21,3,21,35,22,13,7,11,23.85100297458843,0.019460502428571426,7
401474.0,Kévin Gomis,OGC Nice,175,126,110,45,6,22,0,2,0,0,0,0.0,1,1,10,1,7,1,0,6,3,2,2,0,19.236291976212488,0.0,3
401476.0,Paolo De Ceglie,Marseille,306,152,117,45,12,16,0,3,3,1,0,0.191318832,4,2,12,2,8,2,6,15,5,6,6,6,15.71840946285477,0.029997629199999997,5
401477.0,Johan Audel,Nantes,1321,523,351,149,91,79,3,10,32,11,2,2.794927058,27,9,84,7,33,7,4,62,13,25,27,19,17.21863351998911,0.04856697083095237,28
401478.0,Rémi Gomis,Nantes,1213,683,591,199,15,93,0,4,5,1,0,0.5438000080000001,3,1,52,6,36,6,16,69,21,13,26,10,17.859768015851937,0.0225868246875,16
401479.0,Calvin Anele Ngcongca,Troyes,1719,699,581,259,11,159,0,5,4,1,0,0.32521509800000004,2,2,48,4,20,4,30,45,101,28,8,8,22.249629554203953,0.0162607549,20
401481.0,Slimane Sissoko,Angers,322,91,60,16,7,5,1,4,13,4,0,1.2038995254,4,3,23,1,5,1,1,20,2,10,13,7,14.073776587918658,0.04796546843,10
401482.0,Gaël Angoula,Angers,1038,556,408,264,26,106,0,7,2,0,0,0.037339038,5,3,53,5,36,5,25,50,32,24,16,22,21.133535108549697,0.002872233692307692,13
401483.0,Olivier Auriac,Angers,412,213,181,81,7,36,0,3,2,1,0,0.140704436,4,1,15,2,11,2,5,28,11,7,9,4,20.34028573440314,0.011725369666666666,12
401484.0,Charles Diers,Angers,489,187,140,67,14,34,0,4,7,2,1,0.449523654,9,5,14,1,7,1,6,38,8,12,2,8,18.782116485060577,0.032189651,13
401488.0,Odaïr Junior Lopes Fortes,Stade de Reims,490,238,167,59,28,18,0,7,7,0,0,0.5913050519999999,27,13,22,3,10,3,4,27,4,11,7,5,16.810206717971564,0.03233172395238095,14
401489.0,Jussiê Ferreira Vieira,Bordeaux,460,205,170,49,16,18,0,6,2,0,0,0.21580306700000002,10,5,13,0,1,0,3,19,2,6,8,11,17.55929062957106,0.016600235923076925,13
401491.0,Yassine Jebbour,Bastia,178,67,48,31,1,14,0,0,0,0,0,0.0,0,0,8,1,4,1,0,6,7,6,4,0,21.54688639805362,0.0,3
401505.0,Jacques Zoua Daogari,Gazélec Ajaccio,2318,764,588,123,69,52,3,31,48,18,4,4.6231518754,45,21,149,1,4,1,3,103,10,23,32,44,14.741858897537453,0.08359963916999999,30
401506.0,Grégory Pujol,Gazélec Ajaccio,1163,327,230,70,34,26,0,10,27,12,5,2.455424704,14,7,81,2,12,2,4,54,13,26,31,9,15.660201940343146,0.08543954193518519,18
401507.0,Jérôme Le Moigne,Gazélec Ajaccio,2405,1216,976,456,32,235,1,9,13,2,0,0.5634967184999999,13,8,92,12,50,12,42,135,72,53,53,23,21.2096149240815,0.012926778791666668,30
401508.0,Clément Maury,Gazélec Ajaccio,3012,1271,753,1180,29,980,1,1,0,0,0,0.0,2,1,0,0,0,0,0,246,1,1,0,4,50.99744931935169,0.0,33
401509.0,David Ducourtioux,Gazélec Ajaccio,2634,1530,1117,658,148,395,2,27,30,5,0,0.9261467746000001,30,14,115,19,83,19,29,189,43,42,62,42,22.78674384865604,0.0161703086453125,32
401512.0,Lionel Mathis,Guingamp,1415,773,622,305,27,127,1,6,11,2,0,0.5098399869999999,2,2,70,12,46,12,15,69,40,25,34,31,20.143428852105913,0.02072273557894736,19
401513.0,Reynald Lemaître,Guingamp,458,221,131,132,17,60,0,0,1,0,0,0.13868155,3,1,21,2,17,2,5,14,17,15,5,3,22.302681273958765,0.023113591666666666,6
401524.0,Maxime Baca,Guingamp,179,74,51,38,7,18,0,2,0,0,0,0.0,0,0,6,3,5,3,6,6,12,7,1,4,23.133130877116,0.0,2
401525.0,Julien Cardy,Guingamp,538,248,177,90,18,48,0,2,5,1,0,0.7726060177,1,0,28,2,20,2,10,31,13,10,13,8,20.234251589648252,0.05728624941153847,13
401528.0,Mahamane El-Hadj Traoré,OGC Nice,426,263,230,54,9,18,2,2,8,2,2,2.019158452,6,3,21,1,9,1,5,19,8,4,10,7,14.981666137617252,0.14042216788888887,12
401541.0,Evaeverson Lemos da Silva Brandão,Bastia,1795,445,238,122,57,20,2,7,26,7,2,2.716305362,12,3,193,5,14,5,2,56,11,32,52,41,14.120026552512044,0.07899421080133333,25
401542.0,Goran Karanović,Angers,328,76,56,11,9,4,0,4,5,4,1,0.87020031,3,2,18,1,2,1,1,9,1,5,6,4,14.290980298997903,0.040390504090909086,11
401603.0,Erin Jorge Gomes Pinheiro,Saint-Étienne,19,5,3,2,0,0,0,0,1,0,0,0.018673299,1,0,0,0,0,0,1,1,0,2,1,0,15.424579779669935,0.018673299,1
401775.0,Hugo Rodriguez,Stade de Reims,173,53,40,13,4,6,0,1,1,1,0,0.030896418,4,2,7,0,5,0,1,5,2,1,3,3,16.38036386804745,0.010298805999999999,3
402967.0,Julien Romain,Bastia,172,44,28,13,6,6,0,1,2,2,2,0.43051004,2,0,23,0,2,0,1,7,1,3,5,1,16.770025126536403,0.086102008,5
403155.0,Mohamed Amine Chermiti,Gazélec Ajaccio,267,81,58,13,7,11,0,1,6,2,0,0.678529206,0,0,20,0,7,0,0,9,0,5,4,3,15.548180828910864,0.03690473241666667,6
403310.0,Ilias Hassani,Bordeaux,18,6,5,3,0,2,0,0,0,0,0,0.0,0,0,3,0,2,0,0,3,3,1,0,0,25.351068303246123,0.0,1
403377.0,Stéphan Raheriharimanana,OGC Nice,71,48,39,11,0,9,0,1,0,0,0,0.0,1,0,2,0,2,0,1,5,1,2,1,2,15.805517551698424,0.0,2
403392.0,Diego Gómez,Angers,28,14,8,9,1,2,0,0,0,0,0,0.0,1,1,1,0,1,0,0,2,0,1,0,0,18.19948430150703,0.0,1
